case_id,bank_rrn_match_true,delivery_otp_verified_true,ip_geo_match_true,sim_swap_flag_48h_true,transaction_record_match_true,post_dispute_activity_true,account_pattern_consistent_true,base_win_prob,noisy_win_prob,merchant_representment_won
CB_IN_2026_03980,False,True,True,False,True,True,True,0.55,0.502975021251833,0
CB_IN_2026_09023,True,True,True,True,True,False,True,0.18,0.2777973293315199,0
CB_IN_2026_02317,True,True,False,False,True,False,False,0.08,0.02,0
CB_IN_2026_07937,True,True,True,False,False,False,True,0.85,0.902186500970299,0
CB_IN_2026_03080,True,True,False,False,True,True,False,0.08,0.16503394309137046,0
CB_IN_2026_02832,True,False,True,False,True,True,True,0.1,0.22508610636070078,0
CB_IN_2026_07057,False,True,True,False,True,False,True,0.18,0.13262088465091582,0
CB_IN_2026_06765,True,True,False,False,True,True,False,0.08,0.24112550954392908,0
CB_IN_2026_08109,False,True,True,False,True,False,True,0.03,0.02,0
CB_IN_2026_05255,False,True,True,False,True,False,True,0.18,0.20490644981392464,0
CB_IN_2026_02644,True,True,True,False,False,False,True,0.85,0.8750009013412473,1
CB_IN_2026_00492,True,True,True,False,True,True,True,0.25,0.3027549272998732,0
CB_IN_2026_04952,True,True,True,False,True,False,True,0.9,0.8596060055750807,1
CB_IN_2026_00084,False,True,False,False,True,False,False,0.08,0.24667954523834956,0
CB_IN_2026_08112,True,True,False,False,False,False,True,0.25,0.3540405016051125,1
CB_IN_2026_01641,True,False,True,False,True,True,True,0.9,0.8331153912173183,1
CB_IN_2026_08336,True,True,True,False,True,False,True,0.9,0.98,1
CB_IN_2026_05987,True,True,True,False,False,True,True,0.85,0.6893161809467009,0
CB_IN_2026_01802,True,True,True,False,True,False,True,0.85,0.8923859273700425,1
CB_IN_2026_09684,True,True,True,False,True,False,True,0.55,0.5851270254414692,0
CB_IN_2026_00355,False,True,False,False,True,True,False,0.08,0.0388555817035642,0
CB_IN_2026_01122,True,False,True,True,True,False,True,0.1,0.17815616405821122,0
CB_IN_2026_06943,True,True,True,False,True,True,True,0.85,0.8150593552437558,0
CB_IN_2026_01279,True,False,True,False,True,False,True,0.9,0.8587825824773743,1
CB_IN_2026_08918,True,True,True,False,False,True,True,0.92,0.7986687600705794,1
CB_IN_2026_00292,True,True,True,False,True,False,True,0.85,0.8498924270793863,1
CB_IN_2026_02696,False,True,True,False,False,True,True,0.55,0.5400081913442322,1
CB_IN_2026_05622,True,False,True,False,False,False,True,0.15,0.1395301672874591,0
CB_IN_2026_07259,True,True,True,False,True,True,True,0.9,0.9285317154185188,1
CB_IN_2026_05846,False,False,False,False,True,True,True,0.9,0.793174512641243,1
CB_IN_2026_05824,True,True,False,False,True,False,False,0.08,0.1052175726628905,0
CB_IN_2026_04609,True,True,False,False,True,False,False,0.9,0.8742365745627154,1
CB_IN_2026_02055,True,True,True,False,True,True,True,0.92,0.8899179789152398,1
CB_IN_2026_06298,True,False,True,False,True,False,True,0.3,0.28259034354610557,0
CB_IN_2026_02873,False,True,True,False,True,False,True,0.55,0.4963131867033273,1
CB_IN_2026_00479,True,True,True,False,True,False,True,0.85,0.8683689834478254,1
CB_IN_2026_02867,True,True,True,False,False,True,True,0.55,0.5361511180353513,0
CB_IN_2026_00035,True,False,True,False,True,False,True,0.1,0.08818147034630282,0
CB_IN_2026_04933,True,False,True,False,True,True,True,0.1,0.18106389189514743,1
CB_IN_2026_02712,True,True,True,False,True,False,True,0.92,0.98,1
CB_IN_2026_07747,True,True,False,False,True,False,False,0.08,0.07604787781260586,0
CB_IN_2026_07755,True,False,True,False,True,False,True,0.1,0.14594799890479537,0
CB_IN_2026_09555,True,True,False,False,True,False,False,0.3,0.39268158850209844,0
CB_IN_2026_03125,True,True,False,False,False,True,False,0.08,0.02,0
CB_IN_2026_08911,True,False,True,False,True,False,True,0.3,0.28060412962741665,0
CB_IN_2026_04002,True,True,True,False,True,False,True,0.92,0.9435286913729348,1
CB_IN_2026_09696,True,False,True,False,True,False,True,0.92,0.9186266435862591,0
CB_IN_2026_07921,True,False,True,False,True,True,True,0.88,0.9595589269897016,1
CB_IN_2026_06786,True,True,True,False,False,False,True,0.85,0.8588400535288195,1
CB_IN_2026_02625,True,True,False,False,True,False,False,0.08,0.07240286507929033,0
CB_IN_2026_02875,True,False,True,False,True,True,True,0.1,0.02,0
CB_IN_2026_05470,True,True,True,False,True,False,True,0.55,0.5868337820331081,1
CB_IN_2026_04504,False,False,False,False,False,False,False,0.08,0.07916761088236043,1
CB_IN_2026_02094,True,True,True,False,False,True,True,0.92,0.9255652285771506,1
CB_IN_2026_01578,True,False,False,False,False,True,True,0.92,0.8129482805221429,1
CB_IN_2026_07056,True,False,True,False,True,False,True,0.1,0.05989107888640756,0
CB_IN_2026_07525,True,False,True,False,True,False,True,0.3,0.27401059532765937,1
CB_IN_2026_09821,True,False,False,False,True,True,True,0.1,0.14368042812688625,0
CB_IN_2026_05297,True,True,False,False,True,True,False,0.08,0.03130863783201306,0
CB_IN_2026_01263,True,True,True,False,True,True,True,0.85,0.9235390627530524,1
CB_IN_2026_05502,True,False,True,False,False,False,True,0.1,0.19328874290221432,0
CB_IN_2026_01360,True,False,True,False,False,False,True,0.1,0.02,0
CB_IN_2026_08921,True,True,True,False,True,False,True,0.55,0.5912838352742776,1
CB_IN_2026_02989,True,False,False,False,False,False,False,0.03,0.0606307652144498,0
CB_IN_2026_01589,False,True,False,False,True,False,True,0.05,0.02,0
CB_IN_2026_04787,True,True,True,False,True,True,True,0.92,0.9141157646185255,1
CB_IN_2026_00880,False,False,True,False,True,True,True,0.1,0.02,0
CB_IN_2026_05135,True,True,True,False,False,False,True,0.55,0.4542406545470717,1
CB_IN_2026_05528,True,True,True,False,True,True,True,0.92,0.8591825265948589,1
CB_IN_2026_02439,True,True,False,False,True,False,False,0.08,0.15482775415182878,0
CB_IN_2026_04689,True,True,True,False,True,False,True,0.85,0.8287742254773826,0
CB_IN_2026_01677,False,False,False,False,True,False,True,0.05,0.02,0
CB_IN_2026_06292,True,True,True,False,True,False,True,0.9,0.98,1
CB_IN_2026_06805,True,False,True,False,True,True,True,0.9,0.9795847900417638,1
CB_IN_2026_08725,True,True,False,False,True,True,True,0.85,0.7953317717619078,1
CB_IN_2026_02734,True,False,True,False,True,False,True,0.25,0.31576178778254743,0
CB_IN_2026_04379,True,True,False,False,False,False,True,0.25,0.20432858826142272,1
CB_IN_2026_02822,True,True,False,False,True,False,False,0.08,0.08381973534695532,1
CB_IN_2026_03314,True,True,True,False,True,False,True,0.3,0.38400786141996746,1
CB_IN_2026_00733,False,True,True,False,True,True,True,0.05,0.02,0
CB_IN_2026_05814,True,False,True,False,True,False,True,0.1,0.11572430437353468,0
CB_IN_2026_08231,True,True,True,False,True,False,True,0.3,0.22779063834522814,0
CB_IN_2026_04864,True,False,True,False,True,False,True,0.9,0.881460682737979,1
CB_IN_2026_07609,True,True,True,False,False,True,True,0.85,0.9280488084126386,1
CB_IN_2026_00068,True,False,True,False,True,False,True,0.3,0.2637521072505161,0
CB_IN_2026_07032,True,True,True,False,False,True,True,0.85,0.8946390287490797,1
CB_IN_2026_07080,False,False,True,False,True,False,True,0.1,0.10261903821529325,0
CB_IN_2026_07995,True,True,False,False,False,False,True,0.92,0.9590133816881011,1
CB_IN_2026_06662,True,False,True,False,False,True,True,0.75,0.829065014128189,1
CB_IN_2026_04989,True,False,True,False,True,False,True,0.2,0.14222260221111127,0
CB_IN_2026_05857,True,False,True,False,True,False,True,0.1,0.24948236067273513,0
CB_IN_2026_09801,True,False,True,False,True,False,True,0.55,0.6428617416720448,1
CB_IN_2026_03327,True,True,True,False,False,True,True,0.85,0.7611138517905388,0
CB_IN_2026_09854,True,True,True,False,True,False,True,0.55,0.5973187167605274,1
CB_IN_2026_04305,True,True,False,False,True,True,False,0.92,0.98,1
CB_IN_2026_00504,True,True,False,False,True,True,True,0.9,0.98,1
CB_IN_2026_09925,True,True,False,False,True,True,True,0.92,0.98,1
CB_IN_2026_01981,True,True,False,False,True,False,False,0.08,0.045124350776187164,0
CB_IN_2026_04312,True,True,True,False,True,False,True,0.92,0.9677333782529579,1
CB_IN_2026_06376,True,True,True,False,True,True,True,0.55,0.547129753464032,0
CB_IN_2026_08889,False,False,False,False,True,False,False,0.08,0.0938470054344855,0
CB_IN_2026_01904,True,True,True,False,False,False,True,0.1,0.10992670414474562,0
CB_IN_2026_09232,True,True,False,False,True,True,True,0.85,0.675667268459458,1
CB_IN_2026_00125,True,True,True,False,True,False,True,0.9,0.8567410170465815,1
CB_IN_2026_02140,True,True,True,False,True,False,True,0.92,0.9020662504184004,1
CB_IN_2026_01165,True,False,True,False,False,True,True,0.92,0.9234220187289556,1
CB_IN_2026_02842,True,False,True,False,True,False,True,0.1,0.07363055512542674,0
CB_IN_2026_03016,True,False,True,False,True,False,True,0.9,0.8203533489539455,1
CB_IN_2026_07436,False,True,True,False,True,False,True,0.85,0.8337776791757016,1
CB_IN_2026_03489,True,False,True,False,True,True,True,0.1,0.09617974392673473,0
CB_IN_2026_02655,True,False,True,False,True,False,True,0.25,0.31411714817619263,1
CB_IN_2026_00347,False,True,True,False,True,False,True,0.18,0.17715146032835888,0
CB_IN_2026_08544,True,True,True,False,True,False,True,0.85,0.791369825937355,1
CB_IN_2026_04620,True,False,False,False,True,False,True,0.2,0.1676478161368195,0
CB_IN_2026_02763,True,True,True,False,True,False,True,0.92,0.98,1
CB_IN_2026_04600,True,True,False,False,False,False,False,0.08,0.06949676913028444,0
CB_IN_2026_00340,True,True,True,False,False,False,True,0.55,0.4675956698280117,0
CB_IN_2026_02596,False,True,False,False,False,True,True,0.05,0.07578221480211546,0
CB_IN_2026_05181,True,True,False,False,False,True,False,0.08,0.08222866457454574,1
CB_IN_2026_07203,True,False,True,False,True,False,True,0.1,0.02,0
CB_IN_2026_05527,True,True,True,False,True,False,True,0.9,0.8899133002742384,0
CB_IN_2026_09038,True,False,False,False,True,True,True,0.88,0.8104983879624972,0
CB_IN_2026_09915,True,False,True,False,True,True,True,0.9,0.98,1
CB_IN_2026_03216,True,True,True,False,False,False,True,0.85,0.941369556716134,1
CB_IN_2026_03901,True,True,True,False,True,False,True,0.9,0.9623415114071849,1
CB_IN_2026_00151,True,True,True,False,True,True,False,0.08,0.17362456935769272,0
CB_IN_2026_04584,True,True,True,False,True,False,True,0.9,0.9640477104220166,1
CB_IN_2026_08985,False,True,False,False,True,False,False,0.05,0.1557303921450081,1
CB_IN_2026_02866,True,True,True,False,True,True,True,0.85,0.8676818145471168,1
CB_IN_2026_05893,False,False,True,False,True,False,True,0.3,0.27543969433742516,0
CB_IN_2026_06708,True,False,True,False,True,True,True,0.92,0.9629937827821918,1
CB_IN_2026_04804,True,False,False,False,True,True,False,0.08,0.10305674321991502,0
CB_IN_2026_00793,True,True,False,False,False,False,False,0.03,0.030524618055025564,0
CB_IN_2026_07189,True,True,True,False,True,False,True,0.55,0.5757507533799885,0
CB_IN_2026_01997,True,True,False,False,True,True,True,0.85,0.8743445653185468,1
CB_IN_2026_02024,True,True,True,False,True,False,True,0.85,0.9500558090780853,1
CB_IN_2026_09009,True,True,False,False,False,False,False,0.08,0.21239221876362224,0
CB_IN_2026_01068,True,False,True,False,False,True,True,0.92,0.8997194842041132,1
CB_IN_2026_08766,True,False,False,False,False,True,False,0.92,0.98,0
CB_IN_2026_00298,True,True,True,False,True,False,True,0.55,0.6993851579791328,0
CB_IN_2026_07159,True,True,False,False,True,False,True,0.85,0.8779852915319731,1
CB_IN_2026_01070,True,False,False,False,True,False,False,0.08,0.07833728331481071,0
CB_IN_2026_04333,True,False,False,False,True,False,False,0.08,0.14580302927997943,0
CB_IN_2026_02200,False,False,False,False,True,False,True,0.1,0.06408715223275355,0
CB_IN_2026_07617,False,True,True,False,False,True,True,0.92,0.9333102945125304,1
CB_IN_2026_04398,True,False,False,False,False,True,True,0.1,0.11303746020833477,0
CB_IN_2026_00960,True,True,True,False,True,False,True,0.85,0.7825609384125454,1
CB_IN_2026_01351,True,True,True,False,False,False,True,0.03,0.07812106687047943,0
CB_IN_2026_03778,False,True,False,False,True,True,True,0.9,0.9594620091143599,1
CB_IN_2026_04670,True,False,True,False,False,False,True,0.3,0.18729002287949853,0
CB_IN_2026_02753,True,True,True,False,False,False,False,0.08,0.12330787821552427,0
CB_IN_2026_04648,True,False,True,False,True,False,True,0.9,0.889525413711184,1
CB_IN_2026_00388,True,False,True,False,True,True,True,0.2,0.2868839078043083,0
CB_IN_2026_08196,True,False,True,False,True,False,True,0.9,0.98,1
CB_IN_2026_07724,True,False,True,False,True,True,True,0.9,0.9188098463879701,1
CB_IN_2026_02361,True,True,True,False,False,False,True,0.85,0.8626640223801987,1
CB_IN_2026_09336,True,False,True,False,False,True,True,0.92,0.9463670780774088,1
CB_IN_2026_05120,True,True,True,False,True,False,True,0.3,0.39705032938581336,0
CB_IN_2026_09506,True,True,True,False,True,True,True,0.9,0.8773502507432196,1
CB_IN_2026_05825,True,True,True,False,True,False,True,0.55,0.5996103052529215,1
CB_IN_2026_08028,True,False,True,False,False,False,False,0.15,0.10294038527179589,0
CB_IN_2026_09337,True,False,True,False,True,True,True,0.92,0.7245550996435578,1
CB_IN_2026_02735,True,False,True,False,True,False,True,0.1,0.09892703846295013,0
CB_IN_2026_02953,True,True,False,False,True,False,True,0.85,0.8485419681002863,1
CB_IN_2026_07201,True,True,True,False,True,True,True,0.9,0.8140507022030857,1
CB_IN_2026_05446,False,True,True,False,True,True,True,0.85,0.9461385503561871,1
CB_IN_2026_04514,True,False,True,False,True,True,True,0.1,0.16282358205440695,0
CB_IN_2026_04456,True,False,False,False,False,True,False,0.08,0.12580781039999772,0
CB_IN_2026_01141,True,True,True,False,True,True,True,0.88,0.836643619067445,0
CB_IN_2026_06710,True,True,False,False,True,False,True,0.9,0.9083077162692114,1
CB_IN_2026_02619,True,True,True,False,True,False,True,0.92,0.9437360764744692,1
CB_IN_2026_05811,False,False,True,False,False,True,True,0.55,0.5914498678135085,0
CB_IN_2026_04666,True,True,False,False,False,True,False,0.08,0.0364562927842212,0
CB_IN_2026_09545,True,False,False,False,True,False,False,0.08,0.04027113925866357,0
CB_IN_2026_07085,False,True,False,False,False,False,True,0.15,0.1468860564285691,0
CB_IN_2026_08400,True,False,False,False,True,False,False,0.9,0.9471576382247955,1
CB_IN_2026_03545,True,False,True,False,True,False,True,0.92,0.9380604047456261,1
CB_IN_2026_06273,True,False,True,False,True,True,True,0.92,0.8783641360814903,1
CB_IN_2026_09375,True,False,True,False,True,False,True,0.3,0.2717557734331763,0
CB_IN_2026_08415,True,True,True,False,True,False,True,0.75,0.7020336472216168,0
CB_IN_2026_05889,True,False,True,False,False,True,True,0.88,0.9751949984558907,1
CB_IN_2026_01345,False,True,True,False,False,True,True,0.88,0.8913575066203492,1
CB_IN_2026_01032,True,False,True,False,True,False,True,0.1,0.1640467625514071,0
CB_IN_2026_07162,False,False,True,False,False,False,True,0.3,0.22467121563898568,1
CB_IN_2026_08343,True,True,True,False,False,False,True,0.1,0.09300346774546671,0
CB_IN_2026_05261,False,False,True,False,True,False,True,0.9,0.8847924367809517,1
CB_IN_2026_03224,True,True,True,False,True,True,True,0.85,0.7071109386109581,1
CB_IN_2026_03567,True,False,True,False,False,False,True,0.1,0.07890474140900687,0
CB_IN_2026_00121,True,True,False,False,True,True,False,0.08,0.02,0
CB_IN_2026_05361,True,True,True,False,False,False,False,0.08,0.09453685089044314,0
CB_IN_2026_04023,True,False,True,False,True,True,True,0.03,0.02,0
CB_IN_2026_05983,True,False,True,False,True,True,True,0.92,0.9406490618112899,1
CB_IN_2026_01425,True,True,True,False,False,True,True,0.85,0.8686841803670207,1
CB_IN_2026_02482,True,False,False,False,False,False,True,0.25,0.3462301196313071,0
CB_IN_2026_03160,True,True,True,False,True,False,True,0.3,0.3667035449734918,1
CB_IN_2026_02426,True,False,True,False,True,True,True,0.1,0.11327892892514461,0
CB_IN_2026_04429,True,True,True,False,True,True,False,0.08,0.07782577904838457,0
CB_IN_2026_00621,True,False,True,False,True,False,True,0.1,0.144439068198884,0
CB_IN_2026_07997,True,False,True,False,True,True,True,0.9,0.9275734955472986,1
CB_IN_2026_06958,True,False,True,False,True,True,True,0.75,0.7970906389064227,0
CB_IN_2026_03566,True,False,True,False,True,False,True,0.55,0.5721942526394439,1
CB_IN_2026_01733,True,True,True,False,True,False,True,0.85,0.98,1
CB_IN_2026_00825,True,True,False,False,True,False,True,0.3,0.17430426645318864,0
CB_IN_2026_00338,True,True,True,False,True,False,True,0.85,0.8573521996210601,1
CB_IN_2026_05323,True,False,True,False,True,False,True,0.75,0.706040659258821,1
CB_IN_2026_01587,True,True,True,False,False,False,True,0.55,0.6034333929003819,0
CB_IN_2026_01805,True,False,True,True,False,True,False,0.03,0.058619047527177934,0
CB_IN_2026_04153,True,False,False,False,True,False,False,0.08,0.02,0
CB_IN_2026_03636,False,True,True,False,True,False,True,0.9,0.7548261109130772,0
CB_IN_2026_07856,True,False,True,False,False,False,True,0.3,0.2235267360446237,1
CB_IN_2026_01355,True,True,False,False,True,False,False,0.03,0.08856811827311842,0
CB_IN_2026_09518,True,True,False,False,False,False,False,0.08,0.14466514062715985,0
CB_IN_2026_04006,True,False,True,False,True,False,True,0.1,0.039774256336560315,0
CB_IN_2026_05114,True,True,True,False,True,True,False,0.08,0.02,0
CB_IN_2026_02149,True,True,False,False,True,False,False,0.03,0.08598926910402815,0
CB_IN_2026_04871,True,False,True,False,True,False,True,0.1,0.02,0
CB_IN_2026_03734,True,True,True,False,True,False,True,0.9,0.8766665808268596,0
CB_IN_2026_03219,True,False,False,False,True,True,False,0.1,0.18476281770361558,0
CB_IN_2026_01051,False,False,False,False,False,False,False,0.08,0.18601874411118352,0
CB_IN_2026_06823,True,True,False,True,False,False,False,0.03,0.02,0
CB_IN_2026_09210,True,True,True,False,False,False,True,0.55,0.4359610754348202,0
CB_IN_2026_06170,True,True,False,False,True,True,False,0.08,0.04195617625116972,0
CB_IN_2026_08564,True,False,True,False,False,True,False,0.08,0.07074415231602436,0
CB_IN_2026_03230,False,True,True,False,True,False,True,0.55,0.5425215223160788,0
CB_IN_2026_00344,True,True,True,False,True,True,True,0.2,0.14449759483357716,0
CB_IN_2026_08093,True,False,True,False,False,False,True,0.1,0.09572589741385804,0
CB_IN_2026_05131,True,True,True,False,False,True,True,0.12,0.1255374895551768,0
CB_IN_2026_09381,True,True,False,False,True,True,False,0.08,0.02,0
CB_IN_2026_02647,False,False,True,False,True,False,True,0.03,0.04528816534357605,0
CB_IN_2026_00619,True,True,False,False,True,False,False,0.08,0.07478284841065252,0
CB_IN_2026_04725,True,False,True,False,True,False,True,0.75,0.7137852938397864,1
CB_IN_2026_08719,True,True,True,False,True,True,True,0.88,0.8844638877242449,1
CB_IN_2026_03997,True,True,True,False,True,False,True,0.3,0.3426849185671258,1
CB_IN_2026_00689,True,False,False,False,True,True,False,0.08,0.05945561550883447,0
CB_IN_2026_00685,True,False,False,False,True,False,True,0.1,0.08382119590332598,0
CB_IN_2026_08676,True,False,True,False,False,True,True,0.12,0.11574047122391545,0
CB_IN_2026_09702,True,True,False,False,True,False,True,0.85,0.7384044876419849,0
CB_IN_2026_01443,True,True,True,False,True,False,True,0.85,0.7344584943962625,0
CB_IN_2026_04512,True,False,False,False,False,False,False,0.08,0.12242598166417487,0
CB_IN_2026_05513,True,False,True,False,True,False,True,0.9,0.847670830658729,1
CB_IN_2026_05190,True,True,True,False,False,False,True,0.12,0.02,0
CB_IN_2026_08645,True,False,True,False,True,True,True,0.92,0.9172573433557473,1
CB_IN_2026_00845,True,True,True,False,True,False,True,0.2,0.14349034739751843,1
CB_IN_2026_07853,True,False,True,False,True,True,True,0.1,0.23125166367241604,0
CB_IN_2026_00609,True,True,False,False,False,False,False,0.2,0.23172428135105808,0
CB_IN_2026_09874,True,True,False,False,False,True,False,0.08,0.04401108259153026,0
CB_IN_2026_08930,True,False,True,False,False,False,True,0.1,0.02,0
CB_IN_2026_02004,True,True,True,False,True,False,True,0.3,0.3549067223257934,1
CB_IN_2026_08517,True,True,False,False,False,False,False,0.85,0.98,1
CB_IN_2026_00464,True,False,False,False,True,False,False,0.08,0.04233052771486442,0
CB_IN_2026_05029,True,True,True,False,True,True,True,0.85,0.8890069305642659,0
CB_IN_2026_00922,True,True,True,False,True,False,True,0.85,0.865867183335385,1
CB_IN_2026_08067,True,True,True,False,False,False,True,0.92,0.9234357576687735,1
CB_IN_2026_09856,True,True,False,False,False,False,True,0.25,0.3073951564335437,1
CB_IN_2026_06720,True,False,False,False,True,True,False,0.1,0.15117810745944665,0
CB_IN_2026_05252,True,True,False,False,False,True,False,0.03,0.02,0
CB_IN_2026_01102,True,True,False,False,False,True,True,0.1,0.10088283640663966,0
CB_IN_2026_06412,True,True,True,False,True,False,True,0.9,0.9549349999891321,1
CB_IN_2026_01457,True,True,True,False,True,False,True,0.85,0.878746022823254,1
CB_IN_2026_09559,True,True,True,False,False,False,True,0.85,0.8929874324883003,1
CB_IN_2026_05583,True,True,True,False,True,False,True,0.3,0.32601507110411493,0
CB_IN_2026_04146,False,True,True,False,True,False,True,0.05,0.029610390939631907,0
CB_IN_2026_07441,True,True,True,False,True,True,True,0.92,0.9413703503663271,1
CB_IN_2026_09945,True,True,True,False,False,False,True,0.3,0.18465157532115573,0
CB_IN_2026_07752,True,True,False,False,False,True,True,0.92,0.98,0
CB_IN_2026_02955,False,False,True,False,True,True,True,0.9,0.8986589966126197,1
CB_IN_2026_06428,True,True,True,False,True,False,True,0.85,0.8215412061130121,1
CB_IN_2026_08108,True,True,True,False,False,False,True,0.85,0.7960938310448569,1
CB_IN_2026_09533,True,False,True,False,True,False,True,0.75,0.8425493989078111,0
CB_IN_2026_06882,False,False,True,False,False,False,True,0.1,0.09651300625034209,0
CB_IN_2026_03499,True,True,False,False,True,False,False,0.9,0.977953931526942,1
CB_IN_2026_06483,True,True,False,False,True,False,True,0.85,0.9211854977514075,0
CB_IN_2026_00414,True,True,True,False,False,False,True,0.18,0.10998952716987433,0
CB_IN_2026_05739,True,False,True,False,True,False,True,0.1,0.03899677255943435,0
CB_IN_2026_06005,True,False,False,False,True,False,False,0.08,0.02,0
CB_IN_2026_01864,True,True,True,False,False,False,True,0.15,0.10528574163795248,0
CB_IN_2026_05509,True,False,False,False,False,True,False,0.08,0.10898371814819698,0
CB_IN_2026_04526,True,False,True,False,True,False,True,0.1,0.10894268849461074,0
CB_IN_2026_06272,True,True,True,False,True,False,True,0.18,0.08161779752982015,0
CB_IN_2026_01534,True,True,True,False,False,True,True,0.85,0.9136855110084567,1
CB_IN_2026_05459,True,False,False,False,True,True,True,0.92,0.8290607242948154,1
CB_IN_2026_06247,True,True,True,False,True,False,True,0.92,0.8445926095578264,0
CB_IN_2026_03936,True,True,True,False,True,True,True,0.92,0.830430975554398,1
CB_IN_2026_02105,True,True,True,False,True,True,True,0.9,0.8721745119554155,1
CB_IN_2026_01640,True,False,True,False,False,False,True,0.12,0.15013190902168536,0
CB_IN_2026_02050,True,False,True,False,True,True,True,0.25,0.3375525603522726,0
CB_IN_2026_02035,True,False,True,False,True,False,True,0.3,0.4392719173801972,1
CB_IN_2026_02431,True,True,True,False,True,True,True,0.55,0.577958693410336,0
CB_IN_2026_05652,True,True,True,False,True,False,True,0.9,0.8005946949019056,1
CB_IN_2026_08114,True,True,False,False,True,False,False,0.08,0.06264294077918445,0
CB_IN_2026_02425,True,True,True,False,True,False,True,0.9,0.9300438556834261,1
CB_IN_2026_08410,True,True,True,False,True,False,True,0.3,0.36159068657347626,1
CB_IN_2026_06759,True,False,True,False,True,False,True,0.3,0.21280151434227793,0
CB_IN_2026_06021,False,True,False,False,True,True,False,0.05,0.06617805116309745,0
CB_IN_2026_00811,True,False,False,False,False,False,False,0.1,0.14236196618366126,0
CB_IN_2026_06454,True,True,False,False,True,True,False,0.08,0.08864382474210035,0
CB_IN_2026_07955,True,True,True,False,True,False,True,0.9,0.8912869310326808,1
CB_IN_2026_07233,True,True,True,False,True,True,True,0.9,0.9487845609020557,1
CB_IN_2026_01248,True,True,True,False,True,False,True,0.85,0.7982432154771621,1
CB_IN_2026_00995,True,True,True,True,True,False,True,0.85,0.752115710167966,1
CB_IN_2026_00585,True,False,True,False,True,False,True,0.1,0.1293896862288858,0
CB_IN_2026_00607,False,False,True,False,True,True,True,0.75,0.7339788791416121,1
CB_IN_2026_07952,True,False,False,False,True,False,False,0.08,0.07095044821121149,0
CB_IN_2026_07998,True,True,True,False,False,False,True,0.92,0.9721451020739341,1
CB_IN_2026_06578,True,False,False,False,False,True,False,0.08,0.17434437991646995,0
CB_IN_2026_07307,True,True,True,False,True,False,True,0.9,0.88331185639518,1
CB_IN_2026_08967,True,False,True,False,False,False,True,0.55,0.5675669358169678,1
CB_IN_2026_05340,True,True,False,False,True,False,True,0.9,0.9667184154575577,1
CB_IN_2026_05879,True,False,True,False,False,True,True,0.55,0.49645947969927484,0
CB_IN_2026_04042,True,True,True,False,True,False,True,0.92,0.98,1
CB_IN_2026_03196,True,False,False,False,False,False,False,0.12,0.22424851793829859,0
CB_IN_2026_03808,True,True,True,False,True,False,True,0.85,0.7064371438152034,0
CB_IN_2026_01261,False,False,False,False,False,False,True,0.1,0.1591767198932094,0
CB_IN_2026_08278,True,True,True,False,True,True,True,0.55,0.3775764484781827,0
CB_IN_2026_08813,True,False,True,False,True,False,True,0.55,0.4849165551397683,0
CB_IN_2026_05960,True,True,True,False,False,False,True,0.3,0.35186354190831176,1
CB_IN_2026_00208,True,False,False,False,True,False,False,0.08,0.13638425369942264,1
CB_IN_2026_08662,True,True,True,False,True,True,True,0.85,0.8533848362284503,1
CB_IN_2026_03463,True,True,False,False,True,False,True,0.9,0.8754019148502721,0
CB_IN_2026_08890,True,True,True,False,True,False,True,0.85,0.8445290851331915,1
CB_IN_2026_04467,True,False,True,False,True,True,True,0.75,0.9407155026736898,1
CB_IN_2026_02937,True,True,True,False,True,True,True,0.55,0.4890721690452614,1
CB_IN_2026_00142,False,True,True,False,True,False,True,0.18,0.2327771667632802,0
CB_IN_2026_04790,True,True,True,False,True,True,True,0.85,0.9055689192812331,1
CB_IN_2026_08996,True,True,False,False,True,True,False,0.08,0.11047208921040667,0
CB_IN_2026_06374,True,False,False,False,True,True,False,0.08,0.08404728624443614,0
CB_IN_2026_08363,True,True,False,False,True,True,False,0.08,0.15267004622663372,0
CB_IN_2026_09946,False,True,False,False,True,False,False,0.08,0.06429393979421451,0
CB_IN_2026_08760,False,False,False,False,True,True,False,0.08,0.030430269594740413,0
CB_IN_2026_08466,True,False,True,False,True,True,True,0.92,0.9590413290696629,1
CB_IN_2026_09717,True,False,True,False,True,False,True,0.9,0.936841803941875,1
CB_IN_2026_06643,False,True,True,False,True,False,True,0.3,0.4117010717908993,1
CB_IN_2026_04649,True,False,True,False,True,False,True,0.3,0.26440443161058025,1
CB_IN_2026_02420,False,True,True,False,True,False,False,0.9,0.9227509340769346,1
CB_IN_2026_09740,True,True,True,False,False,True,True,0.85,0.8824795364579849,1
CB_IN_2026_02857,False,True,True,False,True,False,True,0.05,0.03892509529955442,0
CB_IN_2026_04168,True,True,True,False,False,True,True,0.25,0.2315090514399739,0
CB_IN_2026_03262,True,True,False,False,True,False,True,0.92,0.8258486271073013,1
CB_IN_2026_04982,True,False,True,False,False,False,True,0.12,0.1629992504041139,0
CB_IN_2026_01831,True,False,False,False,True,False,True,0.9,0.8828996264578122,1
CB_IN_2026_07136,True,True,True,False,True,False,True,0.3,0.2933814566343186,0
CB_IN_2026_04420,True,True,False,False,True,True,True,0.88,0.7951443672139892,1
CB_IN_2026_04899,True,False,True,False,True,False,True,0.1,0.15606126713063884,0
CB_IN_2026_04943,False,True,False,False,True,True,True,0.85,0.98,1
CB_IN_2026_09449,True,False,True,False,False,False,True,0.55,0.46089172442888204,0
CB_IN_2026_05610,True,False,True,False,True,False,True,0.3,0.4496787516101465,1
CB_IN_2026_04557,True,True,True,False,True,False,False,0.3,0.2944612313205162,1
CB_IN_2026_04360,True,False,True,False,False,True,True,0.88,0.9764478695993555,1
CB_IN_2026_09401,True,True,True,False,True,False,True,0.3,0.2660727726626175,0
CB_IN_2026_01421,True,False,True,False,True,True,True,0.55,0.5877567681660765,0
CB_IN_2026_06175,True,True,True,False,True,False,True,0.85,0.8019105344216658,1
CB_IN_2026_05039,True,True,True,False,False,False,True,0.85,0.8133916625848938,1
CB_IN_2026_06147,True,True,True,False,True,True,True,0.92,0.9771188147643702,1
CB_IN_2026_02471,False,False,True,False,True,False,True,0.05,0.02,0
CB_IN_2026_09604,True,False,False,False,False,False,True,0.12,0.13114353905511483,0
CB_IN_2026_05435,True,False,False,False,True,False,False,0.08,0.02,0
CB_IN_2026_05368,False,False,True,False,False,True,True,0.55,0.3831186271041548,0
CB_IN_2026_04785,True,True,True,False,True,True,True,0.9,0.8885404461508619,1
CB_IN_2026_03565,True,True,False,False,True,True,True,0.85,0.98,1
CB_IN_2026_05999,False,False,True,False,True,True,True,0.75,0.7575913717580681,1
CB_IN_2026_05246,True,True,True,False,True,False,True,0.9,0.9509158365539422,1
CB_IN_2026_05821,True,True,False,False,True,True,True,0.2,0.1554416823538971,0
CB_IN_2026_05409,True,False,True,False,True,False,True,0.1,0.04898542380432428,0
CB_IN_2026_01419,True,True,True,False,True,True,True,0.92,0.98,1
CB_IN_2026_03716,False,True,True,False,False,False,True,0.3,0.3583554990265087,0
CB_IN_2026_08923,True,True,True,False,True,False,True,0.55,0.5364134494826387,1
CB_IN_2026_08291,False,False,True,False,True,False,True,0.1,0.04477005969455113,1
CB_IN_2026_03472,True,True,True,False,True,True,True,0.55,0.45748023939970206,0
CB_IN_2026_05750,True,False,True,False,False,False,True,0.1,0.02825564451938084,0
CB_IN_2026_00371,True,False,True,False,True,False,True,0.75,0.8306174184543265,1
CB_IN_2026_03607,True,True,True,False,True,True,True,0.92,0.9595956227858831,1
CB_IN_2026_04298,True,False,True,False,False,False,True,0.3,0.2736730380170394,0
CB_IN_2026_09554,True,False,True,False,True,True,True,0.88,0.9415866214238983,1
CB_IN_2026_02486,True,True,True,True,False,True,True,0.85,0.8432871714789636,1
CB_IN_2026_04088,True,True,True,False,True,False,False,0.08,0.02,0
CB_IN_2026_05452,True,True,True,False,True,False,True,0.9,0.939444493046697,0
CB_IN_2026_05010,True,False,True,False,False,True,True,0.03,0.02,0
CB_IN_2026_00437,True,False,True,False,True,True,True,0.92,0.8591540321650759,1
CB_IN_2026_08979,True,False,False,False,True,True,False,0.08,0.021647677702824643,0
CB_IN_2026_06968,True,True,False,False,True,False,False,0.9,0.98,1
CB_IN_2026_03963,True,True,False,False,True,False,False,0.08,0.17619249601947118,0
CB_IN_2026_04453,True,True,True,False,True,True,True,0.9,0.9728077143741667,1
CB_IN_2026_05959,True,False,True,False,True,True,True,0.55,0.5461616776774015,1
CB_IN_2026_09379,True,True,True,False,True,False,True,0.9,0.9040040803285595,0
CB_IN_2026_07048,True,False,True,False,True,True,True,0.92,0.9685814606587718,1
CB_IN_2026_07544,False,True,True,False,False,True,True,0.85,0.7854095299068464,1
CB_IN_2026_05274,True,True,True,False,True,False,True,0.85,0.6486052347689854,1
CB_IN_2026_04903,True,False,False,False,True,False,False,0.08,0.09030430746626074,0
CB_IN_2026_07861,True,True,True,False,True,False,True,0.55,0.5776397500375148,1
CB_IN_2026_04302,True,False,True,False,True,False,True,0.55,0.4677885120171635,1
CB_IN_2026_08488,True,False,False,False,True,False,False,0.9,0.867779703976154,1
CB_IN_2026_09000,True,True,True,False,True,True,True,0.85,0.7838421318137988,1
CB_IN_2026_05231,True,True,True,False,True,True,True,0.92,0.8188827788212988,1
CB_IN_2026_01690,True,False,False,False,False,False,False,0.08,0.027764049736470384,0
CB_IN_2026_04752,True,True,True,False,False,False,True,0.3,0.3363043115284156,0
CB_IN_2026_06639,True,True,True,False,True,False,True,0.9,0.8463877136865852,1
CB_IN_2026_04548,True,True,True,True,False,True,True,0.92,0.814984700547854,1
CB_IN_2026_01232,True,True,True,False,False,True,False,0.08,0.07116215253854288,1
CB_IN_2026_00109,True,True,True,False,True,True,True,0.55,0.5566693535967069,0
CB_IN_2026_08541,True,True,True,False,False,False,True,0.12,0.0990456822552745,0
CB_IN_2026_02742,True,True,False,False,True,True,False,0.92,0.9401502966503561,1
CB_IN_2026_01304,True,False,True,False,False,False,False,0.08,0.30140433726664545,1
CB_IN_2026_06715,True,True,True,False,True,False,True,0.18,0.12088444608532578,1
CB_IN_2026_02648,True,False,True,False,False,False,True,0.92,0.8690174065249522,0
CB_IN_2026_03643,True,True,True,False,True,True,True,0.92,0.956281427149663,1
CB_IN_2026_07974,False,True,True,False,True,False,True,0.3,0.3846497820254053,0
CB_IN_2026_00552,True,False,True,False,True,False,True,0.3,0.22513600003139356,0
CB_IN_2026_06629,True,True,False,False,True,True,False,0.08,0.02,0
CB_IN_2026_07288,True,False,False,False,True,True,False,0.9,0.8796635236187701,1
CB_IN_2026_07018,True,False,True,False,False,False,True,0.1,0.12380326518483106,0
CB_IN_2026_04851,False,False,True,False,False,False,True,0.1,0.09883020346312836,0
CB_IN_2026_05573,True,True,True,False,True,False,True,0.55,0.4687517793200205,0
CB_IN_2026_09198,True,True,True,False,False,True,True,0.92,0.98,1
CB_IN_2026_05043,True,False,True,False,False,False,True,0.92,0.8814134178961798,1
CB_IN_2026_06432,True,True,True,False,False,True,True,0.15,0.196544899893266,0
CB_IN_2026_09530,True,True,True,False,False,True,True,0.15,0.02866910986049305,0
CB_IN_2026_06347,True,False,False,False,True,False,False,0.08,0.2117119991576784,0
CB_IN_2026_09515,True,False,True,False,False,False,True,0.92,0.852759977002096,1
CB_IN_2026_01476,True,False,False,False,True,True,True,0.92,0.9500703834238029,1
CB_IN_2026_07740,True,True,True,False,True,False,True,0.85,0.98,1
CB_IN_2026_04777,False,True,True,False,True,False,False,0.08,0.10857543835654118,0
CB_IN_2026_06326,True,True,True,False,False,True,True,0.25,0.26649436217991695,1
CB_IN_2026_04997,True,False,False,False,False,False,False,0.08,0.1504696843091538,0
CB_IN_2026_04391,True,False,True,False,True,False,True,0.9,0.9792787485668112,1
CB_IN_2026_08955,True,False,True,False,True,False,True,0.2,0.22214806816953533,1
CB_IN_2026_07273,True,False,True,False,True,True,True,0.1,0.12783402702894978,1
CB_IN_2026_00921,True,False,False,False,True,True,True,0.92,0.9395460921663615,1
CB_IN_2026_08561,False,False,True,False,False,False,True,0.05,0.0364927687550487,0
CB_IN_2026_05684,False,True,True,False,True,False,True,0.9,0.8860868801226888,1
CB_IN_2026_05657,True,True,True,True,False,True,True,0.12,0.10540121613284088,0
CB_IN_2026_05386,True,False,True,False,True,True,True,0.55,0.6268669030254059,0
CB_IN_2026_09565,True,True,True,False,True,True,True,0.2,0.23392062386697723,1
CB_IN_2026_01368,True,True,True,False,True,False,True,0.85,0.9040412307955497,1
CB_IN_2026_03263,True,True,False,False,True,True,True,0.9,0.9623908862651189,1
CB_IN_2026_09575,True,False,False,False,True,False,False,0.08,0.13858274503864632,0
CB_IN_2026_03316,True,True,False,False,True,False,False,0.08,0.05636110548203602,0
CB_IN_2026_04661,True,True,True,False,True,True,True,0.9,0.8649225354128401,1
CB_IN_2026_00669,True,True,False,False,True,False,False,0.08,0.02,0
CB_IN_2026_05490,True,True,True,False,True,True,True,0.92,0.9335088598410275,1
CB_IN_2026_00003,True,True,False,False,False,False,True,0.92,0.9061987241898238,1
CB_IN_2026_06322,True,True,True,False,False,False,True,0.18,0.18394472101809103,0
CB_IN_2026_05077,True,False,True,False,True,True,True,0.1,0.042703765043521524,0
CB_IN_2026_00940,True,False,True,False,True,False,True,0.92,0.98,1
CB_IN_2026_06633,False,True,False,False,True,False,True,0.25,0.24445894393141804,0
CB_IN_2026_05168,True,False,True,False,True,False,True,0.3,0.37931314590642695,0
CB_IN_2026_00969,True,True,True,False,True,True,True,0.55,0.6248040867076072,1
CB_IN_2026_09003,True,False,False,False,True,True,True,0.25,0.1893653985473895,0
CB_IN_2026_05853,True,False,True,False,True,False,True,0.75,0.693344686799673,1
CB_IN_2026_03104,True,True,False,False,True,False,False,0.9,0.9753743557351245,1
CB_IN_2026_07076,True,False,False,False,True,False,False,0.08,0.1529693948318861,0
CB_IN_2026_09297,True,True,True,False,True,False,True,0.3,0.3328683521252676,0
CB_IN_2026_01432,True,True,True,False,True,True,True,0.9,0.8518290946545651,1
CB_IN_2026_09164,True,False,False,False,True,False,False,0.9,0.8244995916517098,1
CB_IN_2026_08670,True,True,True,False,True,True,True,0.85,0.7102976738658108,1
CB_IN_2026_08789,False,True,True,False,False,False,True,0.85,0.7434537858570033,0
CB_IN_2026_06358,False,False,True,False,True,True,True,0.1,0.02,0
CB_IN_2026_06894,True,False,True,False,True,False,True,0.9,0.9361864748237694,1
CB_IN_2026_07194,True,True,False,False,True,True,False,0.08,0.1711211156471635,0
CB_IN_2026_02408,True,True,False,False,True,False,True,0.9,0.9613787469242326,1
CB_IN_2026_05430,True,False,True,False,True,False,True,0.92,0.8925770094115454,1
CB_IN_2026_09736,True,True,True,False,True,False,True,0.3,0.30392837731796524,0
CB_IN_2026_02778,False,True,True,False,True,False,True,0.9,0.838547168812501,1
CB_IN_2026_02476,True,True,False,False,False,False,False,0.08,0.10632655878371064,1
CB_IN_2026_01937,False,True,True,False,True,False,True,0.85,0.8951642783810333,1
CB_IN_2026_02772,True,True,False,False,True,False,False,0.08,0.04710664596718407,0
CB_IN_2026_00827,True,True,True,False,True,True,True,0.88,0.8829703712886776,1
CB_IN_2026_02684,True,True,False,False,True,False,True,0.3,0.13639285595768535,0
CB_IN_2026_00516,True,False,True,False,True,False,True,0.92,0.864796032401263,1
CB_IN_2026_00517,True,True,True,False,True,True,True,0.92,0.8378717428421368,1
CB_IN_2026_01639,False,True,True,False,True,False,True,0.85,0.8300604264370527,1
CB_IN_2026_09365,True,True,True,False,True,True,False,0.85,0.9547847031154874,1
CB_IN_2026_08437,True,True,True,False,True,False,True,0.92,0.98,1
CB_IN_2026_04865,True,True,True,False,False,False,True,0.55,0.5248913887498493,1
CB_IN_2026_01334,True,True,True,False,True,False,True,0.55,0.6101630790555451,1
CB_IN_2026_01278,True,True,True,False,True,True,True,0.9,0.98,1
CB_IN_2026_02470,True,True,True,False,False,True,True,0.1,0.12842217165448652,0
CB_IN_2026_06148,True,True,True,False,True,False,True,0.85,0.7997221245202916,1
CB_IN_2026_08069,False,False,True,False,True,False,True,0.75,0.8568576796648798,1
CB_IN_2026_00948,True,True,False,False,True,True,False,0.08,0.13091414273258672,0
CB_IN_2026_03095,False,True,True,False,False,True,True,0.12,0.13310691963828786,0
CB_IN_2026_07226,False,False,True,False,True,False,True,0.3,0.28520574147331107,1
CB_IN_2026_07819,True,True,False,False,False,False,False,0.08,0.06810000531480205,0
CB_IN_2026_04667,True,True,True,False,False,False,True,0.3,0.3101359049707286,0
CB_IN_2026_08507,True,True,True,False,False,False,True,0.3,0.36256939553957934,1
CB_IN_2026_01400,False,False,False,False,True,True,False,0.08,0.02522695282795597,0
CB_IN_2026_07491,True,True,False,False,True,False,False,0.08,0.10145541997144841,1
CB_IN_2026_02103,True,True,True,False,True,False,True,0.9,0.9316964746034762,0
CB_IN_2026_05594,True,True,True,False,True,True,False,0.08,0.02,0
CB_IN_2026_08158,True,True,True,False,False,True,True,0.85,0.9491371895382203,1
CB_IN_2026_03967,True,True,True,False,False,True,True,0.88,0.8659117614526767,1
CB_IN_2026_07221,False,True,True,False,False,True,True,0.92,0.9651506568481943,1
CB_IN_2026_02634,True,True,True,False,True,False,True,0.9,0.98,1
CB_IN_2026_07896,True,True,True,True,True,False,False,0.03,0.09151661293525581,0
CB_IN_2026_02675,True,False,True,False,True,False,True,0.9,0.7964848168987974,1
CB_IN_2026_07320,True,True,False,False,True,False,True,0.85,0.8929793087971395,1
CB_IN_2026_04336,False,True,False,False,True,False,False,0.3,0.22618506161481627,0
CB_IN_2026_07885,False,False,True,False,False,True,True,0.92,0.9553879839086549,1
CB_IN_2026_02587,True,False,True,False,False,True,True,0.1,0.2565659525294275,0
CB_IN_2026_04186,True,True,True,False,False,False,True,0.85,0.9091319081336575,1
CB_IN_2026_03518,True,True,True,False,True,True,False,0.08,0.05080229342986617,0
CB_IN_2026_06628,True,False,True,False,True,False,True,0.3,0.24124673888967066,1
CB_IN_2026_00770,True,False,False,False,True,False,False,0.1,0.17140842882347723,0
CB_IN_2026_03741,True,True,False,False,True,False,False,0.08,0.15592515525549933,0
CB_IN_2026_01379,True,False,False,False,True,False,False,0.08,0.07350236611776208,0
CB_IN_2026_06869,True,False,True,False,True,False,True,0.92,0.941708259703431,1
CB_IN_2026_09425,True,False,False,False,True,False,True,0.1,0.06480372281454999,0
CB_IN_2026_02926,True,True,True,False,True,True,True,0.85,0.8141637236652355,1
CB_IN_2026_07691,True,False,True,False,True,False,True,0.1,0.02,0
CB_IN_2026_08119,True,False,True,True,False,True,True,0.15,0.15079603964573024,0
CB_IN_2026_08864,True,True,True,False,True,True,True,0.9,0.8848320487199519,1
CB_IN_2026_08149,True,False,False,False,False,False,True,0.92,0.9586583592406311,0
CB_IN_2026_03057,True,False,False,False,True,False,False,0.08,0.09817014967087338,0
CB_IN_2026_07623,True,True,True,False,True,False,True,0.9,0.8949087271668096,1
CB_IN_2026_09498,True,True,True,False,False,False,True,0.85,0.8568460289549433,0
CB_IN_2026_06026,True,True,True,False,False,True,True,0.1,0.060214068108974436,0
CB_IN_2026_08713,True,False,True,False,True,False,True,0.9,0.9465460012035795,1
CB_IN_2026_04525,True,False,True,False,True,False,True,0.1,0.05041600317662875,0
CB_IN_2026_01878,False,True,True,False,True,True,True,0.05,0.022173307025665664,0
CB_IN_2026_05033,True,True,True,False,True,False,True,0.18,0.10225469371358213,0
CB_IN_2026_00356,True,True,True,False,True,False,True,0.9,0.98,1
CB_IN_2026_04809,True,False,True,False,True,True,True,0.9,0.8732491879549157,0
CB_IN_2026_06216,True,True,False,False,True,False,True,0.25,0.1663617200896756,1
CB_IN_2026_05931,True,True,True,False,True,False,True,0.85,0.8362921255489181,0
CB_IN_2026_05541,True,True,True,False,True,False,True,0.85,0.8553321189588896,1
CB_IN_2026_06217,True,True,True,False,True,False,True,0.9,0.9138272664262826,1
CB_IN_2026_09497,True,False,True,False,True,False,True,0.18,0.1641419811898586,0
CB_IN_2026_05863,False,False,True,False,True,False,False,0.08,0.0256192244967429,0
CB_IN_2026_01162,True,True,True,False,True,True,True,0.9,0.9732069436572701,1
CB_IN_2026_01037,True,False,False,False,True,True,False,0.08,0.11251943543084891,0
CB_IN_2026_09265,False,True,True,False,True,True,True,0.75,0.6488274177776976,1
CB_IN_2026_00465,True,True,True,False,True,False,True,0.85,0.8191941904004549,1
CB_IN_2026_05005,True,False,True,False,False,True,True,0.25,0.2688378933973061,1
CB_IN_2026_05827,True,True,True,False,True,False,True,0.3,0.22568693447203542,0
CB_IN_2026_02663,True,True,False,False,True,False,True,0.92,0.9101387806820157,1
CB_IN_2026_03559,False,False,True,False,True,False,True,0.3,0.3353336199142378,1
CB_IN_2026_08945,True,False,True,False,True,False,True,0.9,0.8054909188096834,1
CB_IN_2026_01028,True,False,True,False,False,False,True,0.15,0.02,0
CB_IN_2026_09446,False,True,True,False,False,False,True,0.18,0.32006286434181935,0
CB_IN_2026_08883,False,False,True,False,True,False,True,0.1,0.048825311689541226,0
CB_IN_2026_02799,True,False,True,False,True,True,True,0.1,0.04261126272344542,0
CB_IN_2026_08368,True,True,True,False,True,False,True,0.85,0.8409906227743055,1
CB_IN_2026_02827,True,False,False,False,True,False,False,0.08,0.18040217153861435,0
CB_IN_2026_02395,True,False,True,False,False,False,True,0.1,0.16555358035553114,0
CB_IN_2026_05584,True,False,False,False,True,True,False,0.08,0.05233350002141467,0
CB_IN_2026_03927,True,True,False,False,True,False,False,0.08,0.04028415252880992,0
CB_IN_2026_01725,True,False,True,False,True,False,True,0.1,0.02,0
CB_IN_2026_00349,True,False,True,False,True,True,True,0.92,0.9354437188997246,1
CB_IN_2026_04425,True,True,True,False,True,False,True,0.9,0.9075358341396762,1
CB_IN_2026_09371,True,False,True,False,True,False,True,0.9,0.8924824921158834,0
CB_IN_2026_04775,True,False,True,False,False,False,True,0.1,0.07907314705374374,1
CB_IN_2026_02450,True,False,True,False,True,True,True,0.75,0.6836106289845609,0
CB_IN_2026_06128,True,True,False,False,False,True,True,0.75,0.7115686525847379,1
CB_IN_2026_02444,True,False,False,False,True,False,True,0.25,0.2601057876523299,0
CB_IN_2026_06840,True,True,True,False,True,False,True,0.75,0.7136142493171891,1
CB_IN_2026_07222,True,False,True,False,False,True,True,0.88,0.9341404117065921,1
CB_IN_2026_06789,False,True,True,False,True,False,True,0.18,0.15329726299058452,1
CB_IN_2026_01511,True,True,False,False,False,False,False,0.3,0.38896292257777854,0
CB_IN_2026_05065,True,True,False,False,False,False,True,0.92,0.8292577820518207,1
CB_IN_2026_04066,True,True,True,False,False,False,True,0.12,0.06906053022563269,0
CB_IN_2026_07414,True,True,True,False,False,False,True,0.25,0.18620023021880594,0
CB_IN_2026_06767,True,True,False,False,False,False,False,0.08,0.05142584259335981,0
CB_IN_2026_09305,True,True,True,False,False,False,True,0.3,0.33917076381733535,0
CB_IN_2026_09685,True,True,True,False,True,True,True,0.92,0.98,1
CB_IN_2026_00695,True,False,True,True,False,False,True,0.15,0.02,0
CB_IN_2026_06460,True,True,True,False,True,False,True,0.55,0.5381788555059553,0
CB_IN_2026_02168,False,False,True,False,True,False,True,0.3,0.3061390091844412,1
CB_IN_2026_08579,True,False,False,False,True,False,True,0.1,0.02,0
CB_IN_2026_05457,True,False,True,False,True,True,True,0.55,0.4961238526655657,0
CB_IN_2026_05283,True,True,True,False,False,True,True,0.85,0.8195835445788631,1
CB_IN_2026_04297,True,True,True,False,False,False,True,0.55,0.4897941497602136,1
CB_IN_2026_05660,True,True,True,False,True,False,True,0.85,0.8319161954674448,1
CB_IN_2026_04430,True,True,False,False,True,False,False,0.9,0.8539082839370147,1
CB_IN_2026_04476,True,True,True,False,False,False,True,0.18,0.1522314899325333,0
CB_IN_2026_05052,True,True,True,False,True,True,True,0.55,0.550939103522879,1
CB_IN_2026_01288,True,True,False,True,False,False,True,0.85,0.9471626319371195,1
CB_IN_2026_06675,True,False,False,False,True,False,True,0.1,0.02786815604375223,0
CB_IN_2026_05032,True,False,True,False,True,False,True,0.55,0.5481170498681652,1
CB_IN_2026_07171,True,True,True,False,True,False,True,0.55,0.5607410278496608,0
CB_IN_2026_07167,True,True,True,False,False,False,True,0.12,0.10528841391928784,0
CB_IN_2026_03580,True,False,True,False,True,False,True,0.55,0.49642324959855494,1
CB_IN_2026_00411,True,True,True,False,True,False,True,0.9,0.7989588900210842,1
CB_IN_2026_06790,True,True,True,False,True,False,True,0.3,0.19857578897213987,0
CB_IN_2026_02485,True,True,True,False,True,False,True,0.55,0.5556458067636135,1
CB_IN_2026_07029,True,True,True,False,False,True,True,0.85,0.778793963189684,0
CB_IN_2026_07810,True,True,False,False,True,False,True,0.75,0.7616783661382174,0
CB_IN_2026_00737,True,False,True,False,True,True,True,0.92,0.8805090457821445,1
CB_IN_2026_02230,True,True,False,False,True,False,False,0.92,0.98,1
CB_IN_2026_03935,True,False,False,False,True,False,False,0.08,0.07639504181533388,0
CB_IN_2026_00688,True,False,True,False,True,False,True,0.9,0.8304121113199677,1
CB_IN_2026_04015,True,False,True,False,True,True,True,0.55,0.5567099448429225,0
CB_IN_2026_08810,True,False,True,True,True,False,True,0.92,0.915364359548087,1
CB_IN_2026_07991,True,False,True,False,False,False,True,0.2,0.15275159474422567,0
CB_IN_2026_03255,True,False,True,False,True,False,False,0.08,0.11437627440157865,0
CB_IN_2026_04459,True,True,True,False,True,False,True,0.9,0.9613357388318049,1
CB_IN_2026_04254,False,True,True,False,False,False,True,0.15,0.21047518850494376,0
CB_IN_2026_07512,True,True,True,False,True,False,False,0.08,0.043862830467653234,0
CB_IN_2026_07330,True,False,True,False,True,False,True,0.9,0.8777867337766042,1
CB_IN_2026_05880,True,True,False,False,False,True,False,0.08,0.06435465606525353,0
CB_IN_2026_09225,True,True,False,False,True,False,True,0.25,0.40758204181832225,0
CB_IN_2026_06645,False,True,True,False,False,False,True,0.12,0.02,0
CB_IN_2026_00651,True,False,True,False,True,True,True,0.9,0.8212644703260126,1
CB_IN_2026_04940,True,True,False,False,True,True,False,0.92,0.9300865858210029,1
CB_IN_2026_02088,True,False,False,False,True,False,False,0.92,0.7793366777378959,0
CB_IN_2026_08457,True,True,True,False,True,False,False,0.92,0.9597714293126189,1
CB_IN_2026_06567,True,False,True,False,False,False,True,0.92,0.8548790444316375,1
CB_IN_2026_02925,True,False,True,False,True,True,True,0.1,0.11207387339187437,0
CB_IN_2026_04802,True,True,True,False,True,True,True,0.88,0.7606675675436698,1
CB_IN_2026_08294,True,False,True,False,True,False,True,0.9,0.8833058299888762,1
CB_IN_2026_08393,True,True,True,False,False,False,True,0.85,0.8916369394783763,1
CB_IN_2026_08741,True,False,True,False,True,False,True,0.1,0.20815196697222765,0
CB_IN_2026_08656,True,False,True,False,True,False,True,0.9,0.98,1
CB_IN_2026_01411,True,True,True,False,False,False,True,0.85,0.8299829774032118,0
CB_IN_2026_01572,True,True,False,False,True,False,False,0.03,0.02,0
CB_IN_2026_09016,False,False,True,False,True,True,True,0.55,0.6206847527329021,1
CB_IN_2026_02173,True,False,True,False,True,False,True,0.9,0.98,1
CB_IN_2026_06980,True,True,False,False,False,True,False,0.15,0.14847161459729946,0
CB_IN_2026_09031,True,False,False,False,True,False,True,0.3,0.3217660688744639,0
CB_IN_2026_06655,True,False,True,False,True,True,True,0.92,0.9069279889822516,1
CB_IN_2026_00195,False,True,True,False,True,False,True,0.18,0.1775314070098981,1
CB_IN_2026_03164,True,True,True,False,True,True,True,0.85,0.8561054597796172,1
CB_IN_2026_06848,True,False,True,False,True,True,True,0.1,0.11928039455156642,0
CB_IN_2026_03932,True,False,False,False,False,False,False,0.08,0.05869803802558898,0
CB_IN_2026_04492,True,False,True,False,False,False,True,0.55,0.4992253612403288,0
CB_IN_2026_02877,True,True,True,True,True,False,True,0.92,0.9594206027863337,1
CB_IN_2026_00436,True,True,True,False,True,False,True,0.85,0.8003757779216049,1
CB_IN_2026_03467,True,True,True,False,True,False,True,0.9,0.8436028007118047,1
CB_IN_2026_01013,True,False,False,False,False,False,False,0.08,0.06413240837282706,0
CB_IN_2026_08777,True,False,True,False,True,False,True,0.9,0.7687758351355558,1
CB_IN_2026_02176,True,False,True,False,True,True,True,0.55,0.5491449931153745,0
CB_IN_2026_00378,True,True,True,False,True,False,True,0.9,0.9495865502519462,1
CB_IN_2026_09022,True,False,True,False,True,True,True,0.92,0.854863966409973,1
CB_IN_2026_09980,True,True,True,False,True,True,True,0.75,0.6362201040048561,1
CB_IN_2026_09351,False,False,True,False,False,True,True,0.55,0.6034516002964053,0
CB_IN_2026_04380,True,True,True,False,True,False,True,0.18,0.04407571817306097,0
CB_IN_2026_08514,True,True,True,False,True,False,True,0.9,0.916442851502096,1
CB_IN_2026_02061,True,True,True,False,True,False,True,0.9,0.8045225501217499,1
CB_IN_2026_04877,True,False,True,False,True,False,True,0.18,0.08740605260497207,0
CB_IN_2026_00391,True,False,False,False,True,False,True,0.3,0.26774777965861507,0
CB_IN_2026_04704,True,False,True,False,True,False,True,0.18,0.19376166199588346,0
CB_IN_2026_06214,True,False,True,False,True,True,True,0.1,0.23726603696162105,0
CB_IN_2026_01847,False,False,False,False,False,False,True,0.15,0.19869262377847133,1
CB_IN_2026_09121,True,True,True,False,True,False,True,0.55,0.5589547584606075,1
CB_IN_2026_05363,True,True,True,False,True,True,True,0.25,0.14422227328785364,0
CB_IN_2026_00933,True,True,True,False,True,True,True,0.9,0.8456331642658581,1
CB_IN_2026_08120,True,False,True,False,True,False,True,0.75,0.6773290097067363,1
CB_IN_2026_07170,False,True,True,False,True,True,True,0.85,0.7691918530462111,1
CB_IN_2026_09601,True,False,False,False,True,True,False,0.08,0.25246822938765634,0
CB_IN_2026_02523,True,True,True,False,False,False,True,0.85,0.904158819360842,1
CB_IN_2026_05697,True,False,True,False,True,False,True,0.9,0.9672508364591644,1
CB_IN_2026_05954,False,False,True,False,False,True,True,0.25,0.25219392938644447,1
CB_IN_2026_01794,True,True,True,False,True,False,True,0.85,0.8384009012165717,1
CB_IN_2026_08556,True,True,True,False,True,True,True,0.55,0.6722054575546367,1
CB_IN_2026_09272,True,False,False,False,True,False,False,0.08,0.11834320495139318,0
CB_IN_2026_04759,True,False,True,False,False,False,True,0.55,0.6374948204926236,1
CB_IN_2026_03131,True,True,False,False,True,False,False,0.08,0.058090663200358904,0
CB_IN_2026_03802,True,False,True,False,False,True,True,0.12,0.07399623042210401,0
CB_IN_2026_06587,True,False,False,False,True,False,False,0.08,0.10623772784337426,0
CB_IN_2026_06688,False,False,True,False,True,True,True,0.92,0.9123580125073674,1
CB_IN_2026_08241,False,False,False,False,False,False,True,0.1,0.02,0
CB_IN_2026_01262,True,True,True,False,True,True,True,0.92,0.9523039074866634,1
CB_IN_2026_09669,False,True,True,False,True,True,True,0.75,0.8105925065916755,1
CB_IN_2026_01289,True,True,True,False,True,False,True,0.9,0.860623804183532,1
CB_IN_2026_09258,True,True,True,False,True,False,True,0.55,0.5515860887840411,0
CB_IN_2026_09044,True,False,False,False,True,True,False,0.92,0.9064268701797018,1
CB_IN_2026_01726,True,True,True,False,True,False,True,0.55,0.5790641425843175,1
CB_IN_2026_09290,True,True,False,False,True,True,True,0.9,0.891800722891612,1
CB_IN_2026_06621,True,True,False,False,True,True,True,0.9,0.8554231469905066,1
CB_IN_2026_06002,True,False,True,False,True,False,True,0.1,0.10739045362471326,0
CB_IN_2026_01251,True,True,True,False,True,False,True,0.9,0.8495919773237631,1
CB_IN_2026_03608,True,True,True,False,True,False,True,0.55,0.5790189866188922,1
CB_IN_2026_00536,True,True,True,False,True,True,True,0.85,0.7050568890748795,0
CB_IN_2026_07515,True,False,True,False,True,False,True,0.18,0.21782055394259486,0
CB_IN_2026_01036,True,True,True,False,True,False,True,0.92,0.8670856317055154,1
CB_IN_2026_08523,True,True,False,False,True,True,False,0.88,0.869702464447295,1
CB_IN_2026_05687,True,False,False,False,True,True,True,0.25,0.37354338529729986,1
CB_IN_2026_01980,True,False,False,False,True,False,False,0.08,0.14552795432898658,0
CB_IN_2026_02595,True,True,True,False,True,False,True,0.03,0.02,0
CB_IN_2026_07800,True,True,False,False,False,True,False,0.12,0.09199686454547563,0
CB_IN_2026_00923,True,True,True,False,True,False,True,0.55,0.6295607837379464,1
CB_IN_2026_07156,False,False,True,False,True,False,True,0.9,0.7902666696334703,1
CB_IN_2026_03611,True,True,True,False,True,False,True,0.2,0.2051502918405653,0
CB_IN_2026_01907,True,True,True,False,True,True,True,0.85,0.7867383300701113,1
CB_IN_2026_09191,True,True,True,False,True,True,True,0.9,0.9056725092039533,1
CB_IN_2026_01842,True,True,True,False,True,False,True,0.75,0.6632964668071106,0
CB_IN_2026_06025,True,True,True,False,True,True,True,0.92,0.9288050958679787,1
CB_IN_2026_07192,False,False,False,False,True,False,False,0.1,0.02,0
CB_IN_2026_01949,False,True,True,False,True,False,True,0.9,0.98,1
CB_IN_2026_07712,True,False,False,False,False,True,True,0.75,0.8464232192035679,0
CB_IN_2026_04827,True,False,True,False,True,False,True,0.92,0.8744565728611222,1
CB_IN_2026_01644,False,True,False,False,False,False,False,0.08,0.16505979879865146,0
CB_IN_2026_03781,True,True,False,False,True,False,False,0.08,0.06764274270763114,0
CB_IN_2026_09174,True,True,False,False,True,False,False,0.08,0.16487053959525927,0
CB_IN_2026_09152,True,False,False,False,True,True,False,0.08,0.02,0
CB_IN_2026_00236,True,True,False,False,True,True,True,0.9,0.98,1
CB_IN_2026_02661,True,True,True,False,True,False,True,0.92,0.8285823586261081,0
CB_IN_2026_05040,True,True,True,False,True,True,True,0.92,0.98,1
CB_IN_2026_06472,True,True,True,False,True,False,True,0.85,0.9509754443961209,1
CB_IN_2026_04532,True,False,False,False,True,False,False,0.08,0.02,0
CB_IN_2026_04288,True,False,True,False,True,True,True,0.9,0.8772211012247078,1
CB_IN_2026_06310,True,True,True,False,True,False,True,0.92,0.8605332014501377,1
CB_IN_2026_06370,False,False,True,False,True,True,True,0.92,0.98,1
CB_IN_2026_03993,True,False,False,False,True,True,False,0.1,0.02926592232646774,0
CB_IN_2026_08323,True,False,True,False,True,False,True,0.55,0.6534985894846461,1
CB_IN_2026_06232,True,True,False,False,True,False,False,0.9,0.7862923770373977,1
CB_IN_2026_06752,True,True,False,False,False,False,False,0.08,0.14862932322944633,1
CB_IN_2026_06640,True,True,True,False,True,False,True,0.92,0.9271411774397608,1
CB_IN_2026_00506,True,True,True,False,True,True,True,0.85,0.9258155827389566,1
CB_IN_2026_03334,True,False,True,False,True,True,True,0.1,0.0807928896725746,0
CB_IN_2026_00385,True,True,True,False,False,True,True,0.03,0.044343578549557935,0
CB_IN_2026_01915,True,True,True,False,True,False,True,0.9,0.8087838177917394,1
CB_IN_2026_06037,True,False,True,False,True,True,True,0.9,0.7534735686964619,1
CB_IN_2026_07871,True,True,True,False,True,False,False,0.18,0.2749236348957195,0
CB_IN_2026_03394,True,False,False,False,True,True,False,0.08,0.05109364145304138,0
CB_IN_2026_07548,True,True,True,False,True,False,True,0.75,0.6565696347535258,1
CB_IN_2026_07947,False,True,True,False,True,True,True,0.92,0.8955705167773916,1
CB_IN_2026_06586,True,False,True,False,True,False,True,0.55,0.6861546456665453,1
CB_IN_2026_08940,True,True,True,False,True,True,True,0.92,0.98,1
CB_IN_2026_04542,True,True,False,False,True,False,False,0.08,0.17433475173370466,1
CB_IN_2026_09752,True,False,False,False,True,True,False,0.08,0.02209752257555555,0
CB_IN_2026_05163,True,True,True,False,True,False,True,0.3,0.30891846224234465,1
CB_IN_2026_00646,True,True,True,False,True,True,True,0.2,0.22645235973258995,0
CB_IN_2026_03324,True,True,True,False,False,True,True,0.92,0.9224726048599358,0
CB_IN_2026_01287,True,True,True,False,True,True,True,0.85,0.740381480947639,1
CB_IN_2026_03695,True,False,True,False,True,True,True,0.55,0.589193943069068,0
CB_IN_2026_05178,True,True,True,False,True,False,True,0.3,0.3133749132262277,0
CB_IN_2026_09245,True,False,False,False,True,True,False,0.9,0.98,1
CB_IN_2026_01112,True,True,False,False,True,False,False,0.08,0.02,0
CB_IN_2026_02802,True,True,False,False,True,False,False,0.92,0.8310709881776919,1
CB_IN_2026_09967,True,False,True,False,True,False,True,0.55,0.6190237649349489,0
CB_IN_2026_06518,True,False,True,False,True,False,True,0.9,0.9728191946175421,1
CB_IN_2026_01302,True,False,True,False,True,False,True,0.3,0.23412963076792076,0
CB_IN_2026_01647,True,False,True,False,True,False,True,0.1,0.02,0
CB_IN_2026_01340,True,True,True,False,False,False,True,0.85,0.98,1
CB_IN_2026_01029,True,True,True,False,True,True,True,0.55,0.47684248009221963,0
CB_IN_2026_05248,False,True,True,False,True,False,True,0.9,0.8252696303133512,1
CB_IN_2026_08450,False,True,True,False,True,False,False,0.08,0.15074443439800458,0
CB_IN_2026_05204,True,False,True,False,True,False,True,0.3,0.22667584696180337,0
CB_IN_2026_01130,True,True,True,False,True,False,True,0.9,0.9106477408709723,1
CB_IN_2026_03703,True,False,True,False,True,False,True,0.3,0.38459441884994044,0
CB_IN_2026_04341,True,False,False,False,True,False,False,0.03,0.06187770309104109,0
CB_IN_2026_06330,True,False,False,False,True,False,False,0.08,0.09329228404969411,0
CB_IN_2026_02198,True,False,True,False,True,False,True,0.1,0.17791284548661362,1
CB_IN_2026_04170,False,False,False,False,True,False,True,0.9,0.8749485880569113,0
CB_IN_2026_00324,True,True,True,False,True,False,True,0.55,0.4346740675355756,1
CB_IN_2026_07806,False,False,True,False,True,False,True,0.55,0.6265918216806863,1
CB_IN_2026_04500,True,False,True,False,True,False,True,0.9,0.8305749074935922,0
CB_IN_2026_00844,True,False,True,False,False,False,True,0.55,0.5415895100525496,0
CB_IN_2026_00831,True,True,False,False,True,False,False,0.08,0.12587257561787119,0
CB_IN_2026_06255,True,False,True,False,False,True,True,0.12,0.17428633734262838,0
CB_IN_2026_00833,True,False,True,False,True,False,True,0.55,0.6451821290696309,0
CB_IN_2026_06962,True,True,True,False,False,True,True,0.1,0.09739061329202925,1
CB_IN_2026_05694,True,True,True,False,True,False,True,0.85,0.9130740378573681,0
CB_IN_2026_04976,True,True,True,False,True,False,True,0.3,0.2996206566760443,0
CB_IN_2026_08946,True,True,False,False,True,True,False,0.08,0.07175445323253211,0
CB_IN_2026_08246,True,True,True,False,True,True,True,0.03,0.03499064933302007,0
CB_IN_2026_03869,False,False,True,False,True,False,True,0.1,0.0746360047970159,0
CB_IN_2026_00244,True,True,True,False,False,True,False,0.08,0.02,0
CB_IN_2026_02984,True,False,False,False,True,False,True,0.1,0.02,0
CB_IN_2026_03211,True,True,True,False,True,True,True,0.55,0.6294278715641342,1
CB_IN_2026_01006,False,True,True,False,True,False,True,0.05,0.058652267345849614,0
CB_IN_2026_00567,True,False,False,False,True,False,False,0.1,0.07198761576358631,0
CB_IN_2026_09087,True,True,True,False,True,True,True,0.75,0.714850638039883,1
CB_IN_2026_00382,False,False,True,False,False,False,True,0.55,0.45027352315778957,1
CB_IN_2026_03660,True,True,True,False,True,True,True,0.9,0.98,1
CB_IN_2026_06364,True,False,False,False,True,False,False,0.08,0.10324236243611573,0
CB_IN_2026_07960,False,False,False,False,True,False,False,0.08,0.03344790238137912,0
CB_IN_2026_01858,True,True,True,False,True,True,True,0.9,0.98,1
CB_IN_2026_09150,True,True,False,False,True,True,False,0.92,0.8174635962092375,1
CB_IN_2026_08115,True,True,True,False,True,True,False,0.08,0.02,0
CB_IN_2026_01185,True,False,True,False,True,False,True,0.9,0.8194933591237821,1
CB_IN_2026_00814,True,False,True,False,True,False,False,0.9,0.9156418329044627,1
CB_IN_2026_04054,False,False,True,False,True,False,True,0.55,0.43406224788797243,0
CB_IN_2026_05711,True,False,True,False,True,False,True,0.18,0.1005870222273654,0
CB_IN_2026_01090,True,True,True,False,True,False,True,0.18,0.20938685974659743,0
CB_IN_2026_03366,True,True,False,False,True,True,False,0.08,0.10467702451483929,0
CB_IN_2026_00966,True,True,False,False,True,True,False,0.08,0.02,0
CB_IN_2026_01894,True,True,True,False,False,False,True,0.85,0.7851814995967591,1
CB_IN_2026_06233,True,True,True,False,True,False,True,0.85,0.78550370131197,1
CB_IN_2026_07768,True,False,True,False,True,False,True,0.1,0.06718267321832226,0
CB_IN_2026_09333,True,True,True,False,True,True,True,0.2,0.14922704422561622,1
CB_IN_2026_08782,True,True,True,False,True,False,True,0.55,0.4999761133784303,0
CB_IN_2026_05418,True,False,True,False,True,False,True,0.3,0.2761459126920959,0
CB_IN_2026_00168,True,False,True,False,True,True,True,0.92,0.9254055320988297,1
CB_IN_2026_00791,True,True,True,False,False,False,True,0.85,0.8630949549471282,1
CB_IN_2026_09472,True,True,False,False,True,True,False,0.08,0.17739248441308714,0
CB_IN_2026_09581,True,True,False,False,False,False,True,0.3,0.33401652998237275,1
CB_IN_2026_03758,True,False,False,False,True,False,False,0.08,0.09676147845848394,1
CB_IN_2026_09271,True,True,False,False,True,False,True,0.9,0.98,1
CB_IN_2026_08376,True,True,True,False,False,False,True,0.15,0.2132456795456937,0
CB_IN_2026_01350,True,False,True,False,False,True,True,0.1,0.07123199791174709,0
CB_IN_2026_02677,True,True,True,False,True,True,True,0.9,0.855749829341512,1
CB_IN_2026_02285,True,True,False,False,True,False,False,0.9,0.9614584476964174,1
CB_IN_2026_04520,True,False,False,False,False,True,False,0.15,0.16863158077229667,0
CB_IN_2026_03149,True,False,True,False,True,False,True,0.9,0.8557404760237634,1
CB_IN_2026_01009,True,False,True,False,True,False,True,0.1,0.05549369903131726,0
CB_IN_2026_08161,True,True,True,False,False,False,True,0.1,0.05147155355327336,0
CB_IN_2026_02645,True,False,True,False,True,True,True,0.1,0.0814764460425863,0
CB_IN_2026_08118,True,False,True,False,True,True,True,0.9,0.7806134855722385,1
CB_IN_2026_08500,True,True,False,False,True,False,True,0.92,0.9304864450263155,1
CB_IN_2026_06515,True,True,True,False,False,False,True,0.3,0.23943132597935946,1
CB_IN_2026_02507,True,True,True,False,True,True,True,0.88,0.8451818349766407,1
CB_IN_2026_05141,True,False,True,False,False,True,True,0.12,0.2521952495818609,0
CB_IN_2026_08970,True,True,True,False,True,False,True,0.3,0.3611221355987163,1
CB_IN_2026_09596,True,False,True,False,True,False,True,0.9,0.8977408015165586,1
CB_IN_2026_01319,True,False,True,False,True,False,True,0.18,0.08649781690533002,0
CB_IN_2026_07280,True,True,True,False,True,False,True,0.85,0.8479231803174421,1
CB_IN_2026_03483,True,True,False,False,True,True,False,0.08,0.02,0
CB_IN_2026_08327,True,True,False,False,True,False,False,0.08,0.07147763782620718,0
CB_IN_2026_06862,True,False,False,False,True,True,False,0.08,0.04181262622069497,0
CB_IN_2026_07081,True,False,True,False,True,False,True,0.92,0.8426553435458639,1
CB_IN_2026_00002,True,False,False,False,False,True,False,0.08,0.1100553054055406,0
CB_IN_2026_00009,True,False,False,False,True,False,False,0.9,0.9022438206725132,1
CB_IN_2026_00037,True,False,True,False,True,True,True,0.1,0.1317965372647258,0
CB_IN_2026_07659,True,True,True,False,True,False,True,0.18,0.06213107851335016,0
CB_IN_2026_01093,True,True,False,False,True,False,False,0.85,0.98,1
CB_IN_2026_01664,True,False,True,False,True,True,True,0.9,0.98,1
CB_IN_2026_04729,True,True,True,False,True,False,True,0.18,0.1436010691222408,0
CB_IN_2026_04730,True,True,True,False,True,True,True,0.9,0.7996216239243402,0
CB_IN_2026_00542,True,True,True,False,False,False,True,0.1,0.1087604561585579,0
CB_IN_2026_00544,True,True,False,False,True,False,True,0.75,0.6674415926351921,1
CB_IN_2026_08958,True,True,True,False,True,True,True,0.85,0.7319903361841027,0
CB_IN_2026_03078,True,True,False,False,True,False,True,0.9,0.9102553157484986,1
CB_IN_2026_00080,True,False,True,False,True,False,True,0.3,0.32527227166782796,1
CB_IN_2026_06819,False,True,True,False,True,False,True,0.9,0.9038809395831917,1
CB_IN_2026_08387,True,True,True,False,False,True,False,0.08,0.14259153733918248,0
CB_IN_2026_06346,True,True,True,False,True,False,True,0.85,0.9273676282373797,1
CB_IN_2026_03163,True,True,False,False,False,False,False,0.08,0.0665915325498147,0
CB_IN_2026_01254,True,True,True,False,True,False,True,0.85,0.98,1
CB_IN_2026_02139,True,True,True,False,False,False,False,0.75,0.775257859662434,1
CB_IN_2026_08477,True,True,True,False,True,False,True,0.55,0.4459096959673483,0
CB_IN_2026_03680,False,False,True,False,True,True,True,0.88,0.8003155229444159,0
CB_IN_2026_09370,True,True,False,False,True,False,True,0.25,0.18536888075036256,1
CB_IN_2026_06649,True,False,True,False,True,False,True,0.1,0.15995346170396463,1
CB_IN_2026_03398,True,False,False,False,False,True,False,0.08,0.11341080626064673,0
CB_IN_2026_09248,False,True,True,False,True,False,True,0.18,0.18667366188480194,0
CB_IN_2026_08835,True,False,False,False,True,False,False,0.75,0.6720839806896104,0
CB_IN_2026_02189,True,True,True,False,True,True,True,0.85,0.9537136315120357,1
CB_IN_2026_01728,True,True,True,False,True,False,True,0.55,0.5285770487921714,1
CB_IN_2026_07681,True,True,False,False,True,False,True,0.9,0.913709981464096,1
CB_IN_2026_08582,True,True,False,False,False,False,False,0.03,0.11939524634045068,0
CB_IN_2026_09227,True,True,True,False,True,False,True,0.3,0.3082751583161083,1
CB_IN_2026_02335,True,True,False,False,False,False,False,0.08,0.14805751609377496,0
CB_IN_2026_09254,True,False,True,True,True,True,True,0.03,0.10361561866127168,0
CB_IN_2026_04979,False,False,False,False,True,False,True,0.9,0.9365738370623851,1
CB_IN_2026_01485,True,False,True,False,False,True,True,0.1,0.02,0
CB_IN_2026_07615,True,True,False,False,True,False,True,0.85,0.9258882926395375,1
CB_IN_2026_08207,True,True,True,False,True,False,True,0.9,0.8836856199200375,1
CB_IN_2026_01069,True,True,True,False,False,False,True,0.3,0.24356122600114094,0
CB_IN_2026_08695,True,False,True,False,False,True,True,0.1,0.02,0
CB_IN_2026_06703,True,True,False,False,True,False,True,0.3,0.3387186963440271,0
CB_IN_2026_06403,False,False,False,False,True,False,False,0.1,0.11124910582271506,0
CB_IN_2026_03223,True,True,False,False,True,False,False,0.75,0.7321167497610834,0
CB_IN_2026_06393,False,False,False,False,True,True,False,0.08,0.02,0
CB_IN_2026_05350,True,True,True,False,True,True,True,0.55,0.610346629929158,0
CB_IN_2026_00930,True,False,True,False,True,True,True,0.75,0.8730449547831939,1
CB_IN_2026_06874,True,False,False,False,True,False,False,0.3,0.2815521490837754,0
CB_IN_2026_00673,True,True,False,False,True,False,False,0.08,0.02,0
CB_IN_2026_00736,True,False,True,False,True,False,True,0.9,0.8413278965314364,0
CB_IN_2026_06181,True,True,False,False,True,True,False,0.75,0.5988164471555368,0
CB_IN_2026_08373,False,True,False,False,False,True,True,0.88,0.8952826349952266,1
CB_IN_2026_02020,True,True,True,False,True,False,True,0.85,0.8411023982211366,1
CB_IN_2026_03599,True,True,False,False,True,False,True,0.18,0.17290559326841617,0
CB_IN_2026_09374,True,True,True,False,True,False,True,0.9,0.889390161707975,1
CB_IN_2026_09725,True,False,True,False,False,True,True,0.1,0.22386917147076518,0
CB_IN_2026_02268,True,False,True,False,False,True,True,0.92,0.9701354450054043,1
CB_IN_2026_02221,True,True,False,False,True,False,False,0.08,0.05388372197848276,0
CB_IN_2026_06363,True,False,True,False,True,False,True,0.1,0.047105007768691275,0
CB_IN_2026_03871,True,False,True,False,False,True,True,0.1,0.055686785248616304,0
CB_IN_2026_01396,True,True,True,False,True,False,True,0.9,0.7664073503911347,1
CB_IN_2026_07054,True,False,False,False,True,True,False,0.92,0.9395447456777641,1
CB_IN_2026_00956,False,False,True,False,True,True,True,0.1,0.02,0
CB_IN_2026_09217,True,True,False,False,False,True,True,0.85,0.8487997404421523,1
CB_IN_2026_02498,True,True,False,False,False,True,False,0.1,0.06535039650414773,0
CB_IN_2026_02026,True,True,True,False,True,True,True,0.9,0.9353699460780119,0
CB_IN_2026_02736,True,True,True,False,True,True,True,0.03,0.09252800686459027,0
CB_IN_2026_07091,False,False,True,False,True,False,True,0.05,0.02,0
CB_IN_2026_06792,True,True,True,False,True,False,True,0.9,0.9251588148295901,1
CB_IN_2026_06433,True,True,False,False,True,False,False,0.08,0.11958334673081905,0
CB_IN_2026_07832,False,False,False,False,False,False,False,0.08,0.18885063739936175,0
CB_IN_2026_07304,True,True,True,False,True,True,True,0.9,0.8862930075336589,1
CB_IN_2026_00935,True,True,True,False,True,False,True,0.55,0.5324172440941131,1
CB_IN_2026_08154,True,True,True,False,True,True,True,0.85,0.9075890531516031,1
CB_IN_2026_00776,True,True,True,False,False,False,True,0.85,0.8158425671889717,1
CB_IN_2026_00027,True,True,True,False,True,False,True,0.2,0.13718759432353275,0
CB_IN_2026_00387,True,True,True,False,True,False,True,0.9,0.9151317395661787,0
CB_IN_2026_02154,True,True,False,False,True,True,True,0.92,0.9295440167960134,1
CB_IN_2026_01153,True,True,True,False,False,True,True,0.85,0.7229935908234641,1
CB_IN_2026_08198,True,False,True,False,True,False,True,0.92,0.8194947412576273,1
CB_IN_2026_05542,True,True,False,False,False,True,False,0.08,0.14346399839324592,0
CB_IN_2026_04344,True,True,True,False,True,True,True,0.9,0.98,1
CB_IN_2026_05598,False,True,True,False,True,False,True,0.9,0.8724937785161839,1
CB_IN_2026_09296,True,True,False,False,True,False,True,0.3,0.3921357214676076,1
CB_IN_2026_02205,False,True,False,False,False,False,False,0.08,0.1052928913713075,0
CB_IN_2026_00802,True,False,True,False,True,True,True,0.55,0.5567280989642488,0
CB_IN_2026_03984,True,False,False,False,False,False,True,0.18,0.26915925322433,1
CB_IN_2026_09659,True,False,True,False,True,False,True,0.1,0.10108655536667434,0
CB_IN_2026_04346,True,False,False,False,True,False,False,0.08,0.02,0
CB_IN_2026_03034,True,True,False,False,False,False,False,0.08,0.0405872130376335,0
CB_IN_2026_02021,True,True,True,False,True,False,True,0.3,0.16031808954997787,0
CB_IN_2026_03419,True,False,True,False,True,True,True,0.9,0.9068293988352927,1
CB_IN_2026_02271,True,True,True,False,True,False,True,0.55,0.5595965942137582,1
CB_IN_2026_09748,True,True,True,False,True,False,True,0.9,0.853812718856362,0
CB_IN_2026_03353,True,True,True,False,False,True,True,0.92,0.8609284204055789,1
CB_IN_2026_00616,True,False,True,False,True,False,True,0.18,0.2514803103867711,0
CB_IN_2026_01922,True,True,False,False,True,False,False,0.08,0.05945741864756298,0
CB_IN_2026_03812,True,True,True,False,False,True,True,0.85,0.8341301773786245,1
CB_IN_2026_08190,True,True,True,False,True,False,True,0.85,0.9614649392775068,1
CB_IN_2026_04413,False,False,True,False,True,False,True,0.25,0.12057904580125572,0
CB_IN_2026_05510,True,False,True,True,False,False,True,0.1,0.07020295490168124,0
CB_IN_2026_03571,True,True,False,False,True,False,False,0.08,0.11822124091087821,1
CB_IN_2026_06431,True,True,False,False,True,False,False,0.9,0.7741707514919376,1
CB_IN_2026_02188,True,True,True,False,True,False,True,0.3,0.35444903254981525,0
CB_IN_2026_02314,False,False,True,False,False,False,True,0.05,0.02,0
CB_IN_2026_07434,True,True,False,False,True,False,False,0.08,0.1178311921492036,0
CB_IN_2026_02622,True,True,True,False,False,False,True,0.18,0.13154614858904573,0
CB_IN_2026_05448,True,True,False,False,True,True,True,0.85,0.98,1
CB_IN_2026_07608,True,False,True,False,True,False,True,0.1,0.15506625335116814,0
CB_IN_2026_05387,True,True,False,False,True,False,False,0.08,0.12063958518676328,0
CB_IN_2026_00573,True,True,True,False,True,False,True,0.85,0.8205858147935285,1
CB_IN_2026_09641,True,False,True,False,True,False,True,0.2,0.2842196381066656,1
CB_IN_2026_05832,True,True,True,False,True,True,True,0.85,0.8547352475458521,1
CB_IN_2026_06841,True,False,True,False,True,False,True,0.2,0.18560252304459662,0
CB_IN_2026_05129,True,True,False,False,True,False,False,0.85,0.805992877034185,1
CB_IN_2026_00884,False,False,True,False,False,True,True,0.92,0.8535712510484675,1
CB_IN_2026_09032,True,True,True,False,True,False,True,0.18,0.1308891100112753,0
CB_IN_2026_04230,True,False,False,False,True,True,False,0.08,0.14249114073895877,0
CB_IN_2026_07058,True,True,True,False,True,False,True,0.9,0.9714300853038313,1
CB_IN_2026_01623,True,False,True,False,True,False,True,0.55,0.5278634986654221,0
CB_IN_2026_05659,False,True,False,False,True,True,True,0.85,0.922964294667381,1
CB_IN_2026_04283,True,True,True,False,True,False,True,0.92,0.9275624705524327,1
CB_IN_2026_08306,False,True,False,False,False,False,False,0.3,0.24440138658759086,0
CB_IN_2026_05881,True,False,True,False,True,True,True,0.92,0.98,1
CB_IN_2026_04266,False,True,True,False,True,False,True,0.18,0.04424082494606266,0
CB_IN_2026_08337,True,True,True,False,True,False,False,0.08,0.1224665873056473,1
CB_IN_2026_02618,True,True,True,False,True,False,True,0.55,0.6063409746059577,0
CB_IN_2026_09910,False,True,False,False,False,False,False,0.3,0.3031144819910177,0
CB_IN_2026_05381,True,True,True,False,True,False,True,0.85,0.8731616076433037,1
CB_IN_2026_04860,True,False,True,False,True,False,False,0.1,0.061097403146583115,0
CB_IN_2026_01100,True,True,False,False,True,False,False,0.08,0.05845469527016274,0
CB_IN_2026_03546,True,True,True,False,True,True,True,0.92,0.8565792719680031,1
CB_IN_2026_03622,True,False,True,False,True,True,True,0.9,0.8649524103335747,1
CB_IN_2026_02123,False,False,True,False,True,False,True,0.9,0.8782928067521203,1
CB_IN_2026_09260,True,True,False,False,True,False,False,0.85,0.8884892366586288,1
CB_IN_2026_03547,True,True,True,False,True,True,True,0.92,0.98,1
CB_IN_2026_04922,True,True,True,False,False,False,True,0.18,0.17281731184606738,0
CB_IN_2026_03525,True,True,True,False,True,True,True,0.75,0.8443638625154869,1
CB_IN_2026_06060,True,False,True,False,False,True,True,0.1,0.02976497906987001,0
CB_IN_2026_03602,False,False,False,False,True,True,True,0.1,0.10395521091317246,1
CB_IN_2026_09307,True,True,True,False,False,False,True,0.55,0.6062641762556386,0
CB_IN_2026_09352,True,False,False,False,False,False,False,0.08,0.08715760617982256,0
CB_IN_2026_03981,True,False,True,False,True,False,True,0.9,0.9007468381564667,1
CB_IN_2026_04432,False,True,True,False,True,True,True,0.55,0.44911465344918844,1
CB_IN_2026_05764,True,False,True,False,True,False,True,0.55,0.48451776482495656,0
CB_IN_2026_01877,False,True,True,False,True,False,True,0.85,0.9080273449630384,1
CB_IN_2026_04938,False,False,True,False,True,True,True,0.1,0.08341067141366953,0
CB_IN_2026_00128,False,False,True,False,False,True,True,0.05,0.02,0
CB_IN_2026_07193,True,False,True,False,False,False,True,0.1,0.09409425782161737,0
CB_IN_2026_00750,True,True,False,True,True,False,False,0.85,0.7655467675480716,1
CB_IN_2026_02551,True,True,True,False,True,False,True,0.55,0.5644130529842443,1
CB_IN_2026_04371,True,True,True,False,True,False,True,0.9,0.9409803267627735,1
CB_IN_2026_05341,True,True,True,False,False,False,True,0.85,0.9408693893006387,1
CB_IN_2026_08498,True,False,True,False,True,True,True,0.55,0.5747045952940321,0
CB_IN_2026_09085,True,True,True,False,False,False,True,0.92,0.9674560256112885,1
CB_IN_2026_09893,True,False,True,False,True,False,True,0.55,0.5498205917784686,1
CB_IN_2026_04209,True,False,True,False,True,False,True,0.55,0.4284910307041556,0
CB_IN_2026_09644,False,True,False,False,True,True,True,0.05,0.08417867782743965,0
CB_IN_2026_09157,False,True,False,False,True,False,True,0.25,0.2572546384943617,1
CB_IN_2026_01201,True,False,True,False,False,False,True,0.1,0.02,0
CB_IN_2026_04484,True,True,True,False,False,False,False,0.08,0.12390342137378937,0
CB_IN_2026_06880,True,False,False,False,True,False,False,0.3,0.2818610267868906,1
CB_IN_2026_02682,True,False,True,False,True,False,True,0.1,0.11241813423549976,1
CB_IN_2026_05254,True,False,True,False,True,False,True,0.92,0.8696953829122401,0
CB_IN_2026_04365,True,True,True,False,True,False,True,0.85,0.8571453566342945,1
CB_IN_2026_03826,True,False,True,False,True,False,True,0.3,0.444498075706208,0
CB_IN_2026_07683,True,False,True,False,True,True,True,0.55,0.5392855333799543,1
CB_IN_2026_09777,True,True,True,False,False,False,True,0.3,0.39685651519345655,1
CB_IN_2026_05904,True,True,True,False,True,True,False,0.08,0.1488899009520157,0
CB_IN_2026_04253,True,True,True,False,True,True,True,0.9,0.8807785407392416,1
CB_IN_2026_09405,True,True,True,False,True,False,True,0.25,0.3044819746376545,0
CB_IN_2026_07251,True,False,True,False,True,False,True,0.3,0.2777022042186932,0
CB_IN_2026_01370,False,True,False,False,False,True,True,0.88,0.8256857728996864,1
CB_IN_2026_01988,True,True,True,True,True,True,True,0.9,0.9214154841450239,1
CB_IN_2026_04942,True,True,True,False,True,False,True,0.25,0.22065259553851815,1
CB_IN_2026_05667,True,True,False,False,False,False,False,0.08,0.14558736178708104,0
CB_IN_2026_01637,True,True,False,False,True,True,False,0.92,0.98,1
CB_IN_2026_05556,True,True,True,False,True,False,True,0.18,0.20485838197398004,0
CB_IN_2026_07565,True,False,False,False,True,False,True,0.92,0.9524632878327001,1
CB_IN_2026_08779,True,False,True,False,True,True,True,0.9,0.9167591679163319,1
CB_IN_2026_01888,False,True,True,False,True,False,True,0.3,0.33958479942509107,1
CB_IN_2026_05326,True,False,True,False,False,False,True,0.92,0.9054748132211742,1
CB_IN_2026_03581,True,True,True,False,False,False,True,0.55,0.5882301390436533,1
CB_IN_2026_07168,True,True,False,True,True,True,False,0.9,0.8916889993319446,1
CB_IN_2026_06584,True,False,True,False,True,False,True,0.1,0.0991214182598716,0
CB_IN_2026_06808,True,False,True,False,False,True,True,0.1,0.092251242164418,0
CB_IN_2026_07008,True,False,False,False,True,False,True,0.18,0.14912371581447412,0
CB_IN_2026_07010,True,True,True,False,True,False,True,0.18,0.09787613136242948,0
CB_IN_2026_06193,True,True,True,False,False,False,True,0.92,0.98,1
CB_IN_2026_04923,True,False,True,False,True,False,True,0.3,0.35428516676650446,0
CB_IN_2026_08792,True,True,True,False,False,False,True,0.1,0.05520897156175626,0
CB_IN_2026_08419,True,True,True,False,True,False,True,0.9,0.9731908137834485,1
CB_IN_2026_02980,True,False,False,False,True,False,False,0.08,0.10127753407771202,0
CB_IN_2026_01590,True,True,False,False,True,True,True,0.85,0.7523437075087045,0
CB_IN_2026_05034,True,False,True,False,True,False,True,0.92,0.98,1
CB_IN_2026_02252,True,True,True,False,True,False,True,0.9,0.7439976197732174,1
CB_IN_2026_01286,True,False,False,False,True,False,False,0.18,0.24089245559731595,1
CB_IN_2026_01880,True,False,True,False,True,True,True,0.92,0.98,1
CB_IN_2026_09432,True,True,True,False,True,False,True,0.85,0.8925357783777556,1
CB_IN_2026_02385,False,True,False,False,True,False,False,0.08,0.14279411426535518,0
CB_IN_2026_04291,True,True,False,False,True,True,False,0.08,0.04935626410703463,0
CB_IN_2026_02496,True,True,True,False,True,True,True,0.92,0.9698682428552983,1
CB_IN_2026_02943,True,True,True,False,True,True,True,0.9,0.86183932330699,0
CB_IN_2026_04817,True,True,True,False,True,True,True,0.85,0.8464208228152872,1
CB_IN_2026_09020,True,False,True,False,True,True,True,0.55,0.5101732897216,1
CB_IN_2026_01655,True,False,True,False,False,True,True,0.92,0.98,1
CB_IN_2026_03061,False,True,True,True,True,False,True,0.85,0.870915996711326,1
CB_IN_2026_05607,False,True,True,False,True,True,True,0.05,0.13089240693512288,1
CB_IN_2026_05518,True,True,True,False,False,False,True,0.85,0.8111833052036809,1
CB_IN_2026_00745,True,False,True,False,False,False,True,0.3,0.30423751721098313,0
CB_IN_2026_07922,True,False,True,False,True,False,True,0.3,0.20887509830093665,0
CB_IN_2026_00051,True,False,False,False,False,False,False,0.1,0.17154224413250205,0
CB_IN_2026_06837,True,False,True,False,True,True,True,0.92,0.956782361975872,1
CB_IN_2026_06893,True,True,True,False,True,True,True,0.9,0.8232868212899218,1
CB_IN_2026_01374,False,False,True,False,True,True,True,0.88,0.9222054480855044,1
CB_IN_2026_02796,False,False,True,False,True,True,True,0.9,0.98,1
CB_IN_2026_07590,True,True,False,False,True,True,False,0.08,0.1143663782720753,0
CB_IN_2026_08538,True,True,True,False,True,False,True,0.85,0.955448475298603,1
CB_IN_2026_01756,True,True,False,False,True,True,True,0.9,0.8721895736895173,1
CB_IN_2026_08054,True,False,False,False,True,False,True,0.25,0.30701445544354317,1
CB_IN_2026_05582,True,False,True,False,True,False,False,0.08,0.02,0
CB_IN_2026_08053,False,False,True,False,True,False,True,0.9,0.8975106990975351,1
CB_IN_2026_02776,True,False,False,False,False,True,False,0.08,0.06062857974869588,0
CB_IN_2026_03682,True,True,True,False,False,True,True,0.15,0.08763179034576202,0
CB_IN_2026_09602,True,True,True,True,True,False,True,0.3,0.32447384846334976,0
CB_IN_2026_07053,False,True,False,False,True,False,False,0.03,0.04754973216090378,0
CB_IN_2026_04219,True,True,True,False,False,False,True,0.3,0.29096001028372587,0
CB_IN_2026_00592,True,True,True,False,True,True,True,0.85,0.7502823699671675,1
CB_IN_2026_05929,True,True,True,False,True,True,True,0.85,0.7194064529279153,1
CB_IN_2026_08430,True,False,True,False,True,False,True,0.18,0.3399398522411412,0
CB_IN_2026_05062,True,True,False,False,True,False,False,0.08,0.15566224156824449,0
CB_IN_2026_04485,True,True,True,False,False,False,True,0.85,0.8723858051231935,0
CB_IN_2026_01315,True,False,True,False,True,False,True,0.9,0.8137059768273971,1
CB_IN_2026_01885,False,False,False,False,True,False,False,0.08,0.16062789385931064,0
CB_IN_2026_05996,True,True,True,False,False,False,True,0.3,0.25628003212758355,0
CB_IN_2026_03658,True,False,False,False,False,False,False,0.03,0.10007565799000534,0
CB_IN_2026_04055,True,True,False,False,True,False,True,0.9,0.8179768286928653,0
CB_IN_2026_08982,True,True,True,False,True,False,False,0.08,0.08364924309476471,0
CB_IN_2026_00840,False,True,True,False,True,False,True,0.75,0.7107131888378821,1
CB_IN_2026_03265,True,True,True,False,True,True,True,0.88,0.8052451517326694,1
CB_IN_2026_02343,True,False,True,False,True,True,True,0.92,0.906787701509269,1
CB_IN_2026_09781,True,False,True,False,True,False,True,0.92,0.9732686722779529,1
CB_IN_2026_08126,True,False,False,False,True,False,False,0.92,0.8633860093456406,1
CB_IN_2026_02723,True,False,True,False,True,False,True,0.2,0.14884399442504145,0
CB_IN_2026_06112,True,True,True,False,True,False,True,0.85,0.8321128934148146,1
CB_IN_2026_09302,True,False,True,False,True,True,True,0.9,0.9155213551610313,1
CB_IN_2026_01154,True,False,False,False,True,True,False,0.9,0.8962301343700083,1
CB_IN_2026_08491,True,True,False,False,True,False,False,0.08,0.19808733069043105,0
CB_IN_2026_04185,True,True,True,False,True,True,True,0.85,0.8867532767588868,0
CB_IN_2026_01609,True,True,True,False,True,True,True,0.85,0.8023931288356679,1
CB_IN_2026_07653,True,True,True,False,True,True,True,0.9,0.98,1
CB_IN_2026_07726,True,True,False,False,True,True,False,0.08,0.10900346119913144,0
CB_IN_2026_09841,True,True,True,False,True,True,True,0.92,0.8841224963593418,1
CB_IN_2026_00876,True,True,False,False,True,False,False,0.85,0.8681044876077428,1
CB_IN_2026_00594,True,True,True,False,False,False,True,0.75,0.8362923640079057,1
CB_IN_2026_06653,True,True,True,False,True,False,True,0.18,0.2300558047562185,0
CB_IN_2026_07751,False,True,True,False,True,True,True,0.85,0.9348390661010926,1
CB_IN_2026_02255,True,True,False,False,True,False,True,0.3,0.335551997910457,0
CB_IN_2026_00196,True,True,True,False,True,True,True,0.9,0.899010642901575,1
CB_IN_2026_03279,True,True,True,True,True,True,True,0.2,0.1524511143624154,0
CB_IN_2026_08935,True,True,False,False,True,False,True,0.9,0.9372580051380365,1
CB_IN_2026_04897,True,True,False,False,False,True,False,0.08,0.08469161079553289,0
CB_IN_2026_01176,False,True,True,False,False,True,True,0.05,0.07409614665069326,0
CB_IN_2026_07507,True,False,False,False,True,False,True,0.92,0.895025823905148,1
CB_IN_2026_06327,True,True,False,False,True,False,False,0.08,0.16456181535917946,0
CB_IN_2026_07468,True,False,True,False,True,False,True,0.9,0.98,1
CB_IN_2026_05230,True,False,True,False,False,False,True,0.55,0.5529739250903508,0
CB_IN_2026_03737,True,True,True,False,False,False,True,0.15,0.057547364250677094,1
CB_IN_2026_01800,True,False,False,False,True,True,False,0.08,0.11607540025469315,0
CB_IN_2026_00394,True,True,False,False,True,True,True,0.25,0.31442917893052225,0
CB_IN_2026_09136,True,True,False,False,True,True,True,0.25,0.2904394956028344,0
CB_IN_2026_00671,True,False,False,False,True,False,False,0.03,0.07864776927601777,0
CB_IN_2026_02665,False,True,True,False,True,False,True,0.85,0.9209756413113837,1
CB_IN_2026_04590,True,True,True,False,True,False,True,0.9,0.98,1
CB_IN_2026_07897,True,True,False,False,True,False,True,0.75,0.6239498874279251,0
CB_IN_2026_04718,False,False,False,False,True,False,False,0.08,0.02,0
CB_IN_2026_00131,True,False,False,False,True,False,False,0.08,0.09282273431118825,0
CB_IN_2026_06260,True,True,False,False,False,False,False,0.85,0.8537199877888599,1
CB_IN_2026_08922,True,False,True,False,True,False,True,0.92,0.876390620286662,1
CB_IN_2026_06230,True,True,False,False,True,False,False,0.08,0.176749621309595,0
CB_IN_2026_03041,True,False,True,False,True,False,True,0.92,0.9199457069025867,1
CB_IN_2026_01236,True,True,True,False,True,False,True,0.3,0.23913369902697912,0
CB_IN_2026_08378,True,True,True,False,True,False,True,0.92,0.9028817189012448,1
CB_IN_2026_05236,True,True,True,False,True,True,True,0.85,0.8168462042539141,1
CB_IN_2026_04891,True,True,True,False,True,False,True,0.85,0.8635194146331358,1
CB_IN_2026_03590,True,False,False,False,True,True,False,0.08,0.17234741062580894,1
CB_IN_2026_07216,True,True,False,False,True,True,False,0.08,0.16330022456491375,0
CB_IN_2026_05002,False,False,False,False,True,False,True,0.3,0.3321234854244266,0
CB_IN_2026_08671,True,True,True,False,True,False,True,0.9,0.7824709500628323,1
CB_IN_2026_05477,True,True,False,False,True,False,False,0.3,0.3058104906466418,0
CB_IN_2026_04699,True,False,True,False,False,False,True,0.92,0.9059640055547313,0
CB_IN_2026_05439,True,False,True,False,True,False,True,0.55,0.48718822993850125,1
CB_IN_2026_06791,True,False,True,False,True,False,True,0.55,0.5597459642561722,1
CB_IN_2026_08468,True,False,False,False,False,True,False,0.1,0.1505443990240359,0
CB_IN_2026_08128,True,True,True,False,True,True,True,0.85,0.7795222650087962,1
CB_IN_2026_08526,True,False,False,False,False,False,False,0.08,0.13265031534878122,0
CB_IN_2026_00843,True,False,False,False,True,False,True,0.1,0.02,0
CB_IN_2026_05210,True,False,True,False,True,False,True,0.75,0.7536225094626494,0
CB_IN_2026_05901,True,False,True,False,True,False,True,0.55,0.6990472050708638,0
CB_IN_2026_07028,True,False,False,False,True,True,True,0.92,0.98,1
CB_IN_2026_05671,False,True,True,False,False,False,True,0.05,0.024428854768771928,0
CB_IN_2026_08877,True,True,True,False,True,False,True,0.9,0.7837636007320404,0
CB_IN_2026_04719,True,True,True,True,True,False,True,0.85,0.8335784090614591,1
CB_IN_2026_01698,True,True,False,False,True,True,False,0.75,0.685425008893369,1
CB_IN_2026_06108,True,True,False,False,True,True,False,0.08,0.052300713250844996,0
CB_IN_2026_02457,True,True,True,False,True,False,True,0.85,0.9531306818266,1
CB_IN_2026_01022,True,False,True,False,True,False,True,0.75,0.6684000934577478,1
CB_IN_2026_00701,True,True,True,False,True,True,True,0.85,0.9117941182028128,1
CB_IN_2026_09104,True,True,True,False,False,False,True,0.85,0.83327853926622,0
CB_IN_2026_00964,True,False,True,False,False,True,True,0.75,0.833350498584867,1
CB_IN_2026_00832,True,False,True,False,True,True,True,0.1,0.14293759251985713,0
CB_IN_2026_04698,True,True,False,False,True,False,False,0.08,0.05981562356359686,0
CB_IN_2026_04975,True,True,True,False,False,False,True,0.3,0.2658988100555181,0
CB_IN_2026_07742,True,True,True,False,True,True,True,0.92,0.7526991227656745,1
CB_IN_2026_08897,True,False,False,False,True,True,False,0.92,0.839441616422397,1
CB_IN_2026_02818,True,True,True,False,True,True,True,0.85,0.7454690568215716,0
CB_IN_2026_02348,False,True,True,False,True,False,True,0.55,0.5642398866661612,0
CB_IN_2026_01704,True,True,True,False,True,False,True,0.55,0.595707807797295,0
CB_IN_2026_08030,False,False,True,False,True,False,True,0.3,0.1405586549290498,0
CB_IN_2026_01971,True,True,True,False,True,False,True,0.85,0.7499783317708477,1
CB_IN_2026_08899,True,True,True,False,True,False,True,0.85,0.9018706579564527,1
CB_IN_2026_07384,True,False,True,False,False,True,True,0.1,0.12983128843991668,0
CB_IN_2026_07584,True,True,False,False,False,False,True,0.85,0.8278410162765817,1
CB_IN_2026_01359,True,True,True,False,True,True,True,0.92,0.98,1
CB_IN_2026_09695,True,True,True,False,True,False,True,0.55,0.6610892334549907,1
CB_IN_2026_08737,True,False,True,False,True,False,True,0.55,0.5661069799562062,1
CB_IN_2026_05113,True,False,False,False,True,False,False,0.08,0.03798682667580098,0
CB_IN_2026_02609,True,True,True,False,True,False,True,0.75,0.6672983527709856,1
CB_IN_2026_05094,True,False,True,False,True,True,True,0.92,0.8674087499711067,1
CB_IN_2026_06165,False,True,True,False,True,False,True,0.9,0.8155874806592917,1
CB_IN_2026_03760,True,False,True,False,False,True,False,0.08,0.1950148087721921,0
CB_IN_2026_08321,True,True,True,False,True,False,True,0.92,0.914345854296143,1
CB_IN_2026_07558,True,True,True,False,True,False,True,0.92,0.8992217051214125,1
CB_IN_2026_07553,True,False,True,False,True,False,True,0.9,0.98,1
CB_IN_2026_04176,True,False,True,False,True,True,True,0.1,0.06989312072045377,0
CB_IN_2026_02649,True,False,True,False,True,True,True,0.88,0.8177594323668594,0
CB_IN_2026_01782,True,True,True,False,True,True,True,0.9,0.9654716124323871,1
CB_IN_2026_00095,True,True,False,False,False,False,False,0.85,0.8902434100062125,1
CB_IN_2026_03431,False,True,True,False,True,True,True,0.88,0.8589392864737094,1
CB_IN_2026_08959,True,False,True,False,True,False,False,0.75,0.7440500662399383,1
CB_IN_2026_05748,True,True,False,False,True,False,False,0.03,0.02,0
CB_IN_2026_01479,True,True,True,False,True,False,True,0.9,0.98,1
CB_IN_2026_07677,True,True,True,False,False,False,True,0.55,0.558508907751353,0
CB_IN_2026_01908,True,False,True,False,True,True,True,0.1,0.1266963569777237,0
CB_IN_2026_02006,True,True,True,False,True,False,True,0.85,0.8400475567417689,1
CB_IN_2026_02556,True,False,True,False,True,True,True,0.92,0.98,1
CB_IN_2026_01361,True,True,True,False,False,False,True,0.85,0.8793841847097621,1
CB_IN_2026_01324,True,True,True,False,False,False,True,0.18,0.1513334517507759,0
CB_IN_2026_08495,True,False,True,False,True,False,True,0.75,0.7791303325274828,1
CB_IN_2026_02294,False,True,False,False,False,False,False,0.08,0.04766826703769907,0
CB_IN_2026_08006,True,False,True,False,True,False,True,0.45,0.45407399908519314,1
CB_IN_2026_01615,True,True,True,False,False,True,True,0.15,0.08635219050273468,0
CB_IN_2026_08690,True,True,True,False,True,True,True,0.92,0.8427997223408847,1
CB_IN_2026_02391,False,True,True,False,True,False,False,0.18,0.1646185668361748,0
CB_IN_2026_01804,True,False,True,False,True,False,True,0.9,0.98,0
CB_IN_2026_07818,True,True,True,False,True,True,True,0.9,0.949767357699466,1
CB_IN_2026_07155,True,True,True,False,True,False,True,0.85,0.8918941072553498,1
CB_IN_2026_09334,True,True,True,False,True,False,True,0.92,0.9598115488254207,1
CB_IN_2026_03305,True,True,False,False,True,False,True,0.92,0.8748635127420227,0
CB_IN_2026_00423,True,True,True,False,True,True,True,0.85,0.9331413396963463,1
CB_IN_2026_04849,True,True,True,False,True,False,True,0.85,0.9387949111584989,0
CB_IN_2026_09662,True,False,False,False,True,True,False,0.08,0.12623315219760867,0
CB_IN_2026_09387,True,False,True,False,True,False,True,0.3,0.26210239213900105,1
CB_IN_2026_07234,False,False,True,False,True,False,True,0.9,0.9260321336703466,1
CB_IN_2026_03380,True,False,True,False,False,True,True,0.25,0.19821174907558758,0
CB_IN_2026_02935,True,True,False,False,False,False,True,0.1,0.11798339594676872,0
CB_IN_2026_05721,True,True,False,False,True,True,True,0.03,0.051354853329254324,0
CB_IN_2026_05864,True,False,True,False,True,False,True,0.3,0.42700684540563594,0
CB_IN_2026_07458,True,True,True,False,True,False,True,0.55,0.5850333163675835,1
CB_IN_2026_06142,True,False,True,False,True,False,True,0.2,0.19096614728004066,0
CB_IN_2026_05835,True,True,True,False,True,False,True,0.3,0.3722074833999469,0
CB_IN_2026_00019,True,False,False,False,True,False,False,0.08,0.03474279195135824,0
CB_IN_2026_05374,True,True,True,False,True,False,False,0.08,0.1486217831143578,1
CB_IN_2026_06207,True,False,True,False,False,False,True,0.1,0.09294238221856255,0
CB_IN_2026_05463,False,True,True,False,True,True,True,0.85,0.8449530668271579,0
CB_IN_2026_05757,True,True,True,False,True,False,True,0.55,0.48733052860905823,1
CB_IN_2026_05482,True,True,True,False,True,False,True,0.92,0.9410756453881358,1
CB_IN_2026_04554,False,True,True,False,False,False,True,0.55,0.460648835092794,1
CB_IN_2026_05481,True,True,True,False,True,False,True,0.55,0.44857417264763066,1
CB_IN_2026_07021,True,True,False,False,False,True,True,0.85,0.766836321377835,1
CB_IN_2026_09132,True,True,True,False,True,False,True,0.85,0.8129986075671422,1
CB_IN_2026_04412,True,False,False,False,True,True,False,0.92,0.98,1
CB_IN_2026_06024,False,False,False,False,True,True,True,0.9,0.9560561270734217,1
CB_IN_2026_01975,True,True,True,False,True,False,True,0.75,0.7138386323409512,1
CB_IN_2026_01225,True,False,True,False,True,True,True,0.1,0.23028520193416785,0
CB_IN_2026_04494,False,False,True,False,True,False,True,0.9,0.98,1
CB_IN_2026_06131,True,False,True,False,False,False,True,0.18,0.2494487209641453,0
CB_IN_2026_04986,True,True,False,False,False,False,True,0.15,0.1912235693210844,0
CB_IN_2026_05398,True,True,True,False,True,True,True,0.92,0.8890196862434232,1
CB_IN_2026_03158,False,False,True,False,True,False,True,0.18,0.25605763724608205,0
CB_IN_2026_03294,True,True,True,False,True,False,True,0.85,0.8319646643765908,1
CB_IN_2026_05708,True,False,False,False,True,False,True,0.3,0.30079641422179254,0
CB_IN_2026_08801,True,True,True,False,True,False,True,0.9,0.98,1
CB_IN_2026_00130,True,True,True,False,True,False,True,0.9,0.9022683485302747,1
CB_IN_2026_09667,True,False,False,False,True,False,False,0.08,0.12826181360183558,0
CB_IN_2026_01352,True,False,False,False,False,False,False,0.08,0.24220866037137267,1
CB_IN_2026_01796,True,False,False,False,True,True,False,0.08,0.07872816644998595,0
CB_IN_2026_07780,False,True,False,False,True,False,False,0.08,0.11830049288219693,0
CB_IN_2026_04863,True,True,True,False,True,True,True,0.92,0.9157327974963629,1
CB_IN_2026_09546,True,False,True,False,True,False,True,0.92,0.98,1
CB_IN_2026_00645,True,True,True,False,True,False,True,0.55,0.5681405430752234,1
CB_IN_2026_06085,False,False,True,False,True,False,True,0.9,0.98,1
CB_IN_2026_07154,False,True,True,False,True,False,True,0.9,0.9153385204261871,1
CB_IN_2026_05908,True,True,True,False,True,False,True,0.55,0.5204815870757687,1
CB_IN_2026_08432,False,False,True,False,False,False,True,0.55,0.5636642303345777,1
CB_IN_2026_01992,True,True,True,False,False,False,True,0.12,0.10122887027665889,0
CB_IN_2026_03376,True,False,False,False,True,False,True,0.75,0.8692051579743273,1
CB_IN_2026_08341,True,True,True,False,True,False,True,0.85,0.753845725580758,1
CB_IN_2026_05788,True,False,True,False,True,False,True,0.1,0.10713472160530634,0
CB_IN_2026_09689,True,True,True,False,False,False,True,0.85,0.98,1
CB_IN_2026_02022,True,True,True,False,True,True,True,0.75,0.6978176965230694,1
CB_IN_2026_05019,False,True,True,False,True,False,True,0.05,0.02,0
CB_IN_2026_04771,True,True,True,False,True,False,True,0.75,0.7246923865731641,1
CB_IN_2026_01000,True,False,True,False,True,False,True,0.3,0.29245741989970997,0
CB_IN_2026_09770,True,True,True,False,True,False,True,0.2,0.17222187559968433,0
CB_IN_2026_06607,True,True,True,False,True,True,True,0.9,0.8942212544907363,1
CB_IN_2026_01420,True,False,True,True,True,False,True,0.9,0.83233444199004,1
CB_IN_2026_02505,True,False,False,False,True,False,False,0.9,0.8496576598845434,1
CB_IN_2026_06543,False,True,True,False,True,False,True,0.3,0.2548486238445913,0
CB_IN_2026_09415,True,True,True,False,True,False,True,0.85,0.7439174149513865,1
CB_IN_2026_05723,True,True,True,False,False,False,False,0.08,0.021700997984720874,0
CB_IN_2026_09312,False,True,False,False,True,True,False,0.08,0.036417611936309074,0
CB_IN_2026_00977,True,False,True,False,True,False,True,0.9,0.894506705603794,0
CB_IN_2026_00739,True,False,True,False,False,True,True,0.55,0.5779688069065234,0
CB_IN_2026_06484,True,True,False,False,False,True,True,0.85,0.8124767313212724,1
CB_IN_2026_06494,True,False,True,False,True,False,True,0.25,0.16311779039005397,0
CB_IN_2026_06100,True,False,True,False,True,False,True,0.92,0.8544585981779957,1
CB_IN_2026_07923,True,True,True,False,True,True,True,0.92,0.8107291005448629,1
CB_IN_2026_00788,True,True,True,True,True,True,True,0.9,0.9788443646541555,1
CB_IN_2026_07925,True,True,True,False,True,False,True,0.9,0.8748552319170153,1
CB_IN_2026_03775,True,True,True,False,True,False,True,0.18,0.16837918465705867,1
CB_IN_2026_03925,False,True,False,False,True,True,False,0.08,0.07440814504514051,1
CB_IN_2026_02951,True,True,True,False,True,True,True,0.9,0.98,1
CB_IN_2026_02956,False,True,True,False,True,True,True,0.9,0.826981488934491,1
CB_IN_2026_05972,True,False,False,False,True,True,False,0.88,0.9214078058464187,1
CB_IN_2026_03181,False,True,True,False,False,False,True,0.55,0.6444293150004766,0
CB_IN_2026_06992,True,False,False,False,True,False,True,0.3,0.37341855142681024,0
CB_IN_2026_08075,False,False,True,False,True,False,True,0.9,0.882546553334798,1
CB_IN_2026_07589,True,False,True,False,True,True,True,0.92,0.9605693014112603,1
CB_IN_2026_05599,True,True,False,False,True,True,False,0.08,0.12799769009358994,0
CB_IN_2026_05634,True,False,True,False,True,False,True,0.1,0.10257634613436911,0
CB_IN_2026_00304,True,False,False,False,True,False,True,0.25,0.2997449874714696,0
CB_IN_2026_09376,True,True,True,False,True,False,True,0.9,0.9272653663660742,1
CB_IN_2026_03088,True,False,True,False,True,False,True,0.92,0.9559063018407858,1
CB_IN_2026_06931,True,False,True,True,True,False,True,0.45,0.38914650235017945,1
CB_IN_2026_01505,True,False,True,False,False,True,True,0.15,0.06070000767200705,0
CB_IN_2026_06960,True,True,True,False,True,False,True,0.92,0.9189454191817218,1
CB_IN_2026_07536,False,False,True,False,True,False,False,0.08,0.09008804896596512,0
CB_IN_2026_06350,False,False,True,False,True,True,True,0.25,0.1923816000062728,0
CB_IN_2026_02821,True,True,False,False,False,False,True,0.3,0.07561428905536416,0
CB_IN_2026_03132,True,False,True,False,True,False,True,0.92,0.98,1
CB_IN_2026_02393,True,True,True,False,False,False,True,0.75,0.7191922123859165,1
CB_IN_2026_06973,True,False,True,False,False,True,True,0.88,0.8179364478679568,1
CB_IN_2026_09049,False,True,True,False,True,False,True,0.85,0.9278502217551171,1
CB_IN_2026_06761,True,True,False,False,True,True,False,0.88,0.7936463659481482,1
CB_IN_2026_04164,True,False,True,False,True,False,True,0.3,0.35131662371191874,1
CB_IN_2026_02058,False,True,False,False,True,True,False,0.08,0.14255978632994817,0
CB_IN_2026_01120,True,True,True,False,True,True,True,0.9,0.8050404998024867,1
CB_IN_2026_03465,True,True,True,False,True,True,True,0.92,0.96000338247177,1
CB_IN_2026_02289,True,False,True,False,True,False,True,0.55,0.5207423702535322,1
CB_IN_2026_03632,False,False,False,False,True,False,False,0.08,0.023171821607465344,0
CB_IN_2026_06939,False,True,True,False,False,True,True,0.92,0.913630125505096,1
CB_IN_2026_08004,True,True,True,False,True,True,True,0.75,0.8003421183475667,0
CB_IN_2026_02508,True,False,False,False,True,False,False,0.08,0.09962778678955479,0
CB_IN_2026_03628,True,True,True,False,True,False,True,0.75,0.7909070943577251,0
CB_IN_2026_01183,False,True,False,False,True,False,True,0.3,0.35467883174236176,0
CB_IN_2026_06236,True,False,True,False,True,True,True,0.55,0.5351107077538981,1
CB_IN_2026_06771,True,False,True,False,True,False,True,0.2,0.1828526596351487,0
CB_IN_2026_07688,True,False,True,False,False,False,True,0.1,0.2156735206974018,0
CB_IN_2026_07633,True,False,True,False,False,False,True,0.92,0.7560962873675442,1
CB_IN_2026_07834,True,False,True,False,True,False,True,0.1,0.10733560302440026,0
CB_IN_2026_07502,True,False,False,False,False,False,True,0.18,0.18586099844817622,0
CB_IN_2026_06423,True,False,True,False,False,True,True,0.1,0.10903220820144688,0
CB_IN_2026_03715,True,True,True,False,True,False,True,0.03,0.02615822310963725,0
CB_IN_2026_01744,True,True,False,False,True,False,True,0.9,0.8914802496094082,1
CB_IN_2026_06133,True,False,False,False,True,False,False,0.08,0.08526343977413749,0
CB_IN_2026_09582,False,False,True,False,True,False,True,0.9,0.8961712012172359,1
CB_IN_2026_02691,True,True,False,False,False,False,False,0.1,0.2361932179028579,0
CB_IN_2026_00706,True,False,True,False,True,False,True,0.92,0.9101277746407225,1
CB_IN_2026_05334,True,False,True,False,True,False,True,0.3,0.32761163630163614,0
CB_IN_2026_04530,True,True,True,False,False,False,True,0.3,0.4010360670589141,0
CB_IN_2026_03288,True,False,True,False,True,False,True,0.1,0.10674992319386734,0
CB_IN_2026_00807,True,True,False,False,True,True,False,0.85,0.7694037522605226,1
CB_IN_2026_03329,True,True,True,False,True,True,True,0.9,0.9219598758980415,1
CB_IN_2026_05486,True,True,True,False,True,False,True,0.75,0.6556662213198523,1
CB_IN_2026_02201,True,True,True,False,True,False,True,0.9,0.9125735145871855,1
CB_IN_2026_02726,True,True,False,False,True,False,True,0.9,0.9492288104421915,1
CB_IN_2026_05616,True,True,True,False,False,True,True,0.92,0.9033336149072254,1
CB_IN_2026_03577,True,True,True,False,False,True,True,0.92,0.8934517719148064,1
CB_IN_2026_01341,True,True,False,False,False,False,False,0.08,0.09086281047553056,0
CB_IN_2026_09442,True,True,False,False,True,False,False,0.08,0.08417466858750784,0
CB_IN_2026_03763,True,True,True,False,True,False,True,0.9,0.9324057745952518,1
CB_IN_2026_07096,True,False,True,False,False,False,True,0.1,0.04223342814021849,0
CB_IN_2026_06995,True,True,True,False,False,False,True,0.85,0.8089171648771173,1
CB_IN_2026_01335,True,False,True,False,True,False,True,0.3,0.31868128697471565,0
CB_IN_2026_00852,True,True,True,False,True,False,True,0.92,0.8755898429419986,1
CB_IN_2026_01312,True,False,False,False,True,False,False,0.1,0.09031546305652574,1
CB_IN_2026_06457,True,True,True,False,True,False,True,0.9,0.98,1
CB_IN_2026_00865,True,False,True,False,False,False,True,0.12,0.021292878065973256,1
CB_IN_2026_02640,True,True,True,False,True,True,True,0.85,0.8299979021743819,1
CB_IN_2026_08718,False,True,True,False,True,False,True,0.03,0.11968324871177022,0
CB_IN_2026_02160,True,True,True,False,False,False,True,0.85,0.8202636516383051,1
CB_IN_2026_06430,True,True,False,False,True,False,False,0.85,0.95199007803906,1
CB_IN_2026_09177,True,False,False,False,False,False,False,0.08,0.05127862333483308,0
CB_IN_2026_01746,True,False,False,False,True,False,False,0.08,0.0554068370226273,0
CB_IN_2026_02107,True,True,True,False,True,True,True,0.85,0.8912493661236016,1
CB_IN_2026_06117,False,True,True,False,True,True,True,0.85,0.7483391712249226,1
CB_IN_2026_02098,True,False,True,False,True,False,True,0.9,0.8749143872646944,0
CB_IN_2026_02950,True,True,True,False,True,True,True,0.85,0.8924749810877358,1
CB_IN_2026_09077,True,False,True,False,False,False,True,0.55,0.5400680712348147,1
CB_IN_2026_08745,True,False,True,False,True,True,True,0.2,0.26517900020918694,1
CB_IN_2026_01135,True,True,False,False,True,False,False,0.08,0.10567414222074924,0
CB_IN_2026_02852,True,True,True,False,True,False,True,0.75,0.7228450091130002,1
CB_IN_2026_08358,True,True,True,False,True,False,True,0.25,0.17596982115989457,0
CB_IN_2026_01171,False,False,True,False,False,False,True,0.1,0.08888852696365507,0
CB_IN_2026_04573,True,True,True,False,False,False,True,0.75,0.7152648150612579,0
CB_IN_2026_02170,True,True,False,False,True,False,False,0.85,0.7775156205501905,1
CB_IN_2026_05722,True,False,False,False,False,False,True,0.1,0.02,0
CB_IN_2026_03797,True,True,True,False,True,False,True,0.3,0.30958174601842814,1
CB_IN_2026_08263,True,False,True,False,False,False,True,0.18,0.1785050462519673,0
CB_IN_2026_09557,False,True,True,False,True,True,True,0.55,0.4732672236191588,0
CB_IN_2026_09912,True,True,True,False,True,False,True,0.9,0.8662620668958125,1
CB_IN_2026_02327,True,False,False,False,True,False,False,0.08,0.13283195354663307,0
CB_IN_2026_06491,True,False,False,False,True,True,True,0.25,0.3654717427163171,0
CB_IN_2026_01934,True,True,False,False,False,False,False,0.85,0.8723903378622411,0
CB_IN_2026_03407,True,False,True,False,True,False,True,0.75,0.7479944289541307,1
CB_IN_2026_02589,False,True,True,False,True,True,True,0.9,0.9044538316739023,0
CB_IN_2026_06542,True,True,True,False,True,True,True,0.9,0.8779912809318632,1
CB_IN_2026_00495,True,False,False,False,False,True,False,0.08,0.2450706977972098,0
CB_IN_2026_04309,True,False,True,False,True,False,True,0.55,0.5725316373198078,0
CB_IN_2026_01573,True,True,True,False,True,False,True,0.85,0.749753541307818,1
CB_IN_2026_00132,True,True,False,False,False,False,False,0.92,0.8561540057156551,1
CB_IN_2026_02803,True,True,True,False,False,False,True,0.55,0.538338058125776,0
CB_IN_2026_08347,True,False,True,False,True,True,True,0.9,0.9154248100977691,1
CB_IN_2026_01522,True,True,False,False,True,False,False,0.08,0.023811173441505705,0
CB_IN_2026_04917,True,False,True,False,True,True,True,0.1,0.08147850882526178,0
CB_IN_2026_00354,True,False,True,False,True,True,True,0.1,0.04860452087555754,0
CB_IN_2026_06061,False,True,False,False,True,False,False,0.08,0.14790033158150173,0
CB_IN_2026_00203,True,True,True,False,False,False,True,0.85,0.9609456634194782,1
CB_IN_2026_00249,False,True,False,False,False,False,False,0.08,0.09265478546497939,0
CB_IN_2026_04587,True,False,False,False,True,False,False,0.08,0.1159905169930074,1
CB_IN_2026_00256,True,True,True,False,True,False,True,0.3,0.3419095189614851,0
CB_IN_2026_09643,False,True,True,False,True,False,True,0.3,0.27075062680988626,0
CB_IN_2026_09805,True,True,False,False,True,False,False,0.9,0.9751568754674462,1
CB_IN_2026_06537,True,True,True,False,True,False,True,0.85,0.8120430244866816,1
CB_IN_2026_09606,False,False,True,False,True,True,True,0.2,0.15113268460210094,0
CB_IN_2026_04448,True,False,True,False,True,False,True,0.3,0.26510775755123783,0
CB_IN_2026_04431,True,True,True,False,True,False,True,0.75,0.6604630708974277,1
CB_IN_2026_09411,True,False,True,False,True,False,False,0.08,0.13462900281221685,0
CB_IN_2026_09413,True,False,True,False,True,False,True,0.45,0.466409282191376,1
CB_IN_2026_06896,True,True,False,False,True,False,False,0.08,0.02,0
CB_IN_2026_08123,True,True,True,False,False,False,True,0.92,0.8927332754384627,1
CB_IN_2026_02807,True,True,True,False,False,True,True,0.85,0.8935811590694225,1
CB_IN_2026_07825,False,False,True,False,False,True,True,0.1,0.028739571694530078,0
CB_IN_2026_01821,True,False,True,False,True,False,True,0.92,0.9441665340574663,1
CB_IN_2026_03684,True,True,True,False,True,False,True,0.9,0.8489119491287328,0
CB_IN_2026_07660,True,False,True,False,True,False,True,0.3,0.29239437873671653,1
CB_IN_2026_01192,True,False,False,False,True,False,False,0.08,0.1744122576836109,0
CB_IN_2026_00982,True,False,False,False,False,False,True,0.75,0.600582366646957,1
CB_IN_2026_02940,True,False,True,False,True,False,False,0.1,0.14478521318473908,0
CB_IN_2026_08680,True,True,True,False,True,False,False,0.08,0.14834791255104857,0
CB_IN_2026_07956,True,True,True,False,True,False,True,0.85,0.7322420105464694,1
CB_IN_2026_09028,True,False,False,False,True,False,False,0.08,0.06562906448548911,0
CB_IN_2026_09876,True,False,False,False,True,False,False,0.08,0.052875621549565294,0
CB_IN_2026_09149,True,True,True,False,True,True,True,0.88,0.9291668905093345,1
CB_IN_2026_02636,True,False,False,False,False,False,True,0.1,0.05940620766820489,0
CB_IN_2026_07370,True,False,False,False,True,True,False,0.08,0.03359536618766534,0
CB_IN_2026_09220,True,True,True,False,True,True,True,0.55,0.5920634131484099,1
CB_IN_2026_03779,True,True,True,False,False,False,True,0.92,0.8417380886088528,1
CB_IN_2026_07779,True,False,False,False,True,False,True,0.9,0.9751388453242396,1
CB_IN_2026_09880,True,True,True,False,True,False,True,0.18,0.22326140967152425,1
CB_IN_2026_00841,True,True,False,True,True,False,True,0.85,0.7204998637633996,1
CB_IN_2026_02918,True,True,True,False,True,False,True,0.55,0.6017296967302985,1
CB_IN_2026_01456,True,True,True,False,False,False,True,0.85,0.820973932227982,0
CB_IN_2026_08720,True,True,True,False,True,False,True,0.18,0.18103888160380768,0
CB_IN_2026_05226,False,True,False,False,False,False,False,0.08,0.02,0
CB_IN_2026_04223,True,True,True,False,True,True,True,0.92,0.9004673655791373,1
CB_IN_2026_06357,False,False,True,False,True,True,True,0.92,0.9278913639114137,1
CB_IN_2026_02306,True,True,True,False,False,False,True,0.3,0.2688372525676265,1
CB_IN_2026_06511,True,False,False,False,True,False,False,0.1,0.14295198895299055,0
CB_IN_2026_05473,True,False,True,False,False,False,True,0.55,0.5663327910479423,1
CB_IN_2026_04274,True,True,False,False,True,False,False,0.08,0.1704093875791916,1
CB_IN_2026_04277,True,False,False,False,False,False,False,0.3,0.27780620646695264,0
CB_IN_2026_08328,True,False,True,False,False,True,True,0.55,0.6600209251929418,0
CB_IN_2026_02231,True,True,True,False,True,False,True,0.9,0.8936572531131736,1
CB_IN_2026_02305,True,True,True,False,True,False,True,0.55,0.5749383224115353,0
CB_IN_2026_08243,True,True,False,False,False,False,False,0.08,0.08950806315803472,1
CB_IN_2026_03818,True,True,True,False,True,False,True,0.92,0.9059578524032468,1
CB_IN_2026_02423,True,False,False,False,True,False,True,0.45,0.4073799876036,0
CB_IN_2026_02447,True,False,True,False,True,True,True,0.9,0.9518110676790574,1
CB_IN_2026_02841,True,True,True,False,True,False,True,0.3,0.3552340798554441,1
CB_IN_2026_03689,True,False,True,False,True,True,False,0.9,0.8816652303752505,1
CB_IN_2026_00333,False,True,True,False,True,True,True,0.05,0.02,0
CB_IN_2026_06911,False,True,True,False,True,False,True,0.05,0.02,0
CB_IN_2026_02808,True,True,True,False,True,False,True,0.3,0.462511635046438,0
CB_IN_2026_06959,True,True,True,True,True,False,True,0.18,0.16579098660307165,0
CB_IN_2026_09865,True,False,True,False,True,True,True,0.9,0.8098740714586223,1
CB_IN_2026_01735,False,False,True,False,True,False,True,0.9,0.7980052679774722,1
CB_IN_2026_09050,False,True,False,False,True,False,True,0.25,0.36604329726161494,0
CB_IN_2026_05213,True,False,False,False,False,True,False,0.08,0.10562331917629776,0
CB_IN_2026_02695,True,True,True,False,False,False,True,0.92,0.98,1
CB_IN_2026_03433,True,True,True,False,False,True,True,0.92,0.9570855932337206,1
CB_IN_2026_01285,True,True,True,False,False,False,True,0.55,0.6075904222988001,0
CB_IN_2026_03409,False,True,True,False,True,True,True,0.9,0.975714315061686,1
CB_IN_2026_02581,True,True,False,False,True,True,True,0.88,0.9667133874348873,1
CB_IN_2026_00656,False,True,True,False,True,False,True,0.85,0.9198806803682296,1
CB_IN_2026_09698,True,True,False,False,False,False,True,0.25,0.2995813290537171,0
CB_IN_2026_01995,True,True,False,False,True,False,False,0.08,0.03711176179615135,0
CB_IN_2026_04798,True,True,False,False,True,True,True,0.85,0.7936852900332921,1
CB_IN_2026_03835,True,False,True,False,True,True,True,0.92,0.98,1
CB_IN_2026_01850,True,False,True,False,True,False,True,0.45,0.49648972766564164,1
CB_IN_2026_01267,False,True,True,False,True,False,False,0.08,0.14845100398471148,0
CB_IN_2026_01795,True,False,True,False,False,False,True,0.75,0.788746952113722,1
CB_IN_2026_08654,True,True,True,False,False,True,True,0.15,0.10306442830217477,0
CB_IN_2026_04364,True,False,False,False,True,False,False,0.08,0.02,0
CB_IN_2026_02142,True,False,True,False,True,False,True,0.92,0.8679801414067855,1
CB_IN_2026_03184,True,True,True,False,True,False,True,0.3,0.31895688267519473,0
CB_IN_2026_05753,True,True,True,False,True,False,True,0.85,0.7887881184268504,1
CB_IN_2026_04825,True,False,True,False,False,False,True,0.55,0.5948510804436802,0
CB_IN_2026_01568,True,True,False,False,True,False,False,0.08,0.11665502766335152,0
CB_IN_2026_06983,True,True,True,False,True,False,True,0.75,0.7715926014656517,1
CB_IN_2026_06900,False,False,True,False,False,False,True,0.1,0.09303009339625794,0
CB_IN_2026_09281,True,True,False,False,True,True,False,0.9,0.98,1
CB_IN_2026_04936,True,False,False,False,True,False,False,0.9,0.9088325479233872,1
CB_IN_2026_06820,True,True,False,False,False,False,False,0.08,0.12729514937728362,0
CB_IN_2026_01827,True,True,True,False,True,False,True,0.18,0.1644185848352443,0
CB_IN_2026_08352,True,False,True,False,True,False,True,0.9,0.98,1
CB_IN_2026_05839,True,True,True,False,True,False,True,0.75,0.8511420621395119,1
CB_IN_2026_08023,True,True,True,False,True,False,True,0.18,0.13184355773119602,0
CB_IN_2026_01680,True,True,False,False,True,False,False,0.08,0.14371232447440907,1
CB_IN_2026_06286,True,True,True,False,True,False,True,0.9,0.8191246702000564,1
CB_IN_2026_04116,True,True,True,False,True,False,True,0.85,0.8562262754677148,1
CB_IN_2026_00777,True,True,True,False,True,True,True,0.9,0.852621323673694,1
CB_IN_2026_04140,True,True,False,False,True,True,True,0.85,0.7907966806254193,1
CB_IN_2026_00765,True,False,True,False,True,False,True,0.92,0.8630399068255784,0
CB_IN_2026_05886,True,True,True,False,False,False,True,0.92,0.9610781101475784,1
CB_IN_2026_07967,True,True,False,False,True,False,False,0.85,0.7897906622700399,1
CB_IN_2026_05023,True,False,True,False,True,True,True,0.9,0.8991473489667777,1
CB_IN_2026_08365,True,False,False,False,False,False,False,0.08,0.1280486698804681,0
CB_IN_2026_04228,True,False,False,False,True,True,True,0.25,0.218919246574937,0
CB_IN_2026_06561,False,False,True,False,True,True,True,0.9,0.7596249349106365,0
CB_IN_2026_08164,True,False,True,False,True,True,True,0.92,0.8636899728139771,1
CB_IN_2026_02570,False,True,True,False,True,True,True,0.9,0.8421911292247047,0
CB_IN_2026_01346,True,True,True,False,True,True,True,0.88,0.816155402355757,1
CB_IN_2026_04765,True,True,False,False,False,False,False,0.85,0.98,1
CB_IN_2026_09585,False,False,True,False,True,False,True,0.9,0.9390552599722131,1
CB_IN_2026_02049,True,True,True,False,True,True,True,0.55,0.5858995464892472,1
CB_IN_2026_03205,True,True,True,False,False,False,True,0.18,0.17058331210096028,0
CB_IN_2026_06415,True,True,True,False,True,False,True,0.85,0.7554369105941408,0
CB_IN_2026_01720,True,True,False,False,True,False,False,0.08,0.17381361842381046,1
CB_IN_2026_09070,True,True,True,False,True,False,True,0.55,0.522654711999274,1
CB_IN_2026_01053,True,False,True,False,True,False,True,0.9,0.98,1
CB_IN_2026_09146,True,True,True,False,False,True,True,0.85,0.9541149393525439,1
CB_IN_2026_08633,True,False,True,False,True,False,True,0.9,0.9409927104305849,1
CB_IN_2026_08794,True,False,True,False,True,False,False,0.08,0.04394253813106134,0
CB_IN_2026_01143,True,False,True,False,False,True,True,0.1,0.02,0
CB_IN_2026_05424,True,False,False,False,True,True,False,0.88,0.9065240610572302,1
CB_IN_2026_03128,True,True,False,False,True,False,True,0.9,0.9524297604593116,1
CB_IN_2026_04782,False,False,True,False,True,True,True,0.75,0.7592435702312295,1
CB_IN_2026_07639,True,False,False,False,False,True,True,0.15,0.02,0
CB_IN_2026_00375,True,True,True,False,True,False,True,0.3,0.28683191678092923,0
CB_IN_2026_03256,False,False,True,False,False,True,True,0.55,0.631033767229528,1
CB_IN_2026_01357,False,False,True,False,True,False,True,0.18,0.3324668344210955,1
CB_IN_2026_06984,True,True,True,False,True,False,True,0.85,0.8878089088132276,1
CB_IN_2026_01591,True,True,True,False,False,False,True,0.75,0.7459985611176696,0
CB_IN_2026_03795,False,False,True,False,True,True,True,0.75,0.7869758475890526,1
CB_IN_2026_04307,True,False,False,False,False,False,False,0.08,0.02,0
CB_IN_2026_00545,True,False,True,False,False,False,True,0.1,0.08619141063037845,0
CB_IN_2026_09531,True,False,False,False,False,True,False,0.08,0.1876786079022812,1
CB_IN_2026_02357,True,True,True,False,False,False,True,0.1,0.17480242743135538,0
CB_IN_2026_05182,True,True,True,False,True,True,True,0.9,0.9405744512231112,1
CB_IN_2026_05263,True,True,True,False,True,False,True,0.85,0.7694275629866896,1
CB_IN_2026_01620,False,True,True,False,True,True,True,0.92,0.8628659856246702,1
CB_IN_2026_04311,True,True,True,False,False,False,True,0.85,0.850663350845377,1
CB_IN_2026_00972,True,True,False,False,False,True,False,0.08,0.1183227159911881,0
CB_IN_2026_06077,False,True,True,False,True,False,True,0.55,0.5451444367334767,0
CB_IN_2026_09205,True,True,True,False,True,False,True,0.9,0.836413723135113,1
CB_IN_2026_06915,True,True,True,False,True,False,True,0.3,0.2478770919985399,0
CB_IN_2026_06937,True,True,True,False,True,False,True,0.55,0.5439387464159655,1
CB_IN_2026_04082,True,True,True,False,True,False,True,0.9,0.9229266718445694,1
CB_IN_2026_00481,True,False,False,False,True,True,False,0.92,0.9084572589366661,1
CB_IN_2026_03321,True,False,True,False,True,False,True,0.1,0.06507808102570314,0
CB_IN_2026_07678,True,True,True,False,True,True,True,0.92,0.8976692184461116,1
CB_IN_2026_06048,False,True,True,False,False,False,True,0.3,0.3268996726126927,0
CB_IN_2026_00631,True,False,True,True,True,True,True,0.9,0.973239395237849,1
CB_IN_2026_04810,True,False,True,True,False,False,True,0.03,0.02,0
CB_IN_2026_01518,False,True,True,False,True,False,True,0.9,0.8510060945063606,1
CB_IN_2026_05193,True,True,True,False,True,False,True,0.25,0.19958807501071624,0
CB_IN_2026_05877,True,False,True,False,False,True,True,0.55,0.5234130774217927,0
CB_IN_2026_01715,True,False,True,False,True,True,False,0.45,0.35307896050165183,0
CB_IN_2026_00683,True,True,True,False,True,True,True,0.9,0.842154893495524,1
CB_IN_2026_07044,False,False,False,False,False,False,False,0.08,0.1420633153683383,0
CB_IN_2026_09391,True,True,True,False,True,False,True,0.9,0.8382082805141031,1
CB_IN_2026_02011,True,False,True,False,True,False,True,0.1,0.02,0
CB_IN_2026_01536,True,True,True,False,True,False,True,0.2,0.2052478613516819,0
CB_IN_2026_04723,True,False,True,False,True,True,True,0.55,0.5518584006083778,0
CB_IN_2026_05059,True,True,False,False,True,True,True,0.85,0.8660346478043186,1
CB_IN_2026_03661,True,False,False,False,True,False,False,0.08,0.10306388896298053,0
CB_IN_2026_06067,True,False,False,False,True,False,False,0.08,0.2426292740847949,1
CB_IN_2026_05830,True,False,True,False,True,True,True,0.9,0.9084263894339719,1
CB_IN_2026_09082,False,True,False,False,False,False,False,0.08,0.1311080486672683,1
CB_IN_2026_08553,True,True,True,False,True,True,True,0.92,0.8590833771243884,0
CB_IN_2026_00480,True,True,False,False,True,False,False,0.08,0.16603701159341006,0
CB_IN_2026_08543,False,True,False,False,True,True,True,0.05,0.12140394972512113,0
CB_IN_2026_00287,True,True,False,False,True,True,False,0.03,0.16227436788557667,0
CB_IN_2026_00055,True,True,True,False,True,False,True,0.85,0.757553892004407,1
CB_IN_2026_01227,True,False,True,False,True,True,True,0.88,0.8329975788837933,0
CB_IN_2026_06375,True,False,False,False,False,False,False,0.08,0.0743706412146472,0
CB_IN_2026_07936,True,True,True,False,True,False,True,0.92,0.9087573410844301,1
CB_IN_2026_06389,True,True,True,False,True,False,True,0.25,0.28152232520235254,1
CB_IN_2026_06190,True,False,False,False,True,False,False,0.3,0.313712817523885,1
CB_IN_2026_03504,True,False,True,False,True,False,True,0.55,0.438887069024654,1
CB_IN_2026_08396,True,True,False,False,True,False,True,0.85,0.7867537056137232,0
CB_IN_2026_04524,True,True,True,False,False,False,True,0.3,0.39455217257775316,0
CB_IN_2026_01208,True,False,False,False,True,False,False,0.08,0.02,0
CB_IN_2026_03416,True,True,True,False,False,False,True,0.55,0.48064495878643126,0
CB_IN_2026_06547,True,True,False,False,True,True,False,0.08,0.02,0
CB_IN_2026_08428,True,False,False,False,True,False,True,0.1,0.1275437219551135,0
CB_IN_2026_03387,False,False,False,False,True,False,False,0.08,0.02,0
CB_IN_2026_08555,False,False,True,False,True,False,True,0.9,0.8798461627556257,0
CB_IN_2026_09938,True,True,True,False,True,False,True,0.85,0.7267005498539902,1
CB_IN_2026_05816,True,False,True,False,True,False,True,0.9,0.9160215004962476,1
CB_IN_2026_01706,True,True,False,False,True,False,False,0.18,0.024962173663337806,0
CB_IN_2026_08386,True,False,True,False,True,True,True,0.92,0.8287773660044758,0
CB_IN_2026_04833,True,True,True,False,True,False,True,0.85,0.8589350627186144,1
CB_IN_2026_05902,True,True,True,False,True,False,False,0.08,0.06334008341964792,0
CB_IN_2026_04872,True,False,True,False,False,True,True,0.45,0.4570809293696244,1
CB_IN_2026_00107,True,True,True,False,False,False,True,0.3,0.3679548347677908,0
CB_IN_2026_08483,True,True,True,False,True,True,True,0.9,0.9008990855390361,1
CB_IN_2026_04751,True,True,False,False,True,False,False,0.08,0.043445530164218545,0
CB_IN_2026_06592,True,True,True,False,True,False,True,0.92,0.9037840314499397,1
CB_IN_2026_00627,True,True,False,False,True,True,False,0.92,0.871373289723839,1
CB_IN_2026_08250,False,False,True,False,True,False,True,0.55,0.5766617837530819,1
CB_IN_2026_02250,True,True,True,False,False,False,True,0.92,0.8799451332915251,1
CB_IN_2026_02706,True,True,True,False,False,True,True,0.55,0.5572786735089722,0
CB_IN_2026_03074,True,True,True,False,False,True,True,0.88,0.8690981595761114,1
CB_IN_2026_01375,True,True,True,False,True,True,True,0.85,0.8414125975648772,1
CB_IN_2026_01424,True,True,True,False,True,True,True,0.9,0.98,1
CB_IN_2026_07448,True,True,True,False,True,True,True,0.85,0.7872089239021174,1
CB_IN_2026_01216,True,False,False,False,True,True,True,0.1,0.0759279752524123,0
CB_IN_2026_08090,True,True,True,False,False,True,True,0.12,0.11151927342493455,0
CB_IN_2026_04118,True,True,True,False,True,False,True,0.9,0.9626080383415894,1
CB_IN_2026_09466,True,True,True,False,True,False,True,0.75,0.779257615191403,1
CB_IN_2026_09394,True,True,True,False,True,False,True,0.9,0.8758163216760582,1
CB_IN_2026_02399,True,True,True,False,True,False,True,0.55,0.5590852911468942,1
CB_IN_2026_06728,True,True,True,False,True,False,True,0.9,0.8771079777204176,1
CB_IN_2026_02668,True,True,True,False,True,False,True,0.85,0.9039007325256077,1
CB_IN_2026_03165,True,True,True,False,True,False,True,0.55,0.5528876375295022,1
CB_IN_2026_04032,True,True,True,False,True,False,True,0.75,0.6708538421111649,1
CB_IN_2026_04342,True,True,False,False,True,True,False,0.08,0.04439100184283627,1
CB_IN_2026_09326,True,False,False,False,True,False,False,0.03,0.08337148078863338,0
CB_IN_2026_02720,False,True,True,False,True,True,True,0.92,0.8298792617152007,1
CB_IN_2026_08008,True,False,False,False,True,False,False,0.3,0.3171112729717598,0
CB_IN_2026_06304,True,True,True,False,False,False,True,0.92,0.98,1
CB_IN_2026_09053,True,True,True,False,True,False,True,0.18,0.29081713381815555,0
CB_IN_2026_07118,True,False,True,False,True,True,True,0.92,0.8643161914157227,1
CB_IN_2026_00858,True,False,True,False,True,True,True,0.9,0.9083682324704948,1
CB_IN_2026_02097,True,True,True,False,True,True,True,0.75,0.7135674430799358,1
CB_IN_2026_07196,True,True,False,False,True,True,False,0.08,0.17203848533068214,0
CB_IN_2026_04616,True,True,False,False,True,True,False,0.08,0.07370286362192228,0
CB_IN_2026_00894,True,True,True,False,True,True,True,0.92,0.9374801146931275,1
CB_IN_2026_09619,True,True,True,False,True,True,True,0.9,0.7769610566142915,1
CB_IN_2026_07151,True,True,True,False,True,True,True,0.85,0.8402377209337524,0
CB_IN_2026_00924,True,True,True,False,True,True,True,0.9,0.8545542452102465,1
CB_IN_2026_08755,True,True,False,False,True,False,False,0.08,0.04778593928515614,0
CB_IN_2026_00954,False,True,True,False,True,False,True,0.75,0.8283840814854142,1
CB_IN_2026_01177,False,True,False,False,False,False,False,0.12,0.14254166299022542,0
CB_IN_2026_05198,True,True,False,False,True,False,True,0.03,0.04698304728477088,0
CB_IN_2026_00886,True,True,False,False,False,False,False,0.08,0.02,0
CB_IN_2026_01656,True,False,True,False,True,True,True,0.88,0.7966276936734503,1
CB_IN_2026_02600,True,True,False,False,True,True,False,0.08,0.1497244634171327,0
CB_IN_2026_09783,True,True,False,False,False,False,False,0.08,0.02834330289785377,0
CB_IN_2026_00864,True,True,False,False,True,False,False,0.08,0.2094593001437981,0
CB_IN_2026_00849,True,False,False,False,True,True,True,0.25,0.2348035143365265,0
CB_IN_2026_00981,False,False,False,False,True,True,True,0.92,0.9232239125323628,1
CB_IN_2026_02445,True,True,False,False,True,True,False,0.08,0.12140738172436244,1
CB_IN_2026_05118,True,True,False,True,True,True,True,0.03,0.02,0
CB_IN_2026_06815,True,False,True,False,False,True,True,0.55,0.6653522680184801,1
CB_IN_2026_03765,True,True,True,False,True,True,True,0.92,0.9470453078263568,1
CB_IN_2026_04705,False,True,True,False,True,False,True,0.3,0.291087509101048,1
CB_IN_2026_00799,True,True,True,False,True,True,True,0.55,0.5817391425280498,1
CB_IN_2026_05298,True,True,True,False,True,False,True,0.92,0.9729019508671634,1
CB_IN_2026_05928,True,True,True,False,True,False,True,0.85,0.7200168700995275,1
CB_IN_2026_03988,True,True,True,False,True,False,True,0.55,0.511900790165653,0
CB_IN_2026_04703,True,True,True,False,False,False,True,0.3,0.3560918230367124,0
CB_IN_2026_08988,True,False,False,False,True,False,False,0.1,0.2624311363194645,0
CB_IN_2026_04677,True,True,True,False,False,True,True,0.1,0.13255278852104557,0
CB_IN_2026_04756,True,True,True,False,False,False,True,0.3,0.08122845380756602,0
CB_IN_2026_08367,True,True,True,False,True,True,True,0.85,0.9005293328659161,0
CB_IN_2026_00367,True,False,True,False,True,False,True,0.1,0.0783481983439433,0
CB_IN_2026_08740,True,True,True,False,True,False,True,0.3,0.3366585765924279,0
CB_IN_2026_02108,True,False,True,False,True,False,True,0.1,0.02,0
CB_IN_2026_02907,True,True,True,False,True,False,True,0.9,0.8577168518909088,1
CB_IN_2026_00448,True,False,False,False,False,False,True,0.1,0.02,0
CB_IN_2026_02162,True,False,True,False,False,True,True,0.92,0.89970214031264,1
CB_IN_2026_01081,True,False,True,False,True,False,True,0.1,0.1127806307405238,0
CB_IN_2026_04414,True,False,False,False,True,False,False,0.92,0.9259585242692467,1
CB_IN_2026_04024,True,False,True,False,True,True,True,0.92,0.9344507515076147,0
CB_IN_2026_06436,True,True,True,False,True,True,True,0.92,0.8804159500388524,1
CB_IN_2026_02184,True,False,True,False,True,True,False,0.08,0.027917820022595317,0
CB_IN_2026_05804,True,True,False,False,True,False,False,0.85,0.8472972194124331,0
CB_IN_2026_02708,True,True,True,False,True,True,True,0.85,0.8091844651053551,1
CB_IN_2026_01895,True,False,False,False,True,True,False,0.1,0.08294386547901537,0
CB_IN_2026_08188,True,False,True,True,True,False,True,0.03,0.09453642058073701,0
CB_IN_2026_02308,False,True,False,False,True,False,False,0.08,0.02,0
CB_IN_2026_09476,True,True,False,False,True,False,False,0.08,0.057149965785492515,0
CB_IN_2026_04083,True,False,True,False,True,False,True,0.55,0.5022615671666943,1
CB_IN_2026_04064,True,True,True,False,True,False,True,0.9,0.872985219619477,1
CB_IN_2026_05318,True,True,True,False,True,False,True,0.9,0.9599594352446642,1
CB_IN_2026_05531,True,True,True,False,False,False,True,0.92,0.9286103851860588,1
CB_IN_2026_07343,True,False,False,False,True,True,False,0.08,0.1963892158070782,0
CB_IN_2026_09169,True,True,True,False,True,True,True,0.9,0.9546602704702899,1
CB_IN_2026_02599,False,True,True,False,True,True,True,0.92,0.9320212139337567,1
CB_IN_2026_02820,True,False,True,False,True,True,True,0.55,0.5371447315742119,1
CB_IN_2026_07792,False,True,True,False,True,False,True,0.85,0.9516477172122568,1
CB_IN_2026_00957,True,True,True,False,False,False,True,0.1,0.09856226910822682,0
CB_IN_2026_01042,True,True,True,False,True,True,True,0.88,0.8439358423787063,1
CB_IN_2026_07686,True,False,True,False,True,False,True,0.55,0.6665687211309524,1
CB_IN_2026_03054,True,True,True,False,False,False,False,0.08,0.13818102194326226,0
CB_IN_2026_08968,True,False,True,False,True,False,True,0.3,0.23928696152716633,1
CB_IN_2026_09917,True,True,True,False,True,True,True,0.55,0.5905440258890413,0
CB_IN_2026_01246,True,False,True,False,True,True,True,0.45,0.46557347366670965,1
CB_IN_2026_09124,True,False,True,False,False,False,True,0.15,0.15975143026868932,0
CB_IN_2026_03047,True,False,True,False,False,True,True,0.92,0.9617702120577485,1
CB_IN_2026_02637,True,False,True,False,False,True,True,0.15,0.26111372130536314,1
CB_IN_2026_08585,True,True,False,False,True,False,True,0.25,0.3417372248017485,0
CB_IN_2026_07894,True,True,True,False,True,True,True,0.25,0.3540917738040519,0
CB_IN_2026_05311,True,False,True,False,True,True,True,0.92,0.8518153769820069,1
CB_IN_2026_00170,True,False,True,False,False,True,True,0.92,0.9571891869764122,1
CB_IN_2026_06969,True,True,True,False,False,False,True,0.85,0.8147973285358723,1
CB_IN_2026_04372,True,False,True,False,True,True,False,0.9,0.8789162225902134,1
CB_IN_2026_00690,True,False,True,False,True,True,True,0.9,0.8993000397719111,1
CB_IN_2026_08404,True,False,False,False,True,False,False,0.08,0.061518940694574815,0
CB_IN_2026_08723,True,False,True,False,True,True,True,0.9,0.8555515575861988,1
CB_IN_2026_03774,False,True,True,False,True,False,True,0.2,0.2976290823761187,0
CB_IN_2026_02232,False,True,False,False,True,False,False,0.08,0.08687458795367413,0
CB_IN_2026_09819,True,False,True,False,True,True,True,0.9,0.9505492703393085,1
CB_IN_2026_06343,False,False,True,False,True,False,True,0.9,0.8983208068715903,1
CB_IN_2026_07341,True,False,False,False,True,False,True,0.92,0.842425760968138,1
CB_IN_2026_08743,True,False,True,False,True,True,True,0.9,0.9431382234713083,1
CB_IN_2026_03587,True,True,True,False,False,False,True,0.55,0.7412455300823001,0
CB_IN_2026_04629,True,False,True,False,True,True,True,0.55,0.6928919447722315,0
CB_IN_2026_03447,True,True,True,False,True,False,True,0.3,0.18950723186867724,0
CB_IN_2026_02046,True,False,True,False,False,False,True,0.1,0.23372668931209972,0
CB_IN_2026_02266,True,False,True,False,True,False,True,0.03,0.10252650255061344,0
CB_IN_2026_09751,True,True,False,False,True,False,False,0.08,0.07256618186873393,0
CB_IN_2026_06875,True,True,True,False,True,False,True,0.92,0.98,1
CB_IN_2026_06508,False,True,True,True,False,False,True,0.03,0.02,0
CB_IN_2026_05227,True,False,False,False,False,False,True,0.1,0.07316731469541474,0
CB_IN_2026_03048,True,True,True,False,True,False,True,0.9,0.9766992695037519,1
CB_IN_2026_02164,True,True,True,False,True,True,True,0.85,0.98,1
CB_IN_2026_02119,True,True,True,False,True,False,True,0.9,0.9678621199949099,1
CB_IN_2026_01990,True,False,False,True,True,False,False,0.03,0.11227884270682574,0
CB_IN_2026_08595,True,False,True,False,False,False,False,0.18,0.09411218350404349,0
CB_IN_2026_04678,True,False,True,False,False,False,True,0.1,0.09981359279945362,0
CB_IN_2026_06502,True,True,True,False,True,False,True,0.92,0.8483047936470774,1
CB_IN_2026_01738,True,False,True,False,False,False,True,0.1,0.21342121223760208,0
CB_IN_2026_04919,True,True,False,False,True,False,False,0.3,0.3062071190910389,0
CB_IN_2026_04886,True,True,True,False,True,False,True,0.85,0.898425320867432,1
CB_IN_2026_03396,False,True,True,False,True,True,True,0.92,0.98,1
CB_IN_2026_07289,True,False,True,False,True,True,True,0.92,0.8930446815695332,1
CB_IN_2026_03544,False,True,False,False,True,False,False,0.08,0.09399301618999867,0
CB_IN_2026_03650,True,True,True,False,False,False,True,0.85,0.9320627281960747,1
CB_IN_2026_05139,True,False,False,False,True,True,True,0.9,0.8512642141099535,0
CB_IN_2026_03301,True,False,False,False,False,False,False,0.08,0.02,0
CB_IN_2026_08018,True,True,True,False,True,True,True,0.85,0.8185463347627102,0
CB_IN_2026_03767,True,False,True,False,False,True,True,0.92,0.98,1
CB_IN_2026_07906,True,True,True,False,True,False,True,0.85,0.8416613710822629,0
CB_IN_2026_03248,True,False,True,False,False,True,True,0.92,0.9678034678170004,1
CB_IN_2026_06952,True,True,True,False,False,False,True,0.92,0.8579555282466008,1
CB_IN_2026_03245,True,False,True,False,True,False,True,0.92,0.8842278884282971,1
CB_IN_2026_05976,True,False,True,False,False,True,True,0.1,0.025386025029299195,0
CB_IN_2026_03953,False,True,False,False,False,True,True,0.15,0.256550501143396,1
CB_IN_2026_07499,False,True,True,False,True,False,True,0.18,0.25283544461091756,0
CB_IN_2026_07508,True,False,False,False,True,True,False,0.08,0.08447046754254613,0
CB_IN_2026_08130,True,True,True,False,True,False,True,0.3,0.19980801353674332,0
CB_IN_2026_04870,True,True,False,False,True,True,False,0.08,0.06709521518547,0
CB_IN_2026_01686,True,False,True,False,True,False,True,0.55,0.6240260982024716,0
CB_IN_2026_09999,True,True,True,False,True,True,True,0.55,0.6795667796779535,1
CB_IN_2026_01124,True,True,True,False,True,True,True,0.55,0.4890755339311644,1
CB_IN_2026_00462,True,True,True,False,True,False,True,0.9,0.98,1
CB_IN_2026_09064,False,True,False,False,True,False,False,0.08,0.03458391837139865,0
CB_IN_2026_09568,True,False,False,False,True,False,True,0.25,0.3239405005383099,0
CB_IN_2026_01474,False,True,True,False,True,True,True,0.9,0.98,1
CB_IN_2026_08909,True,True,False,True,False,False,False,0.03,0.12865184788108097,0
CB_IN_2026_00666,True,False,True,False,True,True,True,0.55,0.5750756170413166,0
CB_IN_2026_09688,True,True,True,False,True,False,True,0.9,0.98,1
CB_IN_2026_05188,True,False,False,False,False,True,True,0.25,0.2487584169623465,1
CB_IN_2026_00937,True,False,True,False,True,False,True,0.55,0.5909798224526538,0
CB_IN_2026_09293,True,True,False,False,True,False,False,0.9,0.8579651951560987,1
CB_IN_2026_05140,True,False,True,False,True,False,True,0.9,0.8946657794065429,1
CB_IN_2026_02218,True,False,False,False,True,False,False,0.08,0.02,0
CB_IN_2026_00878,False,True,False,False,False,True,False,0.08,0.06319333160614353,0
CB_IN_2026_08381,True,True,True,False,False,True,True,0.25,0.18565838137592627,0
CB_IN_2026_06078,True,True,True,False,True,True,True,0.9,0.8343885087676806,1
CB_IN_2026_04861,False,True,True,False,True,True,True,0.92,0.8154075324257075,1
CB_IN_2026_08787,True,True,True,False,True,False,True,0.18,0.09900507173392326,0
CB_IN_2026_02194,True,True,True,False,True,False,True,0.85,0.8505361396055744,1
CB_IN_2026_07116,True,True,True,False,True,False,True,0.55,0.5015754201962117,0
CB_IN_2026_04895,True,False,True,False,True,True,True,0.55,0.5826289162683846,1
CB_IN_2026_09767,True,True,False,False,False,False,False,0.08,0.02,0
CB_IN_2026_01139,True,True,True,False,True,False,True,0.9,0.9610283510497277,1
CB_IN_2026_07729,True,False,True,False,True,False,True,0.92,0.98,1
CB_IN_2026_05730,True,True,True,False,True,False,True,0.9,0.8930299110308316,1
CB_IN_2026_09426,True,True,True,False,True,False,True,0.55,0.4724795733520435,0
CB_IN_2026_08558,True,False,True,False,False,True,True,0.92,0.8992016277765196,1
CB_IN_2026_05250,True,False,True,False,False,True,True,0.55,0.7364499679692146,1
CB_IN_2026_00198,True,True,False,False,True,True,False,0.08,0.097794492263535,0
CB_IN_2026_00145,False,True,True,False,True,False,True,0.9,0.9354504032666155,1
CB_IN_2026_02892,True,False,False,False,False,False,False,0.08,0.02,0
CB_IN_2026_04540,True,False,True,False,True,False,False,0.45,0.4657113074516237,1
CB_IN_2026_04382,True,False,True,False,True,False,True,0.1,0.02,0
CB_IN_2026_08454,True,True,False,False,True,True,True,0.75,0.8194879836652977,1
CB_IN_2026_09827,True,True,False,False,False,False,False,0.85,0.9146273034811558,1
CB_IN_2026_07225,False,False,False,False,True,True,False,0.08,0.07180242469988449,0
CB_IN_2026_04611,True,True,True,False,True,False,True,0.9,0.9233351545229617,1
CB_IN_2026_00519,True,True,True,False,False,False,True,0.1,0.18535502159301503,0
CB_IN_2026_05009,True,True,True,False,True,False,False,0.08,0.02,0
CB_IN_2026_08435,False,True,False,False,True,True,False,0.08,0.02,0
CB_IN_2026_05001,True,False,True,False,True,True,True,0.9,0.886492417243035,0
CB_IN_2026_07996,True,False,True,False,False,True,True,0.1,0.05819744788098691,0
CB_IN_2026_04714,False,True,True,False,True,False,True,0.3,0.2260359483782465,0
CB_IN_2026_04198,True,True,True,False,True,False,True,0.9,0.98,1
CB_IN_2026_07551,True,False,False,False,True,False,False,0.08,0.15056928358160904,0
CB_IN_2026_08781,True,True,True,False,False,True,False,0.03,0.02,0
CB_IN_2026_09106,True,True,True,False,True,False,True,0.85,0.8448880687951692,1
CB_IN_2026_02597,True,False,True,False,True,True,True,0.1,0.1265713655815715,1
CB_IN_2026_09273,True,True,True,False,False,False,True,0.25,0.2772725076795616,0
CB_IN_2026_03619,True,True,True,False,False,True,False,0.08,0.13914852516531848,1
CB_IN_2026_00910,True,False,False,False,True,False,False,0.08,0.07789214229186518,0
CB_IN_2026_03442,False,True,False,False,True,False,True,0.18,0.12780756137569935,0
CB_IN_2026_08338,True,False,True,False,True,False,True,0.1,0.2266783454685526,0
CB_IN_2026_06391,True,False,True,False,True,True,True,0.1,0.02,0
CB_IN_2026_09192,True,False,True,False,True,False,True,0.3,0.3563728059829915,0
CB_IN_2026_03199,True,True,False,False,True,True,False,0.08,0.03117120050182747,0
CB_IN_2026_00245,True,False,False,False,True,True,True,0.9,0.9518942714474113,1
CB_IN_2026_02081,True,True,True,False,True,False,True,0.92,0.9575631343667259,1
CB_IN_2026_03718,False,True,False,False,True,False,True,0.85,0.840019609405341,1
CB_IN_2026_00826,False,False,False,False,True,False,True,0.25,0.2519272149193449,0
CB_IN_2026_09629,True,False,True,False,True,False,True,0.92,0.7820456437010218,1
CB_IN_2026_00493,True,False,True,False,True,True,False,0.08,0.02,0
CB_IN_2026_04531,True,False,False,False,True,True,False,0.9,0.98,1
CB_IN_2026_06458,True,False,False,False,True,False,False,0.08,0.02,0
CB_IN_2026_06481,False,True,True,False,False,True,True,0.15,0.18615051729730803,0
CB_IN_2026_04640,True,False,False,False,True,False,False,0.3,0.22727917877821868,0
CB_IN_2026_06613,True,True,True,False,True,False,True,0.25,0.18391196502633256,0
CB_IN_2026_09490,True,True,False,False,True,False,True,0.18,0.3162167139953109,1
CB_IN_2026_04907,True,False,True,False,False,False,True,0.3,0.27179368677795657,0
CB_IN_2026_06659,False,True,True,False,True,False,True,0.55,0.42901453345284735,0
CB_IN_2026_00625,True,True,True,False,True,False,True,0.92,0.9582993392704156,1
CB_IN_2026_06850,True,True,True,False,True,True,True,0.75,0.671346120969184,1
CB_IN_2026_04792,True,False,True,False,True,True,True,0.92,0.9564425944934355,1
CB_IN_2026_03873,True,False,True,False,True,False,True,0.75,0.7789774252978265,1
CB_IN_2026_01546,True,True,True,False,True,True,True,0.92,0.8135673383404836,1
CB_IN_2026_08749,True,False,True,False,True,True,True,0.9,0.8467322252319545,1
CB_IN_2026_00282,False,True,True,False,True,False,True,0.18,0.10662422326445258,0
CB_IN_2026_04880,True,True,False,False,False,False,True,0.15,0.20987194902035097,1
CB_IN_2026_04124,True,False,True,False,True,False,True,0.92,0.7100444520003978,1
CB_IN_2026_01011,True,True,False,False,True,False,True,0.92,0.9769621200853885,1
CB_IN_2026_07380,True,True,True,False,True,False,True,0.9,0.9177066594422544,1
CB_IN_2026_05921,True,False,True,False,True,False,True,0.18,0.28581103484557335,0
CB_IN_2026_02765,True,True,True,False,True,True,True,0.92,0.902222027104269,1
CB_IN_2026_02824,True,False,False,False,True,False,False,0.18,0.12721689312193027,0
CB_IN_2026_01152,True,True,True,False,False,True,True,0.85,0.9604087953059588,1
CB_IN_2026_02617,True,True,True,False,True,False,True,0.55,0.5196930801934111,1
CB_IN_2026_07919,False,False,True,False,True,False,True,0.75,0.7194247880185755,1
CB_IN_2026_01133,True,True,True,False,True,True,True,0.92,0.8490658109179526,1
CB_IN_2026_05666,True,False,True,False,True,False,True,0.3,0.23505962294806587,0
CB_IN_2026_02880,False,True,True,False,True,False,True,0.9,0.9278490680136667,1
CB_IN_2026_01096,False,True,True,False,True,False,True,0.9,0.7629276115736762,1
CB_IN_2026_08937,True,False,False,False,True,False,False,0.2,0.21303927784425378,0
CB_IN_2026_03003,True,True,True,False,True,True,True,0.85,0.808129473218896,1
CB_IN_2026_05462,True,True,False,False,True,True,False,0.85,0.8881525287011666,1
CB_IN_2026_03025,True,True,False,False,True,False,False,0.08,0.03754216162944647,0
CB_IN_2026_07865,True,False,True,False,True,False,True,0.55,0.5775283741011077,0
CB_IN_2026_08838,True,True,True,False,True,False,True,0.18,0.23159030860360819,0
CB_IN_2026_02390,True,False,True,False,True,True,True,0.92,0.9015527584440574,0
CB_IN_2026_02282,True,False,True,False,False,False,False,0.08,0.22862760825016198,0
CB_IN_2026_08124,True,True,True,False,True,True,True,0.85,0.9075561001203889,1
CB_IN_2026_01342,True,False,False,False,False,False,False,0.1,0.1433452486670276,0
CB_IN_2026_05577,False,True,True,False,True,False,True,0.05,0.059833127307881165,0
CB_IN_2026_03157,True,True,True,False,False,False,True,0.55,0.5912031043001985,0
CB_IN_2026_04267,True,True,False,False,False,True,False,0.08,0.02,0
CB_IN_2026_04788,True,False,False,False,True,True,False,0.08,0.02,0
CB_IN_2026_03896,True,False,True,False,True,False,True,0.3,0.22099196874611382,1
CB_IN_2026_02635,True,True,True,True,True,False,True,0.03,0.02,0
CB_IN_2026_05395,True,True,True,False,False,False,True,0.85,0.9149024811603532,1
CB_IN_2026_05544,False,True,False,False,False,False,False,0.1,0.05391605395860552,0
CB_IN_2026_03783,True,True,True,False,False,False,True,0.85,0.8171205980778474,1
CB_IN_2026_02115,True,False,False,False,False,True,False,0.08,0.06980336583261902,0
CB_IN_2026_00727,True,True,True,False,True,True,True,0.85,0.840768989199669,0
CB_IN_2026_01597,True,True,False,False,True,False,False,0.08,0.15276062633270102,0
CB_IN_2026_06338,True,False,True,False,True,False,True,0.3,0.33395021268310154,0
CB_IN_2026_08875,False,False,True,False,True,False,True,0.75,0.7131755155578561,1
CB_IN_2026_09707,True,True,True,False,True,False,True,0.85,0.8059672975510326,0
CB_IN_2026_00047,True,True,True,False,True,False,True,0.25,0.23200566433204986,0
CB_IN_2026_09989,True,False,True,False,True,False,True,0.18,0.14884153888086205,0
CB_IN_2026_01932,True,False,True,False,False,False,True,0.55,0.624165155510817,1
CB_IN_2026_04553,True,False,True,False,True,False,True,0.75,0.6560380837293867,1
CB_IN_2026_02547,True,False,True,False,True,True,True,0.92,0.9089973426449164,1
CB_IN_2026_01219,True,True,False,False,True,False,True,0.85,0.9614015146205732,1
CB_IN_2026_06610,True,True,True,False,False,False,True,0.85,0.8409625958978163,1
CB_IN_2026_02500,True,True,True,True,False,True,True,0.15,0.17562497601633018,0
CB_IN_2026_00399,False,False,False,False,False,True,True,0.92,0.9163758181521137,1
CB_IN_2026_04259,True,False,False,False,False,True,False,0.08,0.09144263067018073,0
CB_IN_2026_01973,False,True,False,False,False,True,False,0.05,0.02,0
CB_IN_2026_05450,True,True,True,False,True,False,True,0.3,0.2505504726081279,1
CB_IN_2026_08589,True,True,True,False,False,False,False,0.08,0.13893174567972053,0
CB_IN_2026_09620,True,True,True,False,True,True,True,0.9,0.885446778989592,1
CB_IN_2026_08659,True,True,True,False,False,False,True,0.12,0.08529188815561223,0
CB_IN_2026_09808,False,True,False,False,True,False,False,0.05,0.1603431479710656,0
CB_IN_2026_07317,True,True,True,False,True,False,True,0.92,0.98,1
CB_IN_2026_06004,False,True,True,False,True,False,True,0.9,0.98,1
CB_IN_2026_07631,True,False,True,False,True,True,True,0.92,0.8876366352566729,1
CB_IN_2026_06086,True,True,False,False,False,True,False,0.92,0.9429469694194491,1
CB_IN_2026_02978,True,True,False,False,False,True,True,0.03,0.10587726522704283,0
CB_IN_2026_03443,True,True,True,False,True,False,True,0.9,0.7903515748764268,1
CB_IN_2026_05109,True,False,True,False,True,True,True,0.55,0.622279093172863,0
CB_IN_2026_01471,True,True,True,False,False,False,True,0.55,0.48730561877163703,1
CB_IN_2026_07208,True,True,True,False,True,False,True,0.9,0.98,1
CB_IN_2026_03303,True,False,True,False,False,False,True,0.15,0.10015222985203648,0
CB_IN_2026_08649,True,True,True,False,True,False,True,0.92,0.9043069617491354,1
CB_IN_2026_02122,False,True,False,False,True,True,True,0.92,0.933063156645502,1
CB_IN_2026_08764,True,True,True,False,False,False,True,0.75,0.8328895533475941,1
CB_IN_2026_02719,True,True,False,False,True,True,False,0.08,0.02,0
CB_IN_2026_01016,True,True,True,False,True,False,False,0.92,0.8667016398037167,1
CB_IN_2026_09025,False,True,True,False,False,False,True,0.05,0.10095731457577692,0
CB_IN_2026_05049,True,True,True,False,True,True,True,0.92,0.8856876368891103,1
CB_IN_2026_02102,True,False,True,False,True,False,True,0.9,0.98,1
CB_IN_2026_05258,True,True,True,False,True,False,True,0.9,0.98,1
CB_IN_2026_07733,True,True,True,False,False,True,True,0.85,0.9275526146106979,1
CB_IN_2026_09161,False,True,True,False,True,True,True,0.85,0.9010289420274042,1
CB_IN_2026_05098,True,False,True,False,True,True,True,0.92,0.9741132278829148,1
CB_IN_2026_08202,True,False,True,False,True,False,True,0.9,0.8918326336244456,1
CB_IN_2026_09196,True,True,True,False,False,False,True,0.55,0.6667968995450124,0
CB_IN_2026_03342,True,True,True,False,False,False,True,0.85,0.8875246785754664,1
CB_IN_2026_03198,True,False,True,False,True,False,True,0.1,0.10880426674195466,0
CB_IN_2026_02333,True,True,True,False,True,False,True,0.18,0.1465190839188412,1
CB_IN_2026_06443,True,False,False,False,True,False,True,0.92,0.9088694729629447,1
CB_IN_2026_02263,True,True,False,False,True,False,False,0.08,0.020089482886062805,0
CB_IN_2026_07598,True,True,True,False,True,True,True,0.9,0.8928015687008728,1
CB_IN_2026_07003,True,True,True,False,False,True,False,0.85,0.8999203818497445,1
CB_IN_2026_01327,True,True,True,False,True,False,True,0.55,0.4750767070719365,0
CB_IN_2026_08746,True,False,True,False,True,False,True,0.25,0.25636369308026136,0
CB_IN_2026_00787,True,True,False,False,True,True,False,0.08,0.1782385322605322,0
CB_IN_2026_07798,True,False,True,False,True,True,True,0.1,0.13332327893469217,0
CB_IN_2026_07135,False,True,False,False,True,False,False,0.18,0.15258650702698695,0
CB_IN_2026_01150,True,True,True,False,True,True,True,0.55,0.4521905818862813,1
CB_IN_2026_01524,True,True,False,False,True,False,True,0.3,0.3464944667440496,0
CB_IN_2026_02045,True,False,True,False,True,True,True,0.55,0.466803077126388,1
CB_IN_2026_08735,True,True,True,False,True,False,True,0.75,0.6609568220864187,1
CB_IN_2026_02604,True,False,True,False,True,True,True,0.9,0.8290917807354703,1
CB_IN_2026_02583,False,False,True,False,True,False,True,0.9,0.98,1
CB_IN_2026_07959,True,False,True,False,True,True,True,0.9,0.9342039213909413,1
CB_IN_2026_02067,False,True,True,False,True,True,True,0.9,0.98,1
CB_IN_2026_07635,True,True,False,False,True,True,False,0.85,0.7740225014721138,1
CB_IN_2026_02544,True,True,False,False,True,True,False,0.08,0.07626355815017193,0
CB_IN_2026_06548,True,True,True,False,False,False,True,0.3,0.3224145345942858,0
CB_IN_2026_08445,True,True,True,False,False,False,True,0.55,0.5773968570428955,1
CB_IN_2026_06590,True,False,True,False,False,True,True,0.1,0.14393531455324346,0
CB_IN_2026_03862,True,True,True,False,True,False,True,0.85,0.8846682660213114,1
CB_IN_2026_05432,True,False,True,False,True,False,True,0.3,0.2558985205194474,0
CB_IN_2026_04745,True,False,False,False,False,True,True,0.1,0.14782647896930295,0
CB_IN_2026_09738,True,True,True,False,True,False,True,0.9,0.7532285592715025,1
CB_IN_2026_00380,True,True,True,False,False,False,True,0.15,0.20923167280512564,0
CB_IN_2026_01787,True,True,True,False,True,False,True,0.3,0.3284343354493887,0
CB_IN_2026_04937,True,True,True,False,False,True,True,0.15,0.25243649321211087,1
CB_IN_2026_04527,True,True,True,False,True,True,True,0.85,0.8783503768777023,1
CB_IN_2026_05014,True,True,True,False,True,False,True,0.75,0.7222724712432969,0
CB_IN_2026_00014,True,True,False,False,True,False,False,0.3,0.277265331819293,0
CB_IN_2026_00045,False,True,True,False,True,True,True,0.05,0.02,0
CB_IN_2026_05926,True,True,False,False,True,False,False,0.08,0.0809148327172395,0
CB_IN_2026_08672,True,True,False,False,True,True,True,0.85,0.8338852145575825,1
CB_IN_2026_08546,True,False,True,False,True,False,True,0.1,0.181791082617906,0
CB_IN_2026_07743,True,True,True,False,True,True,True,0.9,0.8967324270119207,1
CB_IN_2026_05050,True,False,True,False,True,True,True,0.2,0.1806344182733114,0
CB_IN_2026_08631,True,False,True,False,True,False,True,0.1,0.1030498329094097,0
CB_IN_2026_03762,True,False,False,False,True,False,False,0.03,0.04548868949600237,0
CB_IN_2026_08765,True,True,True,False,True,False,True,0.9,0.9695992797140747,1
CB_IN_2026_04248,False,True,True,False,True,False,True,0.85,0.8608826557110206,1
CB_IN_2026_00881,True,False,False,False,True,True,True,0.25,0.209004801998841,0
CB_IN_2026_06553,True,True,False,False,True,True,False,0.9,0.8319353104396009,0
CB_IN_2026_00578,True,True,False,False,True,False,False,0.08,0.09263052774057244,0
CB_IN_2026_05451,True,True,False,False,False,True,False,0.08,0.11976081616459983,0
CB_IN_2026_03603,True,True,True,True,True,True,True,0.92,0.8822753295949676,1
CB_IN_2026_06163,True,False,False,False,False,False,True,0.1,0.1392715335111721,1
CB_IN_2026_02132,True,True,True,False,True,True,False,0.08,0.02,0
CB_IN_2026_07571,False,True,True,False,True,False,True,0.9,0.8924979493418143,1
CB_IN_2026_08416,True,True,False,True,True,True,True,0.03,0.024037282480250242,0
CB_IN_2026_07762,False,True,True,False,True,True,True,0.85,0.9782235477042016,1
CB_IN_2026_02656,True,True,True,False,True,False,True,0.9,0.9332602763369696,1
CB_IN_2026_01645,True,False,False,False,True,False,False,0.08,0.02,0
CB_IN_2026_00614,True,False,True,False,True,True,True,0.1,0.06397924083059271,0
CB_IN_2026_07882,False,False,True,False,False,True,True,0.92,0.856311072309295,1
CB_IN_2026_04768,True,True,False,False,False,False,False,0.08,0.05618397083657058,0
CB_IN_2026_04780,True,True,False,False,True,False,False,0.75,0.6830693507742507,0
CB_IN_2026_04009,True,True,True,False,False,True,True,0.12,0.1289638421727564,0
CB_IN_2026_08270,False,True,False,False,True,True,False,0.08,0.13811801681036429,0
CB_IN_2026_04279,True,True,True,False,True,False,True,0.3,0.3701956211950599,1
CB_IN_2026_09709,False,True,True,False,True,False,True,0.3,0.30589055122992675,1
CB_IN_2026_00418,True,True,False,False,True,True,False,0.85,0.8713842631342759,0
CB_IN_2026_03405,True,False,True,False,True,True,True,0.1,0.1384935764654637,0
CB_IN_2026_02472,True,True,True,False,True,False,True,0.85,0.9707362174258989,1
CB_IN_2026_02422,True,False,False,False,True,False,False,0.08,0.16306573735625696,0
CB_IN_2026_06524,True,True,False,False,True,False,False,0.3,0.4427414345562349,1
CB_IN_2026_08458,True,True,True,False,False,True,True,0.85,0.932355717083896,1
CB_IN_2026_08122,True,True,True,False,True,False,True,0.9,0.8229017465554493,1
CB_IN_2026_09965,True,False,False,False,True,False,False,0.08,0.12832266462548075,0
CB_IN_2026_02433,True,True,True,False,True,True,True,0.92,0.9253129604491123,1
CB_IN_2026_05244,True,False,False,False,True,True,False,0.08,0.1147810585481268,0
CB_IN_2026_03340,True,False,False,False,True,False,False,0.9,0.9087813159812447,1
CB_IN_2026_05953,False,False,True,False,True,False,True,0.1,0.18533120096803452,0
CB_IN_2026_01369,True,True,True,False,True,False,True,0.18,0.10714726301601873,0
CB_IN_2026_01774,True,True,True,False,True,True,True,0.9,0.808612739712415,1
CB_IN_2026_01392,True,True,True,False,True,False,True,0.92,0.9328990970255819,1
CB_IN_2026_04090,True,True,True,False,True,False,True,0.18,0.21831342772310208,0
CB_IN_2026_00555,True,False,True,False,False,True,True,0.92,0.878067246359026,1
CB_IN_2026_08809,True,True,True,False,True,False,True,0.9,0.9256207745997089,1
CB_IN_2026_02870,True,True,True,False,True,False,True,0.9,0.8950895345431485,1
CB_IN_2026_00478,True,True,True,False,True,True,True,0.92,0.938809744736508,1
CB_IN_2026_01625,True,True,True,False,False,True,True,0.55,0.47530988962793813,1
CB_IN_2026_06734,True,True,True,False,True,False,True,0.75,0.76610654936924,1
CB_IN_2026_05312,True,False,True,False,False,False,True,0.55,0.5617117891732462,1
CB_IN_2026_04873,True,False,True,False,True,False,True,0.9,0.8749402478054851,1
CB_IN_2026_01626,False,True,True,False,False,True,True,0.1,0.08381594261566687,1
CB_IN_2026_06929,True,True,True,False,True,False,True,0.9,0.8900799655261076,1
CB_IN_2026_09878,True,True,True,False,True,False,True,0.3,0.34834230024830276,0
CB_IN_2026_00640,True,False,True,False,True,True,True,0.92,0.9298583689906356,1
CB_IN_2026_02738,True,False,True,False,False,False,True,0.18,0.1598659229002356,1
CB_IN_2026_07826,True,True,True,False,True,False,True,0.55,0.4709930151299483,0
CB_IN_2026_01963,True,False,False,False,False,False,True,0.25,0.22376840120756636,0
CB_IN_2026_09785,True,False,True,True,False,False,True,0.3,0.2735262722519445,1
CB_IN_2026_05147,False,False,True,False,True,True,True,0.9,0.98,1
CB_IN_2026_09366,True,False,True,False,True,False,True,0.18,0.12019077194984103,0
CB_IN_2026_02321,True,False,True,False,True,False,True,0.9,0.8036881705016432,1
CB_IN_2026_03699,True,True,True,False,False,True,False,0.08,0.13148553176665628,0
CB_IN_2026_05770,True,True,True,False,True,False,True,0.85,0.8309188989219504,1
CB_IN_2026_09983,True,True,True,False,True,True,True,0.85,0.8359820377354278,1
CB_IN_2026_05856,True,False,True,False,False,False,True,0.2,0.2697889543458122,0
CB_IN_2026_02469,True,True,True,False,True,True,True,0.92,0.884614392008403,1
CB_IN_2026_05467,False,False,True,False,True,False,True,0.05,0.02,0
CB_IN_2026_00879,True,True,True,False,True,True,True,0.88,0.7162116710997277,1
CB_IN_2026_09514,True,True,True,False,True,False,True,0.92,0.8263168743957575,0
CB_IN_2026_04638,True,True,True,False,True,False,True,0.92,0.8948847214279493,1
CB_IN_2026_06265,True,False,True,False,True,False,True,0.9,0.98,1
CB_IN_2026_07417,True,False,True,False,True,False,True,0.1,0.18908992516295817,0
CB_IN_2026_05175,True,True,False,False,True,True,False,0.9,0.98,1
CB_IN_2026_09850,True,False,False,False,True,True,True,0.1,0.1201398651925989,0
CB_IN_2026_04913,False,False,True,False,False,True,True,0.05,0.02,0
CB_IN_2026_08333,True,True,False,False,True,False,True,0.85,0.8882694647315827,1
CB_IN_2026_02398,True,False,True,False,True,False,True,0.3,0.279758053190394,1
CB_IN_2026_06954,True,False,True,False,False,True,True,0.12,0.08794269532469681,0
CB_IN_2026_01418,True,True,False,False,True,True,True,0.9,0.8618648127896723,1
CB_IN_2026_06876,True,True,True,False,False,False,True,0.55,0.704261223404886,1
CB_IN_2026_09111,True,False,True,False,True,False,True,0.1,0.1323886775545752,0
CB_IN_2026_09110,True,True,True,False,True,False,True,0.3,0.30255482108680565,0
CB_IN_2026_08588,True,True,True,False,True,False,True,0.9,0.8005906155539178,1
CB_IN_2026_03853,False,False,False,False,True,True,False,0.08,0.11876505445011572,0
CB_IN_2026_02555,True,True,True,False,True,True,True,0.92,0.9585108263788886,1
CB_IN_2026_05185,True,True,True,False,False,True,True,0.92,0.905612579756301,1
CB_IN_2026_03798,True,False,False,False,False,False,True,0.75,0.7075903684070316,0
CB_IN_2026_02299,True,False,True,False,True,True,True,0.1,0.1549008398581619,0
CB_IN_2026_03751,True,False,True,False,True,False,True,0.25,0.3488108493380492,1
CB_IN_2026_08335,True,False,False,False,True,False,True,0.18,0.17905960607505647,0
CB_IN_2026_03345,True,True,True,False,True,False,True,0.85,0.8246782043974291,1
CB_IN_2026_07268,True,True,True,False,False,False,True,0.85,0.8588085829388958,1
CB_IN_2026_03441,True,True,True,False,False,True,True,0.1,0.058731725889543084,0
CB_IN_2026_02070,True,True,True,False,True,False,True,0.85,0.925416640799866,1
CB_IN_2026_03300,True,True,False,False,True,True,False,0.92,0.9658516744270208,1
CB_IN_2026_03474,True,True,True,False,True,False,True,0.85,0.8091071002482265,1
CB_IN_2026_03233,True,True,False,False,False,False,False,0.08,0.02858045624712518,0
CB_IN_2026_03226,True,False,True,False,False,False,True,0.45,0.36603836587305244,1
CB_IN_2026_09303,True,False,False,False,True,False,False,0.08,0.10989144092208539,0
CB_IN_2026_03175,True,True,True,False,True,False,True,0.9,0.7982172969441298,1
CB_IN_2026_03113,False,False,False,False,True,True,True,0.1,0.02,0
CB_IN_2026_00263,True,True,True,False,True,True,True,0.88,0.892397652780392,0
CB_IN_2026_03675,True,False,True,False,False,False,True,0.3,0.24568751263446043,0
CB_IN_2026_07063,True,True,False,False,True,False,False,0.08,0.11699150914480788,1
CB_IN_2026_01078,True,False,False,False,True,True,False,0.03,0.08270936706079332,0
CB_IN_2026_03012,True,True,True,False,True,True,True,0.9,0.98,1
CB_IN_2026_09101,True,True,False,False,True,False,False,0.08,0.02,0
CB_IN_2026_03726,True,True,True,False,True,True,True,0.9,0.9404293356641138,1
CB_IN_2026_09364,True,True,True,False,True,False,True,0.85,0.8682309869269548,1
CB_IN_2026_08562,True,True,False,False,True,False,False,0.08,0.20876596224159094,0
CB_IN_2026_04838,True,True,False,False,True,True,False,0.08,0.02,0
CB_IN_2026_03143,True,True,True,False,True,True,False,0.08,0.07776463984888698,0
CB_IN_2026_01161,False,False,True,False,False,False,True,0.1,0.024792389897386455,0
CB_IN_2026_03361,True,False,True,False,True,False,True,0.45,0.3920543967993401,1
CB_IN_2026_06630,True,True,False,False,True,True,False,0.08,0.17488022945413176,0
CB_IN_2026_02234,True,True,True,False,True,False,True,0.85,0.8378390697270952,1
CB_IN_2026_04166,True,True,True,False,True,True,True,0.85,0.8203424485598151,1
CB_IN_2026_06660,True,True,False,False,True,True,True,0.9,0.9252663528187354,1
CB_IN_2026_05661,True,True,True,False,True,False,False,0.08,0.13481164712009616,1
CB_IN_2026_05665,True,True,True,False,False,False,True,0.15,0.19849992840358655,0
CB_IN_2026_08941,True,True,False,True,True,False,False,0.03,0.10185467374240893,0
CB_IN_2026_00521,True,True,True,False,True,False,True,0.92,0.837582852191765,1
CB_IN_2026_06489,True,False,False,False,True,False,False,0.45,0.5240443749530378,0
CB_IN_2026_04349,True,True,False,False,True,False,True,0.85,0.9185056050765171,1
CB_IN_2026_08111,True,True,True,False,True,False,False,0.08,0.1297067718884174,0
CB_IN_2026_06449,True,False,False,False,True,False,True,0.1,0.12097525529763883,0
CB_IN_2026_07807,True,True,True,False,False,True,True,0.1,0.02,0
CB_IN_2026_04355,True,False,True,False,True,False,True,0.1,0.1935494917952807,1
CB_IN_2026_02326,False,True,True,False,False,True,True,0.15,0.0728073285262114,0
CB_IN_2026_03968,False,True,True,False,True,False,True,0.9,0.9258868403286145,1
CB_IN_2026_00667,True,True,False,False,False,False,False,0.08,0.02,0
CB_IN_2026_04403,True,True,True,False,True,True,True,0.9,0.9311513858863105,1
CB_IN_2026_01178,True,True,True,False,True,False,True,0.92,0.7434882894675661,1
CB_IN_2026_05267,True,False,True,False,True,False,True,0.92,0.9601785979322547,1
CB_IN_2026_00424,True,True,True,False,False,True,True,0.15,0.10426103705374695,0
CB_IN_2026_09491,True,True,False,False,True,False,False,0.9,0.7599342054822922,1
CB_IN_2026_09613,True,False,True,False,True,False,True,0.45,0.34509445596274535,0
CB_IN_2026_06381,True,True,True,False,True,False,True,0.3,0.29733620926913246,0
CB_IN_2026_03348,False,False,False,False,True,True,True,0.45,0.34997619346731373,1
CB_IN_2026_04739,True,False,False,False,False,True,True,0.1,0.11173227691936825,0
CB_IN_2026_08427,True,False,True,False,True,False,True,0.1,0.16509663175631412,0
CB_IN_2026_05539,True,False,True,False,True,False,True,0.3,0.2413548253583592,0
CB_IN_2026_06197,False,True,False,False,True,False,False,0.08,0.08693751941009081,0
CB_IN_2026_02524,True,False,True,False,True,False,True,0.55,0.5461502932256537,1
CB_IN_2026_02354,True,False,True,False,False,False,True,0.3,0.3826468072343455,0
CB_IN_2026_02521,True,True,True,False,True,True,True,0.9,0.9306919821193511,1
CB_IN_2026_00357,True,True,False,False,True,False,False,0.85,0.9009621864971367,1
CB_IN_2026_05640,False,False,False,False,True,True,True,0.1,0.04284140364393769,0
CB_IN_2026_07228,True,True,True,False,True,True,True,0.92,0.9499347649124803,1
CB_IN_2026_05093,True,True,True,False,True,False,True,0.85,0.8364732244070633,1
CB_IN_2026_09556,True,False,False,False,True,False,True,0.92,0.965498770998088,1
CB_IN_2026_00500,False,True,False,False,False,False,False,0.08,0.13280105801285272,0
CB_IN_2026_04947,True,True,True,False,True,True,True,0.85,0.8092674817265142,0
CB_IN_2026_06284,True,True,True,False,True,False,True,0.25,0.26119917599419074,0
CB_IN_2026_09573,True,False,True,False,False,False,True,0.1,0.059912500203640404,0
CB_IN_2026_03336,True,False,True,False,False,False,True,0.75,0.7658131474630319,1
CB_IN_2026_06031,True,True,True,False,False,False,True,0.55,0.39564639943452273,0
CB_IN_2026_01763,False,False,False,False,True,False,False,0.08,0.02637051108472692,0
CB_IN_2026_02920,False,False,True,False,True,False,True,0.2,0.2136558766034228,0
CB_IN_2026_02694,True,True,True,False,True,True,True,0.9,0.7900306992753378,1
CB_IN_2026_07500,True,False,True,False,True,True,True,0.55,0.5439631777571827,0
CB_IN_2026_06778,True,False,True,False,True,True,True,0.1,0.16339280600484993,0
CB_IN_2026_07875,False,True,False,False,False,True,False,0.92,0.8872669281104588,1
CB_IN_2026_01965,True,True,True,False,True,False,True,0.85,0.8785596150516334,1
CB_IN_2026_09950,True,True,True,False,True,False,True,0.3,0.10077902291515564,0
CB_IN_2026_07645,True,True,False,False,True,False,False,0.75,0.6877272765022977,1
CB_IN_2026_09721,True,True,False,False,True,True,False,0.08,0.23531443170144012,0
CB_IN_2026_00610,True,False,True,False,True,True,True,0.92,0.9789802053857872,1
CB_IN_2026_02697,True,False,True,False,True,True,True,0.9,0.8951761977827948,1
CB_IN_2026_04795,True,True,True,False,True,False,True,0.9,0.7998846939731261,1
CB_IN_2026_06829,True,True,True,False,False,True,True,0.92,0.9532166794488857,1
CB_IN_2026_03672,True,False,True,False,True,False,True,0.55,0.667263097216527,1
CB_IN_2026_02178,True,True,True,False,True,False,True,0.3,0.27882864885778685,0
CB_IN_2026_03070,False,True,True,False,True,True,True,0.85,0.7976243602698466,1
CB_IN_2026_01275,True,False,True,False,False,True,True,0.45,0.5122648868424486,1
CB_IN_2026_09137,True,True,False,False,True,False,False,0.08,0.1065109217250931,1
CB_IN_2026_01549,True,True,True,False,True,False,True,0.18,0.0888021869122848,0
CB_IN_2026_05431,False,False,True,False,False,False,True,0.12,0.22648712665341117,1
CB_IN_2026_09075,True,False,True,False,True,True,True,0.92,0.8971503773233606,1
CB_IN_2026_03830,True,True,True,False,True,False,True,0.85,0.8117756655618431,1
CB_IN_2026_02851,False,True,True,False,True,False,True,0.85,0.7308493681856011,0
CB_IN_2026_05356,True,True,False,False,True,False,True,0.3,0.3984449697722414,0
CB_IN_2026_09021,True,True,False,False,False,False,False,0.75,0.7384168375699066,1
CB_IN_2026_05335,True,False,False,False,False,True,False,0.15,0.1280365737931746,0
CB_IN_2026_07361,True,True,False,False,True,True,False,0.08,0.039401743467223825,1
CB_IN_2026_07674,True,True,True,False,True,False,True,0.3,0.22729144840948814,0
CB_IN_2026_07394,True,True,True,False,False,False,True,0.85,0.7699491706935545,0
CB_IN_2026_02992,True,True,False,False,True,False,False,0.08,0.1032258163354614,0
CB_IN_2026_02687,True,False,False,False,True,True,False,0.08,0.1821630905136602,0
CB_IN_2026_03238,False,False,True,False,True,False,True,0.9,0.8379291975697318,1
CB_IN_2026_05362,True,True,False,False,True,False,False,0.08,0.07264670332911784,0
CB_IN_2026_02253,True,True,True,False,True,False,False,0.3,0.2474477629863742,1
CB_IN_2026_03227,True,True,True,False,True,False,True,0.9,0.9354923597426992,1
CB_IN_2026_03222,True,True,True,False,True,False,True,0.9,0.9649587580121145,1
CB_IN_2026_05674,True,True,False,False,True,False,True,0.18,0.1795073675698322,0
CB_IN_2026_07920,False,True,True,False,True,False,True,0.25,0.3918262169289343,1
CB_IN_2026_01268,True,True,True,False,True,True,True,0.88,0.8132533040169747,1
CB_IN_2026_05111,False,True,False,False,True,False,True,0.9,0.9655197276648061,1
CB_IN_2026_01033,True,True,True,False,True,True,True,0.9,0.9451626032453349,1
CB_IN_2026_02577,True,False,True,False,False,False,True,0.3,0.4393672915518495,0
CB_IN_2026_08539,True,False,True,False,True,False,True,0.9,0.8827592952103098,1
CB_IN_2026_05107,True,True,True,False,True,True,True,0.85,0.7977112003291482,1
CB_IN_2026_07301,True,True,False,False,True,False,False,0.3,0.23684892649497538,0
CB_IN_2026_04324,True,False,True,False,True,True,True,0.9,0.8944546612973024,1
CB_IN_2026_03746,True,False,True,False,True,True,True,0.9,0.9187068202738937,1
CB_IN_2026_06978,True,False,False,False,True,False,True,0.25,0.289756302855807,0
CB_IN_2026_01861,True,True,False,False,True,True,False,0.03,0.02,0
CB_IN_2026_00857,True,True,False,False,False,False,False,0.08,0.1702316704201352,0
CB_IN_2026_00945,True,False,True,False,True,False,True,0.92,0.9586379234677038,1
CB_IN_2026_07124,True,True,True,False,True,False,True,0.3,0.2932839356952554,1
CB_IN_2026_09722,True,False,True,False,True,False,True,0.3,0.21419143323964573,0
CB_IN_2026_04011,True,True,True,False,True,False,True,0.18,0.07192922301149264,0
CB_IN_2026_07211,False,True,False,False,True,False,False,0.08,0.06840635775228639,0
CB_IN_2026_00639,True,True,False,False,True,False,False,0.08,0.21011222677799835,0
CB_IN_2026_06156,True,False,True,False,False,False,True,0.1,0.06441251695982711,0
CB_IN_2026_00818,True,True,False,False,True,True,False,0.08,0.13834581361908796,0
CB_IN_2026_04126,True,True,True,False,True,True,True,0.92,0.8085153546592075,1
CB_IN_2026_04199,True,True,True,False,True,False,True,0.3,0.23324750240146216,1
CB_IN_2026_08423,False,True,True,False,True,False,True,0.05,0.026402862721636885,0
CB_IN_2026_04710,True,True,True,False,True,False,True,0.85,0.9117804472634297,1
CB_IN_2026_04948,True,False,False,False,True,False,True,0.1,0.18510193824853322,0
CB_IN_2026_02923,True,False,True,False,True,False,True,0.18,0.1165610008741322,1
CB_IN_2026_02938,True,True,False,False,False,False,False,0.08,0.030151438996751163,0
CB_IN_2026_07654,True,True,True,False,True,False,True,0.03,0.13532946495331882,0
CB_IN_2026_02159,True,False,False,False,True,False,False,0.08,0.20872100808944521,0
CB_IN_2026_04348,True,True,True,False,True,False,True,0.55,0.562111686783084,0
CB_IN_2026_08020,True,True,True,False,True,True,True,0.85,0.9379324125088018,1
CB_IN_2026_01313,True,True,False,False,True,False,True,0.18,0.18476354722610175,0
CB_IN_2026_00759,True,False,True,False,True,False,True,0.9,0.9078224974744242,1
CB_IN_2026_09098,True,True,True,False,True,True,True,0.55,0.41938225319992617,0
CB_IN_2026_08944,True,True,True,False,False,False,True,0.85,0.7971060491205095,1
CB_IN_2026_05504,True,True,True,False,False,False,True,0.92,0.98,1
CB_IN_2026_08617,True,False,True,False,False,False,True,0.18,0.2615900829675383,1
CB_IN_2026_01538,True,False,True,True,False,False,True,0.3,0.41315662749267923,1
CB_IN_2026_09096,False,False,True,False,True,False,True,0.05,0.13963809409121897,0
CB_IN_2026_00741,True,True,True,False,False,False,True,0.1,0.06810888343152911,0
CB_IN_2026_01741,True,True,True,False,True,False,True,0.85,0.9380308699689835,1
CB_IN_2026_00136,True,True,True,False,True,False,True,0.55,0.38354232113452275,1
CB_IN_2026_08412,True,False,True,True,True,False,False,0.18,0.170209622761827,0
CB_IN_2026_09468,True,True,False,False,True,False,False,0.85,0.7365391234821916,0
CB_IN_2026_01701,True,True,False,True,False,False,True,0.3,0.3094339544532367,1
CB_IN_2026_01446,True,False,True,False,False,True,True,0.75,0.6856516374971122,1
CB_IN_2026_08960,True,True,True,False,True,False,True,0.92,0.8357147031507961,1
CB_IN_2026_07847,True,False,True,False,False,False,True,0.45,0.43574736644103823,0
CB_IN_2026_01331,True,True,True,False,True,True,False,0.08,0.1345149206820694,0
CB_IN_2026_07816,True,False,True,False,True,True,True,0.1,0.16841209737902704,0
CB_IN_2026_07944,True,False,False,False,True,True,True,0.45,0.45984400975752826,1
CB_IN_2026_01174,True,False,True,False,True,False,True,0.18,0.19345923297774384,0
CB_IN_2026_02569,True,True,False,False,False,True,False,0.03,0.02,0
CB_IN_2026_06135,True,False,True,False,False,False,True,0.1,0.02,0
CB_IN_2026_04190,True,False,True,False,True,True,True,0.45,0.42257862713391375,1
CB_IN_2026_08050,True,False,True,False,True,False,True,0.25,0.1766384569571545,0
CB_IN_2026_07719,True,True,True,False,True,False,True,0.92,0.8382062159033445,1
CB_IN_2026_02903,True,False,False,False,True,True,True,0.9,0.9421079513932813,0
CB_IN_2026_04974,True,True,False,False,True,False,False,0.08,0.1392568656417434,0
CB_IN_2026_06124,True,True,True,False,False,False,True,0.3,0.3644281762649771,0
CB_IN_2026_03150,True,False,False,False,True,False,False,0.08,0.06231401067237645,0
CB_IN_2026_06399,True,True,True,False,True,False,True,0.18,0.1798766599688567,1
CB_IN_2026_07210,False,True,True,False,True,True,True,0.9,0.8098577409397651,1
CB_IN_2026_00012,False,True,False,False,True,False,True,0.18,0.1665845890915387,0
CB_IN_2026_00853,True,True,True,False,True,False,True,0.9,0.9384472835637567,1
CB_IN_2026_08868,True,False,True,False,True,True,True,0.03,0.17486664129269822,0
CB_IN_2026_03477,False,False,False,False,True,False,True,0.05,0.091609471128418,0
CB_IN_2026_03579,True,True,True,False,True,False,True,0.92,0.8701556269203474,1
CB_IN_2026_00906,True,False,True,False,False,False,True,0.1,0.20860901305978763,0
CB_IN_2026_00908,True,True,False,False,True,False,True,0.9,0.9381940016242243,1
CB_IN_2026_03589,True,False,False,False,True,True,False,0.08,0.1152071717281972,0
CB_IN_2026_05071,True,True,False,False,True,True,False,0.08,0.07599836335295851,0
CB_IN_2026_02130,False,False,True,False,False,False,True,0.05,0.04328877432218192,1
CB_IN_2026_07166,True,False,False,False,True,True,False,0.92,0.8477921335975935,1
CB_IN_2026_06414,True,False,True,False,False,False,True,0.3,0.3682741038527202,1
CB_IN_2026_03606,True,False,True,False,True,True,True,0.1,0.0849945033604359,0
CB_IN_2026_03557,False,False,True,False,False,False,True,0.1,0.02,0
CB_IN_2026_04950,True,False,True,False,True,False,True,0.3,0.2531594528497073,0
CB_IN_2026_04968,True,False,True,False,True,True,True,0.1,0.08036994996692678,0
CB_IN_2026_05031,True,True,True,False,True,True,True,0.88,0.9096619900529019,1
CB_IN_2026_07501,True,False,True,False,True,True,False,0.08,0.09952245887212995,0
CB_IN_2026_07796,False,True,True,False,True,False,True,0.85,0.8844660804919575,1
CB_IN_2026_04000,True,False,False,False,True,False,False,0.08,0.19977923789254606,0
CB_IN_2026_08441,True,False,False,False,True,False,False,0.08,0.0913040265969027,0
CB_IN_2026_03055,True,True,True,False,True,False,True,0.3,0.33215311057344676,1
CB_IN_2026_09034,True,True,False,False,False,True,False,0.85,0.8281600155655066,1
CB_IN_2026_05943,True,True,False,False,False,False,False,0.08,0.023294092655861874,0
CB_IN_2026_08375,True,True,True,False,True,False,True,0.9,0.8046799587433657,1
CB_IN_2026_06770,True,True,True,False,True,True,True,0.75,0.6321179224870364,1
CB_IN_2026_04511,False,True,True,False,False,True,True,0.1,0.1523101700200492,1
CB_IN_2026_02534,False,True,False,False,True,False,False,0.08,0.02,0
CB_IN_2026_06006,True,False,False,False,False,True,False,0.45,0.5038666370862158,1
CB_IN_2026_08152,True,False,False,False,True,True,True,0.1,0.16911610497505855,1
CB_IN_2026_08612,True,False,True,False,True,True,True,0.92,0.98,1
CB_IN_2026_06359,False,True,True,False,True,True,True,0.9,0.8825214690099343,1
CB_IN_2026_04143,True,True,True,False,False,True,True,0.85,0.8141739849754107,1
CB_IN_2026_08148,True,False,False,False,True,False,True,0.92,0.8243347258771182,0
CB_IN_2026_01449,True,False,True,False,True,False,True,0.75,0.7720454438947941,0
CB_IN_2026_04105,True,True,True,False,False,False,True,0.85,0.921376036371808,1
CB_IN_2026_04102,True,True,False,False,True,False,True,0.85,0.98,1
CB_IN_2026_08831,True,False,True,False,True,False,True,0.3,0.18714120656830224,0
CB_IN_2026_04091,True,False,True,False,True,False,True,0.1,0.11862790481500135,0
CB_IN_2026_04062,True,False,True,False,True,False,True,0.3,0.2823209685230718,1
CB_IN_2026_00102,True,True,True,False,True,False,True,0.9,0.9789673639550883,1
CB_IN_2026_06751,True,True,True,False,True,False,True,0.92,0.9648283197463567,1
CB_IN_2026_02489,True,False,False,False,True,False,True,0.9,0.98,1
CB_IN_2026_06877,True,True,True,False,False,True,True,0.85,0.8195165107667295,1
CB_IN_2026_08637,True,True,True,False,True,False,True,0.3,0.23263453029479217,0
CB_IN_2026_03022,True,True,False,False,True,False,False,0.18,0.2525708947031293,0
CB_IN_2026_07521,True,True,True,False,True,True,False,0.92,0.8970387118192009,1
CB_IN_2026_01851,True,False,True,False,False,True,True,0.75,0.7658786276231333,0
CB_IN_2026_00837,True,True,True,False,True,False,True,0.75,0.8006586603893198,1
CB_IN_2026_04858,True,False,False,False,False,False,False,0.3,0.39045628236450536,1
CB_IN_2026_02996,True,False,False,False,True,False,False,0.92,0.8244299321090136,1
CB_IN_2026_09968,True,True,True,False,True,False,True,0.92,0.8753545156212594,1
CB_IN_2026_04608,True,True,True,False,False,True,True,0.92,0.98,1
CB_IN_2026_02442,True,True,True,False,True,True,True,0.88,0.9229238780302,0
CB_IN_2026_08808,True,True,True,False,False,False,True,0.25,0.24869174844726855,0
CB_IN_2026_09769,True,True,True,False,True,True,True,0.85,0.7619051133450889,0
CB_IN_2026_09386,True,False,True,False,False,True,True,0.1,0.1340834238771556,0
CB_IN_2026_08281,False,True,False,False,True,False,False,0.08,0.03656798668942231,0
CB_IN_2026_00471,True,False,False,False,True,False,False,0.75,0.6834133653901812,0
CB_IN_2026_03605,False,True,True,False,True,False,True,0.55,0.7091866282118608,1
CB_IN_2026_08047,True,True,True,False,True,False,False,0.08,0.0315690331831537,0
CB_IN_2026_01134,True,True,True,True,True,True,True,0.92,0.8866891168919568,1
CB_IN_2026_07059,True,True,True,False,True,False,True,0.55,0.539521975865355,1
CB_IN_2026_09900,True,True,False,False,False,True,False,0.08,0.04977672268626593,0
CB_IN_2026_09335,True,True,True,False,True,False,True,0.9,0.98,1
CB_IN_2026_04245,True,False,False,False,False,False,False,0.08,0.19496686390882778,0
CB_IN_2026_07534,True,True,True,False,True,False,True,0.18,0.11877826562584767,0
CB_IN_2026_06203,True,True,True,False,True,False,True,0.9,0.943755371432874,1
CB_IN_2026_09954,True,False,False,False,True,False,False,0.08,0.13188334841364147,0
CB_IN_2026_00604,True,True,True,False,True,True,True,0.85,0.875759944142398,1
CB_IN_2026_07250,True,False,False,False,True,False,False,0.08,0.08891227542866127,0
CB_IN_2026_09255,True,True,True,False,False,False,True,0.85,0.8949774026940174,1
CB_IN_2026_09855,False,False,False,False,True,True,False,0.9,0.9182078740186026,1
CB_IN_2026_04150,True,False,True,False,True,False,True,0.92,0.98,1
CB_IN_2026_08724,True,False,True,False,True,False,True,0.55,0.6121379924953644,1
CB_IN_2026_05125,True,True,True,False,True,False,True,0.55,0.527182088115309,0
CB_IN_2026_08956,True,False,False,True,True,True,True,0.1,0.02,0
CB_IN_2026_04669,True,False,True,False,True,False,True,0.1,0.16862382437849172,0
CB_IN_2026_07297,True,False,True,False,False,False,True,0.15,0.1399937592970293,0
CB_IN_2026_01927,True,True,False,False,True,False,False,0.08,0.1490064547919388,0
CB_IN_2026_03635,False,True,True,False,True,True,True,0.9,0.8543383350841962,1
CB_IN_2026_01984,False,True,False,False,True,False,False,0.85,0.8149123509490632,1
CB_IN_2026_01043,True,True,False,False,False,False,False,0.1,0.2389944041877431,0
CB_IN_2026_04334,True,True,False,False,True,False,False,0.85,0.7827807034104473,1
CB_IN_2026_02111,False,True,True,False,True,False,True,0.9,0.98,1
CB_IN_2026_09550,True,False,False,False,True,True,True,0.92,0.8249786104044985,0
CB_IN_2026_03917,True,True,True,False,False,False,True,0.1,0.23923148697767652,1
CB_IN_2026_02463,False,False,True,False,True,True,True,0.9,0.7879016290296291,1
CB_IN_2026_06839,True,True,True,False,True,False,True,0.75,0.8092023839189706,1
CB_IN_2026_05813,True,True,True,False,False,False,True,0.1,0.15857898575264306,0
CB_IN_2026_07463,False,True,True,False,True,False,True,0.55,0.5443664921859724,0
CB_IN_2026_03973,True,False,False,False,False,False,False,0.2,0.19307095779238284,0
CB_IN_2026_07805,True,False,False,False,True,True,True,0.1,0.03348675244921506,0
CB_IN_2026_05734,True,True,True,False,True,False,True,0.3,0.25448564101822646,1
CB_IN_2026_01235,True,False,True,False,True,True,True,0.92,0.8817918462236771,1
CB_IN_2026_01561,True,False,False,False,True,False,False,0.08,0.05596474414683639,0
CB_IN_2026_08463,True,True,True,False,True,False,True,0.55,0.5365162544452393,1
CB_IN_2026_03828,True,True,False,False,False,False,False,0.08,0.0480549780168443,0
CB_IN_2026_02928,True,False,True,False,False,False,True,0.92,0.8482116566071473,1
CB_IN_2026_00729,True,False,True,False,True,False,True,0.92,0.98,1
CB_IN_2026_09775,True,False,False,True,True,True,True,0.92,0.8412255642182033,1
CB_IN_2026_08247,True,False,True,False,True,False,True,0.3,0.22320522391266812,0
CB_IN_2026_06303,True,False,True,False,True,True,True,0.1,0.07458098369338645,0
CB_IN_2026_04338,True,False,False,False,True,False,False,0.1,0.15036837296956174,0
CB_IN_2026_09687,True,True,True,False,False,False,True,0.85,0.9377124608848204,1
CB_IN_2026_00031,True,False,True,False,True,False,True,0.9,0.8296568404945859,1
CB_IN_2026_04545,True,True,True,False,True,True,True,0.85,0.7073096209889138,1
CB_IN_2026_04272,True,False,False,False,False,True,False,0.08,0.02,0
CB_IN_2026_01323,True,True,True,False,True,False,True,0.55,0.507676357055366,1
CB_IN_2026_04462,True,True,True,False,True,False,True,0.55,0.5521425211672056,1
CB_IN_2026_06863,True,False,True,False,False,True,True,0.45,0.5190642422751716,1
CB_IN_2026_00318,True,False,True,False,False,False,True,0.1,0.028135052087460755,0
CB_IN_2026_04879,True,False,False,True,True,False,False,0.03,0.07785603560509775,0
CB_IN_2026_05888,True,True,True,False,False,True,True,0.92,0.98,1
CB_IN_2026_06047,True,True,True,False,True,False,True,0.55,0.5813469222228157,1
CB_IN_2026_03148,False,True,True,False,True,True,True,0.9,0.8434765736034672,1
CB_IN_2026_05106,True,False,True,False,True,True,False,0.08,0.0849166398605219,0
CB_IN_2026_03583,True,True,False,False,False,False,False,0.1,0.16804612035107075,0
CB_IN_2026_01023,True,True,True,False,False,False,True,0.3,0.21164361687452163,0
CB_IN_2026_06035,True,True,True,False,True,False,True,0.3,0.4402753580153581,0
CB_IN_2026_06028,True,True,False,False,True,True,False,0.08,0.058723610655743684,0
CB_IN_2026_00251,True,False,False,False,False,False,True,0.25,0.2981435979320395,1
CB_IN_2026_07429,True,True,False,False,True,False,False,0.08,0.1384068250744514,0
CB_IN_2026_05949,True,True,False,False,False,True,False,0.1,0.02,0
CB_IN_2026_07236,True,False,False,False,True,False,False,0.08,0.02,0
CB_IN_2026_07253,True,True,True,False,True,False,True,0.85,0.7181872590280853,1
CB_IN_2026_07349,False,True,False,False,True,True,True,0.25,0.20968685592479192,0
CB_IN_2026_07052,True,False,False,False,True,True,False,0.08,0.11403150515599539,0
CB_IN_2026_05138,True,True,True,False,True,False,True,0.55,0.53984949478277,0
CB_IN_2026_09739,True,True,False,False,False,False,False,0.85,0.7656522717824191,0
CB_IN_2026_00740,True,True,False,False,False,False,False,0.08,0.08521605354763476,0
CB_IN_2026_02612,True,False,False,False,False,False,False,0.08,0.1696772963462616,0
CB_IN_2026_04133,True,True,False,False,True,True,False,0.85,0.8203653434972645,1
CB_IN_2026_04117,True,True,True,False,True,False,True,0.55,0.5731202713922843,1
CB_IN_2026_01252,True,False,False,False,True,False,True,0.2,0.15173834877324324,0
CB_IN_2026_09930,True,False,False,False,False,False,False,0.08,0.06791536212882146,0
CB_IN_2026_04019,True,False,False,False,False,False,False,0.03,0.02,0
CB_IN_2026_05746,True,False,True,False,True,True,True,0.92,0.8753657075229155,1
CB_IN_2026_04225,True,True,True,False,False,False,True,0.3,0.44594675687161683,1
CB_IN_2026_09041,True,True,False,False,True,False,True,0.85,0.8889555209427116,1
CB_IN_2026_03899,True,True,False,False,True,False,False,0.08,0.02,0
CB_IN_2026_06886,False,False,True,False,True,False,True,0.9,0.9736919599357291,1
CB_IN_2026_06903,False,False,True,False,True,True,True,0.1,0.14529516999332703,0
CB_IN_2026_06923,True,False,True,False,True,True,True,0.9,0.98,1
CB_IN_2026_05820,True,True,True,False,True,False,False,0.08,0.06359346170149704,0
CB_IN_2026_02905,False,False,True,False,True,True,True,0.92,0.9033647458743217,1
CB_IN_2026_03831,True,True,False,False,True,True,False,0.08,0.15222679953519708,0
CB_IN_2026_09723,True,False,False,False,True,False,True,0.45,0.4073442960864812,0
CB_IN_2026_04498,True,True,True,False,True,False,True,0.85,0.8231027659908073,1
CB_IN_2026_05552,True,True,False,False,True,True,False,0.08,0.2123473430769895,0
CB_IN_2026_01602,True,True,True,False,True,False,True,0.18,0.1940565502936412,0
CB_IN_2026_01716,False,False,True,False,False,False,True,0.55,0.4542447477758196,1
CB_IN_2026_02155,True,False,True,False,True,True,True,0.1,0.17774060832906535,0
CB_IN_2026_01692,True,True,True,False,True,True,True,0.9,0.7455141862773633,1
CB_IN_2026_02174,True,True,True,False,False,True,True,0.92,0.9546257507273072,1
CB_IN_2026_01830,True,True,True,False,False,False,True,0.85,0.8679353630865225,1
CB_IN_2026_02199,True,True,False,False,True,False,True,0.92,0.98,1
CB_IN_2026_08399,True,True,False,False,True,False,False,0.08,0.04550115938071075,0
CB_IN_2026_01462,True,True,True,False,True,True,True,0.92,0.8790501809016026,1
CB_IN_2026_02136,False,False,True,False,False,False,True,0.1,0.1166067283737772,0
CB_IN_2026_03207,True,True,False,False,True,False,True,0.9,0.9534911106750816,1
CB_IN_2026_09183,True,True,True,False,True,False,True,0.9,0.900445807434017,1
CB_IN_2026_09771,True,False,True,False,True,False,True,0.18,0.14272579597862467,0
CB_IN_2026_06793,True,True,True,False,True,False,True,0.9,0.8926735768898664,1
CB_IN_2026_02196,True,True,True,False,False,True,True,0.15,0.174138169480963,0
CB_IN_2026_00238,True,True,True,False,False,False,True,0.15,0.07444689105983572,1
CB_IN_2026_07961,True,False,False,False,True,False,False,0.08,0.07225389824105541,0
CB_IN_2026_09886,True,False,True,False,True,False,True,0.9,0.8631375728965572,1
CB_IN_2026_03144,True,False,False,False,True,False,False,0.08,0.02,0
CB_IN_2026_04594,True,True,True,False,True,False,True,0.3,0.229363403730659,1
CB_IN_2026_05682,True,True,False,False,True,False,False,0.08,0.04875603217979138,0
CB_IN_2026_05969,True,False,True,False,True,False,True,0.9,0.8936535987335977,1
CB_IN_2026_03020,True,False,True,False,True,True,True,0.92,0.8617833506660956,1
CB_IN_2026_05319,False,True,False,False,True,True,True,0.92,0.9255316000016598,1
CB_IN_2026_00758,True,False,True,False,False,True,True,0.45,0.4011201762196039,1
CB_IN_2026_03740,True,True,False,False,False,False,False,0.08,0.09431344295731464,0
CB_IN_2026_08113,True,True,True,False,True,False,True,0.3,0.417647101174436,0
CB_IN_2026_08836,True,False,True,False,True,False,True,0.25,0.24453609259115622,1
CB_IN_2026_04882,True,True,True,False,False,False,True,0.3,0.3051207081104197,0
CB_IN_2026_09163,True,False,True,False,False,True,True,0.55,0.5604100207119148,0
CB_IN_2026_09385,True,True,True,False,False,False,True,0.2,0.20713304391462944,0
CB_IN_2026_03108,True,False,False,False,True,True,False,0.9,0.9185281894629307,1
CB_IN_2026_03167,False,True,True,False,False,False,True,0.25,0.23111335340925485,0
CB_IN_2026_08640,True,True,True,False,True,False,True,0.75,0.73714363786661,1
CB_IN_2026_00113,True,True,True,False,True,True,True,0.92,0.9239247701361529,1
CB_IN_2026_07069,True,True,True,True,True,False,True,0.75,0.8658062579363398,1
CB_IN_2026_06922,True,False,True,False,False,False,True,0.1,0.17967063767803984,1
CB_IN_2026_09653,True,True,True,False,True,False,True,0.55,0.48376779171129963,0
CB_IN_2026_08305,True,True,True,False,True,True,True,0.92,0.98,1
CB_IN_2026_00712,True,True,True,False,True,False,True,0.18,0.2047867258044207,0
CB_IN_2026_01080,False,False,False,False,True,False,True,0.9,0.841000764135545,0
CB_IN_2026_07007,False,True,True,True,True,False,True,0.85,0.8049380991753105,1
CB_IN_2026_04831,True,True,True,False,True,True,True,0.92,0.98,1
CB_IN_2026_09834,True,False,True,False,True,False,True,0.45,0.41007848340183484,1
CB_IN_2026_01760,True,False,True,False,True,True,True,0.92,0.98,1
CB_IN_2026_05498,False,False,True,False,False,False,True,0.55,0.5481782127929306,1
CB_IN_2026_02073,False,True,False,False,True,False,True,0.18,0.19625900342530125,1
CB_IN_2026_02190,True,True,True,False,False,True,True,0.92,0.9738480652679471,1
CB_IN_2026_05867,True,True,True,False,True,False,False,0.18,0.05291015461991164,0
CB_IN_2026_09202,True,False,False,False,True,True,False,0.75,0.6313552301082744,1
CB_IN_2026_01464,True,True,True,False,True,False,True,0.92,0.9316169993264448,1
CB_IN_2026_06437,True,True,True,False,True,False,True,0.9,0.9356506067476695,1
CB_IN_2026_09282,True,True,True,False,False,False,True,0.3,0.28741526221780717,0
CB_IN_2026_02451,False,False,True,False,False,True,True,0.15,0.12731020219603872,0
CB_IN_2026_05918,True,False,True,False,False,False,True,0.15,0.1713616470411023,0
CB_IN_2026_06678,True,False,False,False,True,False,False,0.08,0.0784769210839084,0
CB_IN_2026_08793,True,True,True,False,False,True,True,0.12,0.11103042171225541,0
CB_IN_2026_01898,True,True,True,False,False,True,True,0.92,0.9114051006779086,1
CB_IN_2026_00499,True,False,True,False,True,True,True,0.25,0.2312795910336944,0
CB_IN_2026_07737,True,True,True,False,True,False,False,0.85,0.7966616561836544,1
CB_IN_2026_07511,False,True,True,False,True,False,True,0.85,0.8212337435637477,1
CB_IN_2026_09536,True,True,False,False,False,True,True,0.92,0.98,1
CB_IN_2026_05783,True,True,True,False,True,True,True,0.85,0.803593738748635,1
CB_IN_2026_04362,True,True,True,False,True,True,True,0.92,0.9001681252441959,1
CB_IN_2026_09074,True,True,True,False,True,False,True,0.85,0.891682468543462,1
CB_IN_2026_01467,True,True,True,False,True,True,True,0.92,0.9571538063951761,1
CB_IN_2026_00747,True,True,True,False,True,False,True,0.2,0.11150143233998797,0
CB_IN_2026_06477,True,False,True,False,True,False,True,0.1,0.02,0
CB_IN_2026_03004,True,True,True,False,True,False,True,0.55,0.5235779728498927,1
CB_IN_2026_04265,True,True,True,False,True,False,True,0.03,0.0423307166695523,0
CB_IN_2026_04098,True,True,True,False,False,False,True,0.92,0.7689327665245893,1
CB_IN_2026_01300,True,False,True,False,True,False,True,0.45,0.4449240929823456,0
CB_IN_2026_07606,True,True,False,False,True,True,False,0.08,0.11890161444186235,1
CB_IN_2026_02192,True,True,True,False,True,False,True,0.18,0.1700081332358481,0
CB_IN_2026_02809,True,True,True,False,True,True,True,0.92,0.8833138696374427,1
CB_IN_2026_04575,True,True,True,False,False,False,True,0.85,0.941389835410273,1
CB_IN_2026_07672,True,True,True,False,True,True,True,0.9,0.9388382949837701,1
CB_IN_2026_00255,False,False,True,False,True,False,True,0.55,0.6503596984262742,0
CB_IN_2026_05993,True,False,True,False,False,False,True,0.3,0.33402457667840124,0
CB_IN_2026_01923,True,True,True,False,False,True,True,0.12,0.25995614533907085,0
CB_IN_2026_04227,False,True,True,False,True,False,True,0.55,0.435585069039877,0
CB_IN_2026_09651,True,False,True,False,True,True,True,0.92,0.9416904680873392,1
CB_IN_2026_00491,True,True,False,False,False,False,True,0.25,0.39535327439632406,0
CB_IN_2026_09040,True,True,True,False,False,False,True,0.1,0.11166313275222327,0
CB_IN_2026_06387,True,True,True,False,True,False,True,0.92,0.9380720420453039,1
CB_IN_2026_04904,True,True,True,False,True,True,True,0.9,0.8650907036494769,1
CB_IN_2026_01450,True,True,False,False,False,False,False,0.08,0.18136336455671137,1
CB_IN_2026_01610,True,True,True,False,False,True,True,0.2,0.02,0
CB_IN_2026_01523,True,False,False,False,True,True,False,0.08,0.02,0
CB_IN_2026_07406,True,False,True,False,True,False,True,0.1,0.07695371979142854,0
CB_IN_2026_03476,True,False,False,False,False,False,False,0.08,0.11356080849648983,0
CB_IN_2026_01010,True,True,True,False,True,False,True,0.3,0.27510655041268617,1
CB_IN_2026_00823,True,False,True,False,True,True,True,0.55,0.6478860079980538,1
CB_IN_2026_00281,True,True,False,False,True,False,False,0.85,0.98,1
CB_IN_2026_09204,True,True,True,False,True,False,True,0.85,0.9169380105343816,1
CB_IN_2026_07493,False,True,False,False,True,False,False,0.08,0.02,0
CB_IN_2026_09668,False,False,True,False,False,False,True,0.55,0.6159527121920834,1
CB_IN_2026_07262,True,True,True,False,True,False,True,0.9,0.8873193287014232,1
CB_IN_2026_04789,True,False,True,False,True,False,True,0.18,0.1714179905059354,0
CB_IN_2026_09252,True,False,True,False,True,True,True,0.1,0.18306337603152412,0
CB_IN_2026_03572,False,False,True,False,True,False,True,0.18,0.12211154070456612,0
CB_IN_2026_09658,False,False,True,False,False,False,True,0.75,0.8315177097146975,0
CB_IN_2026_02015,True,False,True,False,True,False,True,0.92,0.98,1
CB_IN_2026_04813,True,False,False,False,True,False,False,0.08,0.05735374689262297,0
CB_IN_2026_02643,True,True,True,False,True,True,True,0.9,0.98,1
CB_IN_2026_09246,True,False,True,False,True,True,True,0.75,0.7623575907875144,1
CB_IN_2026_09221,True,False,False,False,False,False,True,0.12,0.15974599848992688,0
CB_IN_2026_08452,False,True,True,False,True,False,True,0.05,0.02,0
CB_IN_2026_04966,True,True,True,False,True,False,False,0.85,0.8342026556052992,1
CB_IN_2026_09778,True,False,True,False,True,False,True,0.45,0.47615329583287275,1
CB_IN_2026_04095,True,False,True,False,True,False,True,0.9,0.9125220493659281,1
CB_IN_2026_06721,True,True,True,False,True,False,True,0.85,0.8159714983235322,1
CB_IN_2026_01260,True,True,True,False,True,True,True,0.55,0.5427249129758029,1
CB_IN_2026_04072,True,True,True,False,True,False,True,0.85,0.7841380288891145,1
CB_IN_2026_04967,True,True,False,False,False,True,True,0.85,0.8063755644405511,1
CB_IN_2026_07616,True,False,True,False,True,False,True,0.1,0.196499319380126,1
CB_IN_2026_01356,False,False,False,False,True,False,False,0.08,0.1717610117891265,1
CB_IN_2026_06105,False,False,False,False,True,False,False,0.45,0.5662053740265657,0
CB_IN_2026_05649,True,False,False,False,True,True,False,0.08,0.02,1
CB_IN_2026_02436,True,True,True,False,True,False,True,0.3,0.26467354576578744,0
CB_IN_2026_08785,False,True,True,False,True,False,True,0.05,0.1439609752061724,0
CB_IN_2026_08147,True,True,True,False,True,False,True,0.85,0.7674109403034969,0
CB_IN_2026_07638,True,True,True,False,True,False,True,0.3,0.34000393593186007,0
CB_IN_2026_01242,True,True,True,False,False,False,True,0.55,0.6670363073522014,1
CB_IN_2026_07710,False,True,True,False,True,False,True,0.55,0.5756317126920297,0
CB_IN_2026_00525,True,True,True,False,True,False,True,0.9,0.9473413652926668,1
CB_IN_2026_09843,False,False,True,False,True,False,True,0.75,0.7846578410951677,0
CB_IN_2026_03308,True,True,True,False,True,False,True,0.18,0.20924410941850044,0
CB_IN_2026_02930,False,True,True,False,True,False,True,0.85,0.9063333147027497,1
CB_IN_2026_05097,True,False,False,False,True,True,True,0.92,0.8043266116788799,1
CB_IN_2026_09591,True,True,False,False,False,False,True,0.03,0.07437538782131395,0
CB_IN_2026_04998,True,False,True,False,False,True,True,0.92,0.9094597554980055,1
CB_IN_2026_04435,True,False,True,False,True,False,True,0.1,0.1802704813172641,0
CB_IN_2026_02954,True,True,True,False,True,False,True,0.85,0.8723973583626691,1
CB_IN_2026_08626,True,False,True,False,True,True,False,0.03,0.02377526583289365,0
CB_IN_2026_07388,True,True,True,False,True,False,True,0.9,0.8279431171973737,1
CB_IN_2026_05621,True,True,True,False,True,False,True,0.9,0.8009627879145863,1
CB_IN_2026_04373,True,False,True,False,True,False,True,0.3,0.37357864188255074,0
CB_IN_2026_07400,True,True,True,False,True,False,True,0.9,0.916762897622533,1
CB_IN_2026_02966,True,True,True,False,False,False,True,0.85,0.98,1
CB_IN_2026_00320,True,True,True,True,False,True,True,0.92,0.9227848657999472,0
CB_IN_2026_03252,True,False,True,False,False,False,True,0.1,0.056494557445393244,0
CB_IN_2026_06895,True,True,True,False,False,True,True,0.92,0.98,1
CB_IN_2026_08091,True,True,True,False,True,False,True,0.3,0.25898239114759736,0
CB_IN_2026_02767,True,False,True,False,True,False,True,0.18,0.15260812097581547,0
CB_IN_2026_01210,True,True,False,False,True,True,False,0.03,0.0875186374919674,0
CB_IN_2026_07470,True,False,True,False,True,False,True,0.9,0.9061088764825359,1
CB_IN_2026_07591,True,True,True,False,True,False,True,0.9,0.9409595107190001,1
CB_IN_2026_09955,True,True,True,False,False,False,True,0.12,0.13838831437150162,0
CB_IN_2026_02412,True,True,True,False,True,False,True,0.55,0.5037212959450237,1
CB_IN_2026_00376,True,True,False,False,False,False,False,0.08,0.02,0
CB_IN_2026_07829,True,True,False,False,True,False,False,0.92,0.8585595224637341,1
CB_IN_2026_09384,True,False,True,False,True,True,True,0.2,0.3039808586080237,0
CB_IN_2026_00106,False,True,True,False,False,True,False,0.08,0.06439190992092206,0
CB_IN_2026_03076,True,True,True,False,True,False,True,0.9,0.8975754295009241,1
CB_IN_2026_02775,True,False,True,False,True,True,True,0.45,0.47136495255874583,0
CB_IN_2026_02428,True,False,False,False,False,False,False,0.08,0.09113677827230485,0
CB_IN_2026_06314,True,True,True,False,False,True,True,0.55,0.5547823886887876,1
CB_IN_2026_03799,True,False,True,False,True,False,True,0.9,0.865013908527169,0
CB_IN_2026_04679,True,True,True,False,True,False,True,0.2,0.11251691451876089,0
CB_IN_2026_04419,True,True,True,False,False,True,False,0.08,0.023169276082525815,0
CB_IN_2026_06573,True,True,True,False,True,False,True,0.9,0.9137874941226422,1
CB_IN_2026_07670,False,True,False,False,True,False,False,0.08,0.02,0
CB_IN_2026_02932,True,True,False,False,True,False,True,0.3,0.34574132155319404,1
CB_IN_2026_07994,False,True,True,False,True,True,True,0.9,0.7833597970046475,1
CB_IN_2026_01916,True,True,True,False,False,False,True,0.75,0.792738885872719,1
CB_IN_2026_04902,True,False,True,False,True,False,True,0.55,0.5523342195255975,0
CB_IN_2026_09207,True,False,False,False,False,False,True,0.12,0.08423093982804612,0
CB_IN_2026_08812,False,True,False,False,True,False,False,0.08,0.1509395813465791,0
CB_IN_2026_06315,True,True,True,False,True,True,True,0.92,0.9636043118974661,1
CB_IN_2026_04416,True,True,False,False,True,False,False,0.9,0.9128859247914501,1
CB_IN_2026_04639,False,True,True,False,False,False,True,0.05,0.13884413618551206,0
CB_IN_2026_05313,False,True,False,False,True,True,False,0.08,0.02,0
CB_IN_2026_03731,True,False,True,False,True,False,True,0.1,0.030882874842279154,0
CB_IN_2026_07319,True,True,True,False,False,False,True,0.85,0.8387839700526393,1
CB_IN_2026_07356,True,True,False,False,True,False,True,0.25,0.250619317827615,0
CB_IN_2026_09816,True,True,False,False,False,True,False,0.1,0.14826545168748143,0
CB_IN_2026_08620,True,True,True,False,True,False,True,0.92,0.7964727867545955,1
CB_IN_2026_02737,True,False,False,False,True,False,True,0.3,0.1718002492423454,0
CB_IN_2026_08106,True,True,True,False,True,False,True,0.25,0.3419703969030853,0
CB_IN_2026_08963,True,False,True,False,True,False,False,0.08,0.02,0
CB_IN_2026_07682,True,False,True,False,False,False,True,0.1,0.02,0
CB_IN_2026_02913,True,False,False,False,True,False,False,0.08,0.05105563091105151,0
CB_IN_2026_00288,True,True,True,False,True,False,True,0.92,0.9003779579195073,1
CB_IN_2026_04664,True,False,False,False,True,True,True,0.25,0.11488017786202812,0
CB_IN_2026_02744,True,False,True,False,True,False,True,0.2,0.09484121930561197,0
CB_IN_2026_03426,True,False,False,False,True,False,True,0.1,0.09240602062356683,0
CB_IN_2026_04200,True,True,True,False,True,False,True,0.85,0.8822638305034831,1
CB_IN_2026_04960,True,True,True,False,True,True,True,0.92,0.8619827595176435,1
CB_IN_2026_01435,True,False,True,False,True,False,True,0.3,0.31016018252860916,0
CB_IN_2026_06252,True,False,False,False,True,False,False,0.03,0.1965319055702153,0
CB_IN_2026_01682,True,False,True,False,False,False,True,0.3,0.3106490073001621,0
CB_IN_2026_04085,True,True,False,False,True,True,False,0.85,0.8006978334983381,1
CB_IN_2026_07879,False,True,True,False,True,True,True,0.85,0.952420701753937,1
CB_IN_2026_09184,True,False,True,False,True,True,True,0.88,0.859133497460516,1
CB_IN_2026_05207,True,True,False,False,False,False,False,0.1,0.19053142374218043,1
CB_IN_2026_09269,True,True,True,False,True,True,True,0.9,0.9071989466152625,1
CB_IN_2026_03961,True,False,True,False,True,True,True,0.92,0.9061487153553225,1
CB_IN_2026_06173,True,True,True,False,True,False,True,0.18,0.16464797538978482,0
CB_IN_2026_03271,True,False,True,False,False,False,True,0.1,0.02,0
CB_IN_2026_01857,True,True,True,False,False,False,True,0.85,0.8868815393725239,1
CB_IN_2026_01636,False,True,True,False,True,False,True,0.05,0.02,0
CB_IN_2026_00415,True,True,True,False,True,False,True,0.9,0.98,1
CB_IN_2026_02813,True,True,True,False,False,False,True,0.55,0.5228794885514623,1
CB_IN_2026_04977,True,True,False,False,True,False,False,0.08,0.06355607128840035,0
CB_IN_2026_05641,True,True,True,False,True,True,True,0.85,0.9488568593522034,1
CB_IN_2026_09267,True,False,True,False,True,False,True,0.9,0.969503490928459,1
CB_IN_2026_08762,True,False,True,False,True,False,True,0.1,0.09013488731699398,0
CB_IN_2026_06317,True,False,True,False,True,True,True,0.9,0.98,1
CB_IN_2026_07246,False,True,True,False,False,False,True,0.55,0.6093945701220053,0
CB_IN_2026_01987,True,False,False,False,True,False,False,0.08,0.08201735911613012,0
CB_IN_2026_04695,True,True,True,False,True,True,True,0.85,0.8945011278396986,0
CB_IN_2026_08426,True,True,True,False,True,True,True,0.92,0.9492709425362807,1
CB_IN_2026_03069,False,False,True,False,True,False,True,0.05,0.12749838949741982,0
CB_IN_2026_04552,True,False,True,False,True,False,True,0.9,0.8412810195696953,1
CB_IN_2026_08522,True,True,True,False,False,True,True,0.85,0.9374935288853753,1
CB_IN_2026_04852,True,False,True,False,True,False,True,0.9,0.9553125826699769,1
CB_IN_2026_01779,True,True,True,False,False,True,True,0.92,0.9026304434770185,1
CB_IN_2026_07888,True,True,True,False,True,True,True,0.9,0.8753136235943375,1
CB_IN_2026_00218,True,True,False,False,False,True,True,0.92,0.9183787492667107,1
CB_IN_2026_04402,True,True,True,False,True,False,True,0.55,0.5415647105305798,0
CB_IN_2026_02197,True,True,True,False,True,False,True,0.03,0.10377543076082021,0
CB_IN_2026_08980,True,True,True,False,False,False,True,0.75,0.858429109275771,1
CB_IN_2026_02214,True,False,True,False,True,False,True,0.92,0.98,1
CB_IN_2026_07775,True,True,True,False,True,True,True,0.9,0.9345949162060414,1
CB_IN_2026_04597,True,True,True,False,True,True,True,0.9,0.8434950371569133,1
CB_IN_2026_04604,True,False,True,False,True,False,False,0.9,0.98,1
CB_IN_2026_07926,True,False,False,False,True,True,False,0.08,0.02,0
CB_IN_2026_06171,True,True,True,False,True,True,True,0.92,0.98,1
CB_IN_2026_06250,False,True,True,False,True,False,True,0.85,0.98,1
CB_IN_2026_02291,True,True,True,False,True,True,True,0.85,0.8202511844390274,1
CB_IN_2026_05444,True,False,True,False,False,False,True,0.45,0.4340208987013514,0
CB_IN_2026_07464,True,True,True,False,True,False,True,0.85,0.9069635336510838,1
CB_IN_2026_06725,True,True,False,True,True,False,True,0.9,0.8510915568304847,1
CB_IN_2026_08302,False,False,True,False,True,False,True,0.55,0.5413255308792285,1
CB_IN_2026_08083,True,False,False,False,True,True,False,0.88,0.8972837384723141,1
CB_IN_2026_08364,True,True,True,False,True,True,True,0.85,0.8076532969859668,1
CB_IN_2026_08040,True,True,True,False,False,False,True,0.3,0.3751601367568984,1
CB_IN_2026_02974,True,False,True,False,True,False,True,0.9,0.9658044768370683,1
CB_IN_2026_00159,True,False,False,False,False,True,True,0.15,0.2181754988963256,0
CB_IN_2026_06794,False,True,False,True,True,False,False,0.85,0.8692218113909251,1
CB_IN_2026_05143,True,True,True,False,True,True,True,0.85,0.8999916650592655,1
CB_IN_2026_05442,True,False,True,False,False,False,True,0.3,0.2343637206011751,0
CB_IN_2026_08908,True,False,True,False,False,False,True,0.3,0.32790572046102107,0
CB_IN_2026_06801,False,True,True,False,True,True,True,0.05,0.11359922489655623,0
CB_IN_2026_09295,True,False,False,False,True,True,False,0.08,0.13630637019541153,0
CB_IN_2026_07467,False,True,True,False,True,False,True,0.55,0.6593344560122384,1
CB_IN_2026_01367,True,True,True,False,True,False,True,0.9,0.9008280863022942,1
CB_IN_2026_09166,True,False,False,False,True,True,False,0.08,0.028425150917406806,0
CB_IN_2026_07360,True,False,True,False,True,False,True,0.3,0.3586515936341123,0
CB_IN_2026_02504,True,True,False,False,True,False,True,0.85,0.9535250072083171,1
CB_IN_2026_04281,True,True,True,False,True,False,True,0.92,0.9669574983242132,1
CB_IN_2026_09842,True,True,False,False,True,False,True,0.9,0.915852490891664,1
CB_IN_2026_00556,True,False,False,False,True,False,False,0.08,0.02,0
CB_IN_2026_01933,False,False,True,False,True,True,True,0.03,0.02,0
CB_IN_2026_04256,True,True,False,True,True,True,True,0.85,0.8702990691494139,1
CB_IN_2026_05285,True,False,True,False,True,True,True,0.9,0.98,1
CB_IN_2026_01691,True,True,True,False,False,False,True,0.3,0.3571599880699942,0
CB_IN_2026_04050,True,True,True,False,True,True,True,0.92,0.9268177302568651,1
CB_IN_2026_00020,True,False,False,False,True,False,False,0.08,0.09244488648041156,0
CB_IN_2026_03459,False,True,True,False,True,False,True,0.85,0.9236655214497723,1
CB_IN_2026_00672,False,True,False,False,True,False,False,0.08,0.04940176382594008,0
CB_IN_2026_03105,False,False,True,False,True,False,True,0.05,0.08143666205478155,0
CB_IN_2026_07475,True,True,True,False,False,True,False,0.08,0.05999473153896496,0
CB_IN_2026_05727,True,True,False,False,True,True,True,0.9,0.8812817604951487,1
CB_IN_2026_09359,True,True,False,False,False,False,False,0.08,0.058167671767894294,0
CB_IN_2026_01649,False,False,True,False,True,False,True,0.9,0.9056081158264113,1
CB_IN_2026_02379,True,False,True,False,True,False,True,0.2,0.1065944466605686,0
CB_IN_2026_08751,True,False,True,False,True,True,True,0.92,0.8524917996634624,0
CB_IN_2026_00725,True,True,True,False,True,False,True,0.85,0.7588079642849113,1
CB_IN_2026_08647,True,False,False,False,False,True,True,0.92,0.8142191574330004,1
CB_IN_2026_07503,True,True,False,False,True,False,False,0.08,0.021301107791419416,0
CB_IN_2026_05720,False,False,True,False,True,True,True,0.1,0.032363130868051315,0
CB_IN_2026_03596,True,False,True,False,True,False,True,0.3,0.290889577317535,0
CB_IN_2026_07033,True,True,True,False,False,True,True,0.15,0.24016495242606592,0
CB_IN_2026_09323,False,True,True,False,True,False,True,0.55,0.469904184577996,0
CB_IN_2026_07931,True,True,False,False,True,True,True,0.92,0.8500720155880382,1
CB_IN_2026_06178,True,True,False,False,True,True,True,0.92,0.9117267289382753,1
CB_IN_2026_00048,True,False,True,False,False,False,True,0.1,0.09455025664695295,0
CB_IN_2026_07172,True,False,False,False,False,False,False,0.08,0.0970776725584076,0
CB_IN_2026_03272,True,True,True,False,False,False,True,0.55,0.6321599784111411,0
CB_IN_2026_08496,True,True,False,False,True,True,True,0.9,0.9497127331516285,1
CB_IN_2026_08692,True,True,False,False,True,True,False,0.92,0.9290961075905858,1
CB_IN_2026_05595,True,True,True,False,True,False,True,0.85,0.7505089761487218,0
CB_IN_2026_09993,True,True,True,False,True,True,True,0.92,0.8432473591768793,1
CB_IN_2026_00294,False,False,True,False,True,True,True,0.92,0.9157957592787609,1
CB_IN_2026_09249,True,True,False,False,True,False,True,0.92,0.9793498157538352,1
CB_IN_2026_07494,True,True,False,False,True,False,False,0.08,0.0675825694818793,0
CB_IN_2026_07943,True,True,False,False,True,True,True,0.92,0.9068201595957996,1
CB_IN_2026_00119,True,False,False,False,True,True,False,0.9,0.9053061662379365,1
CB_IN_2026_08262,True,False,True,False,True,False,True,0.55,0.6745771580592317,1
CB_IN_2026_00163,True,True,False,False,True,False,True,0.85,0.810560571887616,0
CB_IN_2026_06700,True,True,True,False,False,False,True,0.75,0.7162769785714427,1
CB_IN_2026_06870,True,True,True,False,True,False,True,0.92,0.8859568520681124,1
CB_IN_2026_08409,True,True,True,False,False,False,True,0.92,0.8448422894809015,0
CB_IN_2026_00630,True,False,True,False,True,False,True,0.3,0.27841261068943485,0
CB_IN_2026_01354,True,False,True,False,True,False,True,0.9,0.8256351790817791,0
CB_IN_2026_09046,True,False,True,False,False,False,True,0.55,0.6475757517648149,1
CB_IN_2026_00147,True,True,True,False,True,True,True,0.92,0.8494285993222394,1
CB_IN_2026_04037,True,True,False,False,False,False,True,0.85,0.8123319452196012,0
CB_IN_2026_02781,True,False,False,False,True,False,False,0.75,0.788731680312006,1
CB_IN_2026_01092,True,False,True,False,True,False,True,0.25,0.30494854196853305,1
CB_IN_2026_02773,False,False,True,False,True,False,True,0.45,0.47487473561510934,1
CB_IN_2026_06311,True,True,True,False,True,True,True,0.88,0.8640580622164503,1
CB_IN_2026_05988,True,False,True,False,False,False,True,0.1,0.17132211160691116,1
CB_IN_2026_08837,True,True,True,False,True,False,True,0.85,0.8068518569004509,1
CB_IN_2026_01326,False,True,True,False,True,False,True,0.85,0.7701620474097962,1
CB_IN_2026_06422,True,True,False,False,True,True,False,0.08,0.1635224006825689,1
CB_IN_2026_06604,True,True,False,False,True,False,False,0.08,0.04686004969756122,1
CB_IN_2026_06401,True,True,True,False,True,True,True,0.9,0.8630780746644258,1
CB_IN_2026_02416,True,False,True,False,True,False,True,0.55,0.5788327114412778,1
CB_IN_2026_09896,True,True,False,True,True,True,False,0.03,0.09916496787797471,0
CB_IN_2026_05826,False,True,True,False,True,False,True,0.85,0.6846475672353546,1
CB_IN_2026_01874,True,True,False,False,True,False,False,0.9,0.945973931578782,1
CB_IN_2026_01576,True,True,True,False,True,True,True,0.92,0.9391740870018782,1
CB_IN_2026_04196,True,True,False,False,True,False,False,0.08,0.044190558207936534,0
CB_IN_2026_01244,True,True,False,False,True,True,False,0.08,0.09032560736985129,0
CB_IN_2026_07242,True,True,False,False,True,False,False,0.85,0.7688075259640273,1
CB_IN_2026_03500,True,False,False,False,True,False,False,0.08,0.1215613830248497,0
CB_IN_2026_07642,True,False,True,False,False,True,True,0.45,0.3785879295623092,1
CB_IN_2026_09478,True,True,True,False,False,False,True,0.85,0.7689231048210017,0
CB_IN_2026_00520,True,True,True,False,True,False,True,0.3,0.28443596452701003,0
CB_IN_2026_03302,True,False,True,False,True,True,True,0.92,0.8435156081215438,1
CB_IN_2026_07774,True,True,False,False,True,True,True,0.9,0.8313352764944885,1
CB_IN_2026_00503,True,True,True,False,True,False,True,0.85,0.812045275575284,1
CB_IN_2026_01943,True,True,True,True,True,False,True,0.75,0.70190201588824,1
CB_IN_2026_08259,True,False,True,False,True,False,True,0.1,0.13289694860270512,0
CB_IN_2026_07822,False,False,True,False,True,True,True,0.05,0.07192910684870657,0
CB_IN_2026_01193,True,False,True,False,False,False,True,0.92,0.98,1
CB_IN_2026_03864,True,False,True,False,True,False,True,0.9,0.8873000131967278,0
CB_IN_2026_08390,True,True,False,False,True,False,False,0.08,0.17391169753387975,0
CB_IN_2026_03938,True,True,True,False,True,True,True,0.85,0.8672823295411991,1
CB_IN_2026_08257,True,False,True,False,True,True,True,0.45,0.5276739090993838,0
CB_IN_2026_07519,True,False,True,False,False,False,True,0.1,0.12330086330246463,0
CB_IN_2026_03742,True,True,True,False,True,False,True,0.92,0.8972785684498397,1
CB_IN_2026_08405,True,False,True,False,True,True,True,0.25,0.2283769361346441,0
CB_IN_2026_04653,True,True,True,False,True,False,True,0.92,0.975262169298064,1
CB_IN_2026_00636,True,True,True,False,True,False,True,0.85,0.8574949093695224,1
CB_IN_2026_09349,True,True,False,False,True,True,True,0.9,0.914136738660303,1
CB_IN_2026_06755,True,True,True,False,True,True,True,0.92,0.8460330154695904,1
CB_IN_2026_08828,True,True,True,False,True,True,True,0.75,0.8711804289315008,1
CB_IN_2026_03008,True,True,False,False,False,False,False,0.08,0.08260355382062773,0
CB_IN_2026_01223,True,True,True,False,True,False,True,0.18,0.1794982598289331,1
CB_IN_2026_00297,False,True,False,False,False,False,False,0.85,0.8234723892620409,1
CB_IN_2026_04167,True,True,False,False,True,False,True,0.75,0.7251700424719036,1
CB_IN_2026_06372,True,True,False,False,True,False,True,0.85,0.9588347491218827,1
CB_IN_2026_01344,False,True,True,False,False,False,True,0.85,0.812755174142985,1
CB_IN_2026_05222,True,True,True,False,True,False,True,0.9,0.8741919683427354,1
CB_IN_2026_02238,True,False,True,True,False,False,True,0.45,0.5389395565487208,1
CB_IN_2026_02329,True,True,False,False,True,False,False,0.08,0.09734050267242178,0
CB_IN_2026_08079,True,False,True,False,False,True,True,0.92,0.98,1
CB_IN_2026_05434,True,False,True,False,True,False,True,0.1,0.05175968564266882,0
CB_IN_2026_04973,True,False,False,False,True,False,False,0.08,0.08134041325611475,0
CB_IN_2026_02620,True,False,True,False,True,False,True,0.9,0.9375381830288259,1
CB_IN_2026_09881,True,True,True,False,True,False,True,0.9,0.9200808879332194,1
CB_IN_2026_08912,True,False,True,False,True,False,True,0.9,0.8479911912090204,1
CB_IN_2026_02568,True,True,True,False,False,False,True,0.3,0.1898511012687666,0
CB_IN_2026_08233,True,True,True,False,True,False,True,0.85,0.9168789659000394,1
CB_IN_2026_01330,True,True,True,False,True,False,True,0.9,0.8274431235781208,0
CB_IN_2026_07459,True,True,True,False,True,False,True,0.85,0.9742725635438133,1
CB_IN_2026_07621,False,True,True,False,True,False,True,0.05,0.022820747725624594,0
CB_IN_2026_07620,True,True,False,False,True,True,False,0.08,0.02,0
CB_IN_2026_09317,False,True,False,False,True,True,False,0.9,0.8808453511965504,0
CB_IN_2026_01437,False,False,True,False,True,False,True,0.18,0.08992939279037593,0
CB_IN_2026_03646,True,False,False,False,True,False,True,0.9,0.9398580146494866,1
CB_IN_2026_00660,True,True,True,False,True,True,True,0.85,0.7003447836407037,1
CB_IN_2026_06208,True,True,True,False,True,False,True,0.92,0.943304661493795,1
CB_IN_2026_00275,True,False,True,False,True,True,True,0.92,0.954875760740907,1
CB_IN_2026_09416,True,True,True,False,True,True,True,0.85,0.7780918373872674,1
CB_IN_2026_02591,True,True,True,False,True,True,True,0.92,0.8826782667311086,1
CB_IN_2026_08041,True,True,False,False,False,False,True,0.75,0.7628348726341853,1
CB_IN_2026_01750,True,True,True,False,False,False,True,0.3,0.3091326386830278,0
CB_IN_2026_04188,True,True,True,False,True,True,True,0.85,0.8446954106576244,1
CB_IN_2026_01780,True,True,True,False,False,False,True,0.85,0.98,1
CB_IN_2026_01497,True,True,True,False,True,False,True,0.85,0.7311338348714707,1
CB_IN_2026_02871,True,True,True,False,True,False,True,0.2,0.23018660811863503,0
CB_IN_2026_08351,True,False,True,False,True,False,True,0.75,0.7587764594994653,1
CB_IN_2026_09549,True,True,True,False,True,True,True,0.9,0.8084322971503198,0
CB_IN_2026_09962,True,True,False,False,False,False,True,0.92,0.98,1
CB_IN_2026_02983,True,False,False,False,True,True,False,0.88,0.9193679085928781,1
CB_IN_2026_09526,True,True,True,False,False,False,True,0.92,0.8686895995151519,1
CB_IN_2026_07184,True,True,False,False,True,False,False,0.08,0.02,0
CB_IN_2026_08440,True,False,True,False,True,False,True,0.1,0.14137015164071562,1
CB_IN_2026_04951,True,False,False,False,True,False,False,0.08,0.10786604888085075,0
CB_IN_2026_01179,True,True,True,False,True,True,True,0.55,0.4945965536444843,0
CB_IN_2026_08722,True,False,True,False,False,False,True,0.12,0.1831710729008811,0
CB_IN_2026_01657,True,False,True,False,True,False,True,0.9,0.98,1
CB_IN_2026_06011,True,True,True,False,True,False,True,0.85,0.98,1
CB_IN_2026_05371,True,True,True,False,True,False,True,0.92,0.7424442190602177,1
CB_IN_2026_08709,True,False,True,False,True,False,True,0.1,0.089918892104259,0
CB_IN_2026_06153,True,False,True,False,True,True,True,0.45,0.4469872061882011,0
CB_IN_2026_03724,True,True,False,False,True,False,False,0.18,0.17109327213539377,0
CB_IN_2026_09389,False,True,True,False,False,False,True,0.85,0.8130975800029515,0
CB_IN_2026_02674,False,True,True,False,False,True,True,0.85,0.822335652383842,1
CB_IN_2026_05260,True,False,True,False,True,False,True,0.92,0.9666901056981679,1
CB_IN_2026_09997,True,True,True,False,True,False,True,0.85,0.8496407046619564,1
CB_IN_2026_07017,True,False,True,False,False,True,False,0.08,0.08715960313430471,0
CB_IN_2026_07911,True,True,False,False,True,False,True,0.25,0.18246817470371574,0
CB_IN_2026_08084,True,False,True,False,True,True,True,0.9,0.98,1
CB_IN_2026_05762,True,False,False,False,True,False,True,0.3,0.4624133533030149,0
CB_IN_2026_05291,True,False,True,False,True,False,True,0.9,0.7289926316873397,1
CB_IN_2026_06951,True,True,True,False,True,False,True,0.55,0.6430538806943403,0
CB_IN_2026_01276,True,True,True,False,True,False,True,0.85,0.8021759361666196,1
CB_IN_2026_01203,True,True,True,False,False,False,True,0.1,0.14051158402952166,0
CB_IN_2026_03623,True,True,True,False,False,True,True,0.92,0.9664710661561473,1
CB_IN_2026_07555,True,False,True,False,True,True,True,0.55,0.5209114150420473,0
CB_IN_2026_02146,True,True,True,False,False,False,True,0.55,0.5806085495985005,0
CB_IN_2026_05939,True,True,True,False,False,False,True,0.75,0.765229749738851,0
CB_IN_2026_01054,True,True,True,False,False,False,True,0.12,0.14626756039917718,1
CB_IN_2026_00011,True,True,True,False,True,False,True,0.9,0.9414868202830645,1
CB_IN_2026_00116,True,True,False,False,True,False,False,0.08,0.10103922881174163,0
CB_IN_2026_04405,True,True,False,False,True,False,False,0.08,0.02,0
CB_IN_2026_05358,True,True,True,False,True,False,True,0.85,0.8802989322535493,1
CB_IN_2026_00618,True,True,False,False,True,True,False,0.08,0.12481648976000735,0
CB_IN_2026_05153,True,True,True,False,False,False,True,0.55,0.6716623067135385,1
CB_IN_2026_07141,True,True,True,False,True,True,True,0.88,0.8603272226455552,1
CB_IN_2026_05060,True,False,False,False,True,True,False,0.08,0.1671706652752764,0
CB_IN_2026_09301,True,True,True,False,True,False,True,0.9,0.98,1
CB_IN_2026_04125,False,True,True,False,False,True,True,0.1,0.2066096587734789,0
CB_IN_2026_03532,True,False,True,False,False,False,True,0.1,0.02,0
CB_IN_2026_04978,True,False,True,False,True,False,True,0.92,0.9449576012262708,1
CB_IN_2026_02169,True,True,True,False,True,False,True,0.85,0.9438955308952117,1
CB_IN_2026_04509,True,False,True,False,False,True,True,0.92,0.98,1
CB_IN_2026_09866,False,True,False,False,False,False,False,0.85,0.9421456581424097,1
CB_IN_2026_05339,True,False,False,False,True,False,False,0.08,0.1435566692650554,0
CB_IN_2026_09859,True,False,True,False,True,False,True,0.9,0.9373256202801681,1
CB_IN_2026_06528,True,True,True,False,True,True,True,0.55,0.657936391257702,1
CB_IN_2026_05123,False,False,True,False,True,True,True,0.05,0.08425862543217905,0
CB_IN_2026_01917,True,True,True,False,True,False,True,0.9,0.8558327650489024,1
CB_IN_2026_04235,False,True,True,False,True,False,True,0.9,0.8577666298702277,1
CB_IN_2026_08666,True,False,False,False,True,False,False,0.92,0.98,1
CB_IN_2026_08482,True,False,True,False,True,False,True,0.75,0.7845924212877989,1
CB_IN_2026_01673,True,True,True,False,False,True,True,0.75,0.793601778760002,1
CB_IN_2026_09830,True,True,True,False,False,False,True,0.15,0.11247924392281322,0
CB_IN_2026_09343,True,True,True,False,False,True,True,0.15,0.20961838413466688,0
CB_IN_2026_09705,True,False,True,False,True,False,True,0.1,0.16872117115997975,0
CB_IN_2026_03745,False,False,True,False,True,True,True,0.45,0.4050184739883851,0
CB_IN_2026_09410,True,True,True,False,True,True,True,0.92,0.8748343999281875,1
CB_IN_2026_08799,True,True,True,False,True,True,True,0.9,0.8840741176589783,1
CB_IN_2026_02079,True,True,False,False,True,False,True,0.9,0.8983193517388667,0
CB_IN_2026_00662,True,True,True,False,False,False,True,0.75,0.7376347971970322,0
CB_IN_2026_00362,True,True,True,False,True,False,True,0.18,0.21518081234159514,0
CB_IN_2026_07901,True,True,True,False,False,True,True,0.85,0.8103551818148035,1
CB_IN_2026_06383,True,True,True,False,True,False,True,0.3,0.27880638672623936,0
CB_IN_2026_05532,True,True,True,False,True,False,True,0.18,0.08177808686615874,0
CB_IN_2026_06748,True,True,True,False,True,False,True,0.9,0.9437256045512679,1
CB_IN_2026_05460,True,True,False,False,False,False,False,0.08,0.13323759069566787,0
CB_IN_2026_06440,True,True,False,False,False,True,True,0.85,0.7411480010684793,1
CB_IN_2026_04318,True,False,False,False,False,False,True,0.75,0.7468431707685219,0
CB_IN_2026_01533,True,False,True,False,True,True,False,0.08,0.09873843634372664,0
CB_IN_2026_09211,True,True,True,False,True,False,True,0.9,0.9287972869947362,1
CB_IN_2026_00331,True,True,True,False,True,True,True,0.92,0.9029818733328199,1
CB_IN_2026_09414,True,True,True,False,True,False,True,0.3,0.1831383994917229,0
CB_IN_2026_06940,False,False,False,False,True,False,False,0.9,0.9313764785837176,1
CB_IN_2026_00702,True,True,False,False,False,False,False,0.08,0.1385092868747742,0
CB_IN_2026_08504,True,True,True,False,False,True,True,0.92,0.9708852376363083,1
CB_IN_2026_09505,True,True,False,False,True,False,False,0.08,0.04057116158103501,1
CB_IN_2026_03942,True,False,True,False,True,False,False,0.08,0.06494247647296787,0
CB_IN_2026_02863,True,True,True,False,True,False,True,0.85,0.8336238369868857,1
CB_IN_2026_09173,True,True,True,False,True,False,True,0.85,0.744494633849395,1
CB_IN_2026_01264,False,False,True,False,True,True,True,0.9,0.7590920475554344,1
CB_IN_2026_02290,True,True,True,False,True,False,True,0.85,0.7368973567673309,1
CB_IN_2026_04289,True,False,True,True,True,False,True,0.03,0.028576885197045796,0
CB_IN_2026_08355,True,True,True,False,False,False,True,0.92,0.9400438118335912,1
CB_IN_2026_06324,True,True,True,False,True,False,True,0.75,0.7622660283578854,1
CB_IN_2026_08200,False,True,True,False,False,False,True,0.2,0.23633779641396918,0
CB_IN_2026_01584,True,False,True,False,True,True,True,0.92,0.9447699583543666,1
CB_IN_2026_06945,True,True,False,False,True,True,True,0.25,0.22767597241899587,0
CB_IN_2026_08565,True,True,True,False,True,False,True,0.75,0.7567977261632133,1
CB_IN_2026_02724,True,True,False,False,True,False,False,0.92,0.98,1
CB_IN_2026_06492,True,True,True,False,True,False,False,0.85,0.8850511294660524,1
CB_IN_2026_05944,False,False,False,False,False,False,False,0.08,0.24800929272982208,0
CB_IN_2026_07855,True,False,True,False,True,False,True,0.9,0.8065786375836757,1
CB_IN_2026_04077,True,False,True,False,True,False,True,0.55,0.6133472555721877,1
CB_IN_2026_04766,True,False,True,False,True,False,True,0.1,0.06839259970428371,0
CB_IN_2026_07614,True,False,True,False,True,False,True,0.9,0.8769876384900964,1
CB_IN_2026_02594,True,True,True,False,True,False,True,0.25,0.1796149281381924,0
CB_IN_2026_02911,True,True,True,False,False,False,True,0.12,0.16494056017719302,0
CB_IN_2026_09758,False,True,True,False,True,False,True,0.05,0.02,0
CB_IN_2026_08973,True,True,True,False,False,False,True,0.1,0.08727666359955266,0
CB_IN_2026_09790,False,True,True,False,False,False,True,0.55,0.6637705999478265,1
CB_IN_2026_04457,True,True,False,False,True,False,False,0.08,0.204498048703748,0
CB_IN_2026_07634,False,False,True,False,True,False,True,0.45,0.4636349616204862,0
CB_IN_2026_08094,True,False,True,False,True,True,True,0.92,0.9199096030696181,1
CB_IN_2026_08974,True,True,False,False,True,False,True,0.85,0.7148495967242341,1
CB_IN_2026_07149,True,True,True,False,True,True,True,0.55,0.5748571868945224,1
CB_IN_2026_09952,True,False,True,False,True,True,True,0.92,0.954603893794465,1
CB_IN_2026_02751,True,False,True,False,True,True,True,0.03,0.02,0
CB_IN_2026_03856,True,False,False,False,True,False,False,0.08,0.10937512006945485,1
CB_IN_2026_00715,True,True,False,False,True,False,False,0.08,0.12266633346806552,0
CB_IN_2026_05151,False,True,False,False,True,False,True,0.75,0.7688782523868852,1
CB_IN_2026_02991,True,True,False,False,True,False,False,0.3,0.34650249614237993,0
CB_IN_2026_03254,True,True,True,False,True,True,True,0.55,0.6333624328713462,0
CB_IN_2026_08552,False,True,True,False,True,True,True,0.92,0.8356353115676223,0
CB_IN_2026_09047,True,True,True,False,True,False,True,0.85,0.6957051285209193,1
CB_IN_2026_00302,True,True,True,False,False,False,True,0.55,0.62215038464168,1
CB_IN_2026_09056,False,True,True,False,False,False,True,0.05,0.1828069541961614,0
CB_IN_2026_09587,True,True,True,False,True,True,True,0.75,0.832695223584351,0
CB_IN_2026_09964,True,True,False,False,True,False,False,0.03,0.04299330815966782,0
CB_IN_2026_01149,False,True,True,False,True,True,True,0.75,0.7068059736163487,0
CB_IN_2026_03473,True,False,True,False,False,False,True,0.1,0.14503073476160613,0
CB_IN_2026_03768,True,True,True,False,False,False,True,0.1,0.10345849015738243,0
CB_IN_2026_04292,True,True,False,False,True,False,False,0.08,0.02,0
CB_IN_2026_02191,True,True,True,False,False,False,True,0.55,0.6334165631253831,1
CB_IN_2026_07038,True,False,True,False,False,False,True,0.12,0.02,0
CB_IN_2026_07679,True,False,False,False,True,True,True,0.1,0.18859400642139043,0
CB_IN_2026_01813,True,True,True,False,True,False,False,0.08,0.08433392637034157,0
CB_IN_2026_05807,True,False,True,False,True,False,True,0.9,0.9250272641994057,1
CB_IN_2026_05375,False,True,False,False,True,False,True,0.05,0.0778473312469141,0
CB_IN_2026_04755,True,True,True,False,True,False,True,0.9,0.882126581312221,1
CB_IN_2026_01211,True,True,True,False,True,True,True,0.9,0.98,1
CB_IN_2026_09994,True,True,True,False,True,True,True,0.75,0.7738566531723573,1
CB_IN_2026_02715,True,False,True,False,True,False,True,0.55,0.4744344201649038,0
CB_IN_2026_06901,True,True,False,False,True,False,True,0.25,0.2051370242942916,0
CB_IN_2026_03424,True,True,True,False,True,False,True,0.75,0.9187004321404633,1
CB_IN_2026_02725,True,True,True,False,True,False,True,0.18,0.10776437558683102,1
CB_IN_2026_09010,True,False,True,False,True,True,True,0.9,0.9411317666676452,1
CB_IN_2026_04626,True,True,False,False,False,False,True,0.85,0.8795021785558624,1
CB_IN_2026_02757,True,True,False,False,True,False,False,0.2,0.2461438092177334,1
CB_IN_2026_04060,True,True,False,False,True,False,False,0.9,0.9138634582859773,1
CB_IN_2026_08554,True,False,True,False,True,False,True,0.1,0.09339380181138324,0
CB_IN_2026_03355,True,False,True,False,False,False,True,0.1,0.10930928303161201,0
CB_IN_2026_04560,True,False,True,False,True,True,True,0.9,0.9675460331050922,1
CB_IN_2026_06023,True,False,True,False,True,False,True,0.1,0.02,0
CB_IN_2026_09642,True,False,True,False,True,False,True,0.3,0.2727228340390948,1
CB_IN_2026_01797,True,True,False,False,False,True,True,0.85,0.8278725759413075,1
CB_IN_2026_07640,True,True,False,False,True,False,False,0.08,0.1928696754521538,0
CB_IN_2026_04179,True,True,False,False,True,False,False,0.08,0.044660189021462224,0
CB_IN_2026_09485,True,False,True,False,False,True,True,0.55,0.4596077720457659,0
CB_IN_2026_03247,True,True,True,False,True,True,True,0.55,0.6068381009307118,1
CB_IN_2026_02525,False,False,True,False,False,True,True,0.92,0.9399602017980552,1
CB_IN_2026_03591,False,True,False,False,True,False,True,0.85,0.7023859422567583,1
CB_IN_2026_04401,True,True,False,False,True,False,False,0.85,0.9549054308225841,1
CB_IN_2026_08217,True,True,False,False,True,False,False,0.08,0.06677846523939064,0
CB_IN_2026_02502,True,True,False,False,True,True,False,0.08,0.02,0
CB_IN_2026_06861,True,True,True,False,True,False,True,0.85,0.8097804321951727,1
CB_IN_2026_03081,True,True,False,False,True,True,False,0.08,0.05139602716986623,0
CB_IN_2026_05917,True,True,True,False,False,True,True,0.92,0.9257083772400733,1
CB_IN_2026_09829,True,False,True,False,True,False,True,0.92,0.98,1
CB_IN_2026_02270,False,True,True,False,True,False,True,0.18,0.20792354127967977,1
CB_IN_2026_06795,True,True,True,False,True,False,True,0.55,0.5340955068020872,1
CB_IN_2026_05194,True,False,True,False,False,True,True,0.55,0.523428097637005,0
CB_IN_2026_04370,True,False,True,False,True,True,True,0.75,0.7612847796304771,1
CB_IN_2026_09906,True,True,True,False,False,False,True,0.85,0.7689871139022845,1
CB_IN_2026_03738,True,True,False,False,False,True,False,0.08,0.0922058220762428,0
CB_IN_2026_08575,True,False,True,False,True,False,True,0.9,0.9184342803749443,1
CB_IN_2026_09322,True,False,True,False,True,False,True,0.45,0.47379035904669553,1
CB_IN_2026_08060,False,True,True,False,True,False,False,0.08,0.09155033546812476,0
CB_IN_2026_03517,True,True,True,False,True,False,True,0.18,0.13285061321319414,0
CB_IN_2026_03200,True,True,True,False,False,True,True,0.55,0.6034868087943422,0
CB_IN_2026_02001,False,True,False,False,True,True,False,0.08,0.2201696834507164,0
CB_IN_2026_03509,True,True,True,False,False,False,True,0.3,0.3289996990544565,0
CB_IN_2026_08972,True,False,False,False,True,False,True,0.92,0.8594771945639307,1
CB_IN_2026_08413,True,False,True,False,True,False,True,0.9,0.8935323685849663,0
CB_IN_2026_09188,True,True,True,False,True,True,True,0.55,0.5670666851189631,1
CB_IN_2026_06352,True,False,True,False,False,False,True,0.55,0.5191045415297936,1
CB_IN_2026_07962,True,True,True,False,True,False,True,0.85,0.7736009581014813,1
CB_IN_2026_08950,False,False,True,False,True,True,True,0.9,0.8518363895548176,1
CB_IN_2026_07804,True,True,True,False,True,False,True,0.18,0.35310941765915155,1
CB_IN_2026_04591,True,True,True,False,True,False,True,0.9,0.98,1
CB_IN_2026_02069,True,False,True,False,True,False,True,0.1,0.10893528399228966,1
CB_IN_2026_06043,False,False,False,False,True,False,True,0.75,0.6917606761169428,1
CB_IN_2026_02584,True,True,False,False,True,False,True,0.25,0.23929694527694623,0
CB_IN_2026_07848,True,True,True,False,True,True,True,0.85,0.8423760797469311,1
CB_IN_2026_05638,True,False,True,False,True,False,True,0.9,0.9138420678213712,1
CB_IN_2026_08778,True,True,False,False,False,False,True,0.15,0.0930275730717684,0
CB_IN_2026_03309,True,False,True,False,True,False,True,0.3,0.292763769610497,1
CB_IN_2026_02533,True,False,True,False,True,False,True,0.1,0.12049791317111291,0
CB_IN_2026_07852,True,True,True,False,True,True,True,0.92,0.9433383108274397,1
CB_IN_2026_06362,True,False,True,False,True,True,True,0.2,0.2905813003574784,0
CB_IN_2026_03390,True,True,True,False,False,True,True,0.55,0.4741945127500115,0
CB_IN_2026_07321,True,True,False,False,False,True,False,0.08,0.10196619324795768,0
CB_IN_2026_02623,True,False,False,False,True,True,False,0.08,0.09613438804739466,0
CB_IN_2026_04734,True,True,True,False,True,False,True,0.3,0.2954535142487066,0
CB_IN_2026_01812,True,True,False,False,False,False,False,0.08,0.1217520622678957,0
CB_IN_2026_04767,True,False,True,False,False,False,True,0.12,0.056924166781537625,0
CB_IN_2026_05360,True,False,True,False,True,True,True,0.75,0.7644628603241165,0
CB_IN_2026_04837,True,False,True,False,False,False,True,0.1,0.14226261448896863,1
CB_IN_2026_02957,True,True,True,False,True,True,True,0.75,0.7015467695757616,1
CB_IN_2026_04589,True,False,True,False,True,True,True,0.03,0.04922619120531169,0
CB_IN_2026_03588,True,False,False,False,False,False,False,0.08,0.18982035084053056,0
CB_IN_2026_07424,True,True,True,False,True,False,True,0.85,0.9670793899473833,1
CB_IN_2026_00182,True,False,True,False,True,False,True,0.1,0.02724033956540399,0
CB_IN_2026_07144,False,True,True,False,True,True,True,0.9,0.98,1
CB_IN_2026_07666,True,False,True,False,False,True,True,0.92,0.911493680691541,1
CB_IN_2026_06558,True,True,False,False,False,False,True,0.15,0.17855261629391553,0
CB_IN_2026_00005,True,True,False,False,True,False,True,0.75,0.8458380023744054,1
CB_IN_2026_06014,True,False,True,False,True,False,True,0.55,0.5019139328815166,1
CB_IN_2026_07389,True,False,True,False,True,False,False,0.08,0.05832517144103749,0
CB_IN_2026_07158,True,False,True,False,True,False,True,0.92,0.8503985672362296,1
CB_IN_2026_05215,False,False,True,False,True,False,True,0.3,0.2539235154186185,0
CB_IN_2026_05521,True,True,True,False,True,False,True,0.9,0.8257734780277969,0
CB_IN_2026_01839,True,True,True,False,True,False,False,0.08,0.1475714748257567,0
CB_IN_2026_02685,True,True,True,False,True,False,True,0.18,0.31592452053925385,0
CB_IN_2026_05717,True,True,True,False,False,False,True,0.1,0.03698289953846905,0
CB_IN_2026_03652,True,False,False,False,True,True,True,0.25,0.3355396208264486,0
CB_IN_2026_04021,True,True,False,False,False,False,False,0.08,0.03936267253153229,0
CB_IN_2026_06089,True,False,True,False,True,False,True,0.18,0.23055268628778852,0
CB_IN_2026_01810,False,True,True,False,True,False,True,0.9,0.8015592089195975,1
CB_IN_2026_08086,True,False,True,False,True,False,True,0.45,0.4193297979975421,0
CB_IN_2026_03417,True,False,True,False,True,False,True,0.18,0.30226435468702373,0
CB_IN_2026_05389,True,False,True,False,True,True,True,0.2,0.1962996295142348,1
CB_IN_2026_02300,False,True,True,False,False,False,True,0.18,0.1429461555896912,0
CB_IN_2026_08848,True,True,True,False,False,False,True,0.12,0.12702888000211268,0
CB_IN_2026_08962,True,True,True,False,True,False,True,0.92,0.8610954772471255,1
CB_IN_2026_04758,True,True,True,False,False,False,True,0.1,0.10712906393268415,0
CB_IN_2026_04079,True,False,True,False,True,True,True,0.92,0.98,1
CB_IN_2026_02233,True,True,False,False,True,False,False,0.08,0.074312561476845,0
CB_IN_2026_07839,True,False,True,False,False,False,True,0.1,0.07366216181439003,0
CB_IN_2026_02134,False,False,True,False,True,False,True,0.55,0.48768886011767304,1
CB_IN_2026_04093,True,True,True,False,True,True,True,0.9,0.98,1
CB_IN_2026_02527,True,True,False,False,False,True,False,0.08,0.08648333074299004,0
CB_IN_2026_07750,True,False,True,False,True,False,True,0.9,0.818111942159869,1
CB_IN_2026_03277,True,True,True,False,False,True,True,0.92,0.9562125110782783,1
CB_IN_2026_03246,True,False,True,False,False,True,True,0.1,0.10358327242831435,0
CB_IN_2026_00447,True,True,True,False,True,True,True,0.92,0.8747162757729162,1
CB_IN_2026_07721,False,False,True,False,True,False,True,0.45,0.4104167241104366,1
CB_IN_2026_01784,True,False,False,False,False,True,True,0.92,0.9225336646365933,1
CB_IN_2026_04959,True,True,True,False,True,False,True,0.85,0.9276896743165142,1
CB_IN_2026_02048,True,False,True,False,False,False,True,0.15,0.12026174321799096,1
CB_IN_2026_09598,True,False,True,False,False,False,True,0.1,0.05120927012755907,0
CB_IN_2026_01906,True,False,True,False,False,False,True,0.1,0.163162007925174,1
CB_IN_2026_04796,False,True,False,False,True,True,True,0.85,0.9308780418576843,1
CB_IN_2026_07092,True,True,True,False,True,False,True,0.9,0.8516158055266072,1
CB_IN_2026_05849,True,True,False,False,True,False,False,0.85,0.8778440178351732,1
CB_IN_2026_01575,False,False,False,False,True,True,False,0.08,0.023521139188637866,0
CB_IN_2026_05655,False,False,False,False,True,True,False,0.08,0.054118405051685387,1
CB_IN_2026_07230,True,True,True,False,True,True,True,0.92,0.8195474310203619,1
CB_IN_2026_04132,True,False,False,False,False,False,True,0.1,0.14159678329125408,0
CB_IN_2026_00129,True,False,True,False,False,True,True,0.92,0.8234213214713882,1
CB_IN_2026_04820,True,True,True,False,False,False,True,0.85,0.8706089527577011,1
CB_IN_2026_03793,False,True,True,False,True,True,True,0.9,0.8628725607813494,1
CB_IN_2026_03792,True,False,False,False,True,False,False,0.92,0.9348816529848519,1
CB_IN_2026_03318,True,True,True,False,True,True,True,0.75,0.8051176930298518,1
CB_IN_2026_05423,True,False,False,False,False,True,True,0.1,0.08471283746112701,0
CB_IN_2026_08442,True,True,True,False,True,False,True,0.9,0.8282066911812378,1
CB_IN_2026_07870,True,False,True,False,False,True,True,0.55,0.6429857917574056,1
CB_IN_2026_02959,True,False,False,False,True,False,False,0.9,0.8507481096815397,1
CB_IN_2026_04738,True,False,True,False,True,False,True,0.75,0.7529745806850375,0
CB_IN_2026_04154,False,True,False,False,True,False,True,0.9,0.9638291740465652,1
CB_IN_2026_08255,True,False,True,False,True,True,True,0.25,0.19712430370810177,0
CB_IN_2026_02964,False,True,False,False,False,True,False,0.08,0.02,0
CB_IN_2026_01291,False,True,True,True,True,False,True,0.85,0.8148480985547808,1
CB_IN_2026_05554,True,False,True,False,True,False,True,0.1,0.07875653252773494,0
CB_IN_2026_03098,True,False,True,False,True,True,True,0.45,0.3740257122114109,1
CB_IN_2026_08223,True,False,True,False,True,False,True,0.75,0.7587956230465646,1
CB_IN_2026_02093,True,True,True,False,False,False,True,0.15,0.07793536523075602,0
CB_IN_2026_02651,True,False,True,False,True,False,True,0.55,0.6446599784709636,1
CB_IN_2026_07270,False,False,True,False,True,False,True,0.3,0.3669245947905987,0
CB_IN_2026_01502,True,True,True,False,True,False,True,0.92,0.9397257311761595,1
CB_IN_2026_07777,True,True,True,False,False,False,True,0.03,0.026162014271932328,0
CB_IN_2026_01283,False,True,True,False,False,True,True,0.55,0.6012453495744573,1
CB_IN_2026_06941,True,True,False,False,False,False,False,0.08,0.08239231557569841,0
CB_IN_2026_03832,True,True,False,False,True,True,True,0.92,0.9277416630411032,1
CB_IN_2026_01195,True,False,True,False,False,True,False,0.08,0.08960186217002968,0
CB_IN_2026_07790,True,True,True,False,False,False,True,0.75,0.7028936503448365,0
CB_IN_2026_02993,True,True,False,False,True,True,False,0.08,0.07992164154713514,0
CB_IN_2026_02340,True,False,False,False,False,False,True,0.92,0.8595595667650875,0
CB_IN_2026_01186,True,False,False,False,False,False,False,0.08,0.11970845580828869,0
CB_IN_2026_04354,True,True,True,False,True,False,True,0.55,0.6245526961549979,0
CB_IN_2026_08703,True,True,True,False,True,True,True,0.9,0.9594953699313684,1
CB_IN_2026_06141,True,True,False,False,False,False,False,0.08,0.12034403504751864,0
CB_IN_2026_09844,True,False,True,True,True,True,True,0.9,0.9011425160153024,1
CB_IN_2026_03568,True,True,False,False,True,False,False,0.18,0.12885506463578594,0
CB_IN_2026_08613,True,True,True,False,False,False,True,0.85,0.8566192034381486,1
CB_IN_2026_04672,True,False,False,False,True,False,False,0.08,0.13940731881789026,0
CB_IN_2026_03297,True,False,True,False,False,True,True,0.1,0.04583528446605559,0
CB_IN_2026_07302,True,True,True,False,False,True,True,0.55,0.5152549010096041,0
CB_IN_2026_07220,False,False,False,False,True,False,False,0.08,0.02,0
CB_IN_2026_02752,True,False,False,False,True,True,False,0.08,0.19500924117232862,0
CB_IN_2026_00209,True,True,True,False,True,True,True,0.92,0.8340150512357534,1
CB_IN_2026_08524,False,True,True,False,True,False,True,0.85,0.8462608449716281,1
CB_IN_2026_09338,True,True,True,False,True,False,True,0.3,0.378856342894329,0
CB_IN_2026_02641,False,True,True,False,True,True,True,0.05,0.04102555291199112,0
CB_IN_2026_06697,True,True,True,False,True,False,False,0.3,0.3177651788688396,0
CB_IN_2026_01284,False,False,True,False,True,False,False,0.75,0.7526132808737436,0
CB_IN_2026_05982,True,True,True,False,False,True,True,0.75,0.6672316884939078,0
CB_IN_2026_00219,False,False,False,False,True,False,False,0.03,0.15816666707729005,0
CB_IN_2026_02838,True,True,True,False,True,True,True,0.55,0.5386780325618774,1
CB_IN_2026_07887,True,False,True,False,True,False,True,0.3,0.3672521914435381,0
CB_IN_2026_06339,True,False,True,False,True,False,True,0.1,0.1379532266862471,0
CB_IN_2026_02000,True,True,True,False,True,False,True,0.92,0.9059054889709488,1
CB_IN_2026_09203,True,False,False,False,True,False,False,0.08,0.10860583161077947,0
CB_IN_2026_00529,True,True,False,False,False,False,True,0.25,0.22737596325575088,1
CB_IN_2026_07689,True,True,True,False,True,True,True,0.9,0.9622403202817492,1
CB_IN_2026_01439,True,False,True,False,True,False,True,0.9,0.98,1
CB_IN_2026_00110,True,False,True,False,False,True,True,0.55,0.5072571223656097,1
CB_IN_2026_08324,True,False,False,False,True,False,False,0.08,0.10412399309206026,0
CB_IN_2026_08686,True,True,False,False,True,False,True,0.9,0.8649177606840054,1
CB_IN_2026_05346,True,False,False,True,False,False,False,0.1,0.2625049505367255,1
CB_IN_2026_00309,True,False,True,False,True,False,True,0.45,0.41168758215437967,1
CB_IN_2026_08212,True,True,False,False,True,False,False,0.08,0.10295461596382566,0
CB_IN_2026_07933,False,True,False,False,True,False,False,0.08,0.10833534869143195,0
CB_IN_2026_03905,False,False,True,False,True,False,True,0.1,0.02,0
CB_IN_2026_09091,True,True,True,False,False,False,True,0.15,0.09469996644433287,0
CB_IN_2026_05716,True,True,True,False,True,False,True,0.55,0.5560945022205308,0
CB_IN_2026_05189,True,True,True,False,True,True,True,0.92,0.9444398669966488,1
CB_IN_2026_03584,True,True,True,False,True,True,True,0.85,0.8816243809647799,1
CB_IN_2026_07202,True,False,True,False,True,True,True,0.45,0.42622492789050553,0
CB_IN_2026_09396,True,True,True,False,True,False,True,0.9,0.8754529132613696,1
CB_IN_2026_04853,True,False,True,False,True,False,True,0.55,0.5813589620989277,1
CB_IN_2026_08700,True,True,True,False,True,False,True,0.85,0.7940344340472735,1
CB_IN_2026_09875,True,False,True,False,True,False,True,0.55,0.39927920740546224,0
CB_IN_2026_06238,True,False,True,False,True,False,True,0.45,0.4875092368933087,1
CB_IN_2026_07950,True,True,True,False,False,True,True,0.1,0.07266655338106606,0
CB_IN_2026_09872,False,True,False,False,True,False,False,0.85,0.8469137427412702,1
CB_IN_2026_00988,True,True,True,False,True,False,True,0.2,0.232412654279429,0
CB_IN_2026_06066,True,False,False,False,True,False,False,0.08,0.07743398463351826,0
CB_IN_2026_00372,False,True,False,False,True,True,False,0.92,0.98,1
CB_IN_2026_05179,True,False,False,False,True,True,False,0.08,0.02,0
CB_IN_2026_08205,False,True,True,False,True,False,True,0.85,0.8267097710442259,1
CB_IN_2026_08815,True,False,True,False,True,True,True,0.55,0.5051211863403157,0
CB_IN_2026_09327,True,True,False,False,False,False,False,0.3,0.33429853460884235,0
CB_IN_2026_01217,True,False,False,False,True,False,True,0.92,0.9331131690678219,1
CB_IN_2026_00687,True,False,False,False,False,False,False,0.08,0.02,0
CB_IN_2026_00985,True,True,True,False,True,False,True,0.55,0.5378822465185162,1
CB_IN_2026_01489,True,True,True,False,False,True,True,0.92,0.884179202207084,1
CB_IN_2026_09701,True,False,True,False,True,True,True,0.1,0.20141013452027162,0
CB_IN_2026_07568,True,False,True,False,False,False,True,0.15,0.18971012569117568,1
CB_IN_2026_00710,True,False,True,False,True,False,True,0.3,0.2077791860343436,1
CB_IN_2026_02670,True,False,True,False,True,False,False,0.08,0.02,0
CB_IN_2026_04421,True,True,True,False,False,False,True,0.3,0.2851948086032396,0
CB_IN_2026_03850,True,True,False,True,True,True,False,0.03,0.02,0
CB_IN_2026_03845,True,False,True,False,True,False,True,0.25,0.3311120913512014,0
CB_IN_2026_02131,True,True,False,False,True,False,False,0.08,0.023724397839415587,0
CB_IN_2026_05766,True,False,True,False,True,False,True,0.92,0.970471337280408,1
CB_IN_2026_06228,True,True,False,False,True,False,False,0.08,0.02,0
CB_IN_2026_00629,True,False,False,False,False,True,False,0.92,0.868531056617685,1
CB_IN_2026_06702,False,False,True,False,False,False,True,0.55,0.6013924796883388,1
CB_IN_2026_01776,True,True,False,False,True,True,True,0.25,0.2869420791772155,1
CB_IN_2026_02788,True,False,True,False,True,False,True,0.45,0.4387713002435842,1
CB_IN_2026_05076,True,False,False,False,True,False,False,0.08,0.11273198760343345,0
CB_IN_2026_05605,False,False,True,False,True,True,True,0.25,0.27643319108250725,0
CB_IN_2026_04347,True,False,True,False,True,True,True,0.1,0.04383546751062388,0
CB_IN_2026_02990,True,True,True,False,True,False,True,0.75,0.7784786224837159,1
CB_IN_2026_07969,True,True,False,False,True,False,False,0.08,0.02,0
CB_IN_2026_09068,True,False,True,False,True,False,True,0.1,0.07590952257751064,0
CB_IN_2026_08344,True,True,True,False,True,False,True,0.3,0.3686626359767458,0
CB_IN_2026_08226,True,True,True,False,True,False,True,0.9,0.7423669982037175,1
CB_IN_2026_05445,True,True,True,False,True,True,True,0.85,0.9091127755989085,1
CB_IN_2026_03519,True,True,False,False,True,False,True,0.25,0.12297689130164591,0
CB_IN_2026_02553,True,False,True,False,False,True,True,0.92,0.98,1
CB_IN_2026_08026,True,False,True,False,False,False,True,0.1,0.08357210577925857,0
CB_IN_2026_04152,True,True,False,False,True,False,False,0.85,0.8379832106040173,1
CB_IN_2026_08011,True,False,True,False,True,False,True,0.9,0.8629925715420117,1
CB_IN_2026_07255,True,True,True,False,True,False,True,0.9,0.8151362517769181,1
CB_IN_2026_06746,False,True,True,False,True,False,True,0.9,0.9340876842251251,0
CB_IN_2026_03461,True,True,False,False,True,False,False,0.08,0.02,0
CB_IN_2026_06036,True,True,True,False,True,False,True,0.85,0.8474182421287555,1
CB_IN_2026_08652,True,True,True,False,True,False,True,0.18,0.32501641270691606,0
CB_IN_2026_09360,True,True,True,False,True,False,True,0.55,0.5436689848448992,1
CB_IN_2026_09051,True,True,True,False,False,False,True,0.55,0.5684097534355437,1
CB_IN_2026_04409,True,True,True,False,False,False,True,0.85,0.790685076948477,0
CB_IN_2026_07889,True,True,True,False,True,True,True,0.9,0.934026561313324,1
CB_IN_2026_05373,True,False,True,False,True,False,True,0.3,0.3717514272395422,0
CB_IN_2026_09960,True,True,True,False,False,False,True,0.3,0.33269546474180156,1
CB_IN_2026_00487,True,False,True,False,True,False,True,0.18,0.1513396425505455,0
CB_IN_2026_09963,False,False,True,False,True,True,True,0.75,0.7427701708138075,1
CB_IN_2026_03018,False,True,True,False,True,False,True,0.85,0.8153570582284452,1
CB_IN_2026_05911,True,True,True,False,True,False,False,0.9,0.953945646378008,1
CB_IN_2026_06892,True,True,True,False,True,False,True,0.55,0.49596375912657753,1
CB_IN_2026_09263,True,True,False,False,True,True,False,0.08,0.05586514746427718,0
CB_IN_2026_04319,True,False,True,False,True,False,True,0.55,0.5371501803296933,1
CB_IN_2026_09511,True,True,False,False,True,False,False,0.08,0.06803045014403598,0
CB_IN_2026_07362,True,False,True,False,True,True,True,0.88,0.8711116337902477,1
CB_IN_2026_06986,True,False,True,False,True,True,True,0.45,0.5428623168194086,1
CB_IN_2026_08389,True,True,True,False,True,False,True,0.9,0.9218681163092194,1
CB_IN_2026_02680,True,False,True,False,True,False,True,0.9,0.8086011225691603,0
CB_IN_2026_03503,False,True,True,False,True,False,False,0.08,0.08184302224711587,0
CB_IN_2026_09418,True,True,True,False,True,True,True,0.55,0.6427164139565773,0
CB_IN_2026_08821,False,True,True,False,True,False,False,0.08,0.02,0
CB_IN_2026_09891,True,True,True,False,True,False,True,0.55,0.628286289573589,1
CB_IN_2026_02145,True,False,True,False,True,True,True,0.92,0.9577390309105799,1
CB_IN_2026_02033,True,False,True,False,True,False,True,0.3,0.25340994962175856,0
CB_IN_2026_02324,True,True,False,False,False,False,False,0.08,0.07168634551445884,1
CB_IN_2026_02733,False,False,True,False,True,False,False,0.08,0.1481224493779849,0
CB_IN_2026_08150,True,True,False,False,True,False,True,0.9,0.9766604523437493,1
CB_IN_2026_00230,True,False,True,False,True,False,True,0.3,0.2419107616282166,1
CB_IN_2026_06353,True,True,False,False,True,False,False,0.18,0.12502039553305017,0
CB_IN_2026_00139,True,False,False,False,True,True,True,0.92,0.8776384164211158,1
CB_IN_2026_07482,True,True,True,False,True,False,True,0.9,0.8675590952677822,0
CB_IN_2026_03868,True,True,True,False,True,False,True,0.92,0.98,1
CB_IN_2026_02209,True,False,False,False,True,False,False,0.08,0.0859480991499124,0
CB_IN_2026_04521,True,True,True,False,True,False,True,0.18,0.2505287457069696,1
CB_IN_2026_09330,True,False,True,False,True,False,True,0.55,0.5767246122217008,1
CB_IN_2026_04121,False,False,True,False,False,True,True,0.45,0.41566719310517564,1
CB_IN_2026_08847,True,True,False,False,False,False,False,0.92,0.9052877058435639,1
CB_IN_2026_08892,True,False,False,False,False,True,True,0.92,0.8697219841456433,1
CB_IN_2026_00305,True,False,True,False,True,False,True,0.9,0.9744382650826768,1
CB_IN_2026_05920,False,False,False,False,True,False,True,0.2,0.18906827520946137,0
CB_IN_2026_01045,False,True,True,False,False,False,True,0.1,0.02,0
CB_IN_2026_01493,True,False,False,False,True,False,True,0.9,0.961886511293359,1
CB_IN_2026_03542,True,True,True,False,False,True,True,0.55,0.5495249330401558,1
CB_IN_2026_09145,True,False,True,False,True,False,True,0.55,0.5598675655604648,0
CB_IN_2026_00250,True,True,True,False,True,True,True,0.92,0.9567263633981352,1
CB_IN_2026_07006,True,True,True,False,False,True,True,0.85,0.8100132735782687,1
CB_IN_2026_05756,True,False,True,False,True,True,True,0.92,0.8713719988268841,1
CB_IN_2026_02338,True,False,True,False,True,False,True,0.9,0.930090503186122,1
CB_IN_2026_03786,True,True,True,False,True,True,True,0.9,0.9007495215636016,1
CB_IN_2026_09071,False,True,True,False,False,False,True,0.85,0.8716827018793938,1
CB_IN_2026_02843,True,True,True,False,True,True,True,0.55,0.6360603076030621,0
CB_IN_2026_03126,True,False,False,False,False,True,False,0.08,0.09746297244504706,0
CB_IN_2026_01545,True,False,True,False,True,False,True,0.1,0.02,1
CB_IN_2026_06964,True,True,True,False,False,True,True,0.15,0.08703927570769607,0
CB_IN_2026_01472,True,True,True,False,True,True,True,0.9,0.9604221118271062,1
CB_IN_2026_01816,True,False,True,False,True,False,True,0.3,0.35776235815975027,0
CB_IN_2026_01803,True,False,True,False,True,True,True,0.9,0.8870720124529599,1
CB_IN_2026_01295,True,False,False,False,True,True,False,0.03,0.03346472783053232,0
CB_IN_2026_03974,True,False,False,False,True,False,False,0.9,0.9400748494053123,1
CB_IN_2026_02745,True,True,True,False,True,False,True,0.55,0.49101068423858996,1
CB_IN_2026_01481,True,True,False,False,True,False,True,0.85,0.9059084911340357,1
CB_IN_2026_06274,True,True,True,False,True,False,True,0.9,0.7754650758642271,0
CB_IN_2026_06842,True,True,True,False,False,True,True,0.15,0.19782963439181894,0
CB_IN_2026_07478,True,True,True,False,False,False,True,0.92,0.8676173470576836,0
CB_IN_2026_03647,True,True,True,False,True,False,True,0.92,0.9157338741963127,1
CB_IN_2026_07237,False,True,True,False,True,False,True,0.85,0.8380513306801032,1
CB_IN_2026_07841,True,True,True,False,True,False,True,0.25,0.16852574396373202,0
CB_IN_2026_06486,False,False,True,False,True,True,True,0.9,0.98,1
CB_IN_2026_01209,True,False,True,False,False,False,True,0.1,0.06326785087470624,0
CB_IN_2026_02721,True,True,True,False,True,False,True,0.55,0.5598564343755673,0
CB_IN_2026_07600,True,False,False,False,True,False,False,0.45,0.34869090114122125,0
CB_IN_2026_02690,True,True,True,False,True,True,True,0.92,0.9097157703694846,1
CB_IN_2026_04129,True,True,False,False,True,True,False,0.08,0.02,0
CB_IN_2026_00038,False,True,True,False,True,True,True,0.92,0.9318302144625153,1
CB_IN_2026_05233,True,True,True,False,True,True,True,0.85,0.8535637665549657,1
CB_IN_2026_00851,False,True,True,False,False,False,True,0.85,0.8954349476293745,1
CB_IN_2026_00252,True,True,False,False,True,True,False,0.08,0.10444504832415455,0
CB_IN_2026_08995,False,True,False,False,True,False,False,0.08,0.0648885324197242,0
CB_IN_2026_09860,True,True,True,False,True,True,True,0.9,0.8118855950691961,1
CB_IN_2026_07258,True,False,True,False,True,True,True,0.9,0.8653881671238436,1
CB_IN_2026_07738,True,True,True,False,True,True,True,0.85,0.8662674721486388,1
CB_IN_2026_08999,False,False,True,False,False,True,True,0.15,0.15163392562599956,0
CB_IN_2026_00838,True,False,True,False,True,False,True,0.92,0.8753537401491831,0
CB_IN_2026_02287,True,True,True,False,False,False,True,0.85,0.815520934818864,1
CB_IN_2026_05609,True,False,True,False,True,False,True,0.3,0.20936064599163784,0
CB_IN_2026_07139,True,False,True,False,True,False,True,0.9,0.9478741667271404,1
CB_IN_2026_02066,True,True,False,False,True,False,True,0.85,0.862420113430467,1
CB_IN_2026_00061,True,True,True,True,True,True,False,0.03,0.02,0
CB_IN_2026_01721,True,False,False,False,True,False,True,0.75,0.7644439350101497,0
CB_IN_2026_07334,False,False,False,False,False,True,False,0.08,0.02,0
CB_IN_2026_01495,True,True,False,False,True,True,True,0.92,0.8455942603302264,1
CB_IN_2026_05538,True,False,False,False,False,False,True,0.3,0.4421222678490695,0
CB_IN_2026_03655,False,False,False,False,False,True,True,0.12,0.10802363907209668,0
CB_IN_2026_03312,False,False,True,False,True,False,True,0.55,0.5231955388216565,1
CB_IN_2026_07402,True,True,False,False,True,False,True,0.25,0.20993906630091805,0
CB_IN_2026_03388,True,False,True,False,True,False,True,0.92,0.98,1
CB_IN_2026_09197,True,False,True,False,True,False,True,0.1,0.11737510159121874,0
CB_IN_2026_03693,True,True,False,False,True,False,False,0.08,0.1930011832506231,0
CB_IN_2026_01487,True,False,True,False,True,True,False,0.45,0.510378825487829,0
CB_IN_2026_05704,True,True,True,False,True,False,False,0.08,0.1294681723732054,0
CB_IN_2026_04806,True,False,True,False,True,False,True,0.1,0.0902520841009538,0
CB_IN_2026_07869,True,True,True,False,True,False,True,0.85,0.743142749620403,1
CB_IN_2026_08901,False,True,False,False,True,False,True,0.3,0.24369107702002948,0
CB_IN_2026_03051,True,True,False,False,True,False,True,0.85,0.8346491207871984,1
CB_IN_2026_04491,True,False,True,False,True,False,True,0.9,0.98,1
CB_IN_2026_04043,True,False,False,False,False,True,False,0.08,0.1525335331129697,0
CB_IN_2026_06400,False,True,True,False,True,False,True,0.3,0.33242349350554906,0
CB_IN_2026_04458,True,True,True,False,False,False,True,0.1,0.14323699208970309,0
CB_IN_2026_00472,True,True,True,False,True,False,True,0.9,0.9259581239071067,1
CB_IN_2026_05843,False,False,True,False,True,True,True,0.1,0.13668266135411639,0
CB_IN_2026_08914,False,True,False,False,True,False,False,0.05,0.041928477994237254,0
CB_IN_2026_00497,True,False,True,False,True,False,True,0.3,0.22623757088408689,0
CB_IN_2026_05850,False,True,True,False,True,True,True,0.55,0.4292304424692359,1
CB_IN_2026_05957,False,True,True,False,True,False,True,0.3,0.26295396136082155,0
CB_IN_2026_05037,True,True,True,False,True,True,True,0.85,0.8644678332792977,1
CB_IN_2026_08943,True,False,True,False,True,True,True,0.88,0.8476552699592621,1
CB_IN_2026_00510,True,False,True,False,True,False,True,0.25,0.13723611599436278,0
CB_IN_2026_01588,True,True,True,False,True,False,True,0.9,0.98,1
CB_IN_2026_04202,True,True,True,False,True,False,True,0.9,0.9441697119901362,1
CB_IN_2026_04328,False,True,True,False,True,False,True,0.85,0.7507789225076735,0
CB_IN_2026_02662,True,True,False,False,True,False,True,0.92,0.941241589995719,0
CB_IN_2026_05903,True,True,True,False,True,False,True,0.55,0.5751127188792342,1
CB_IN_2026_01115,True,False,True,False,False,True,True,0.2,0.22023068990230954,0
CB_IN_2026_06355,True,True,True,False,True,False,True,0.9,0.8546559801333379,1
CB_IN_2026_06859,True,False,True,True,False,True,True,0.45,0.39430039481722495,0
CB_IN_2026_07979,True,False,True,False,True,True,True,0.9,0.7834246774018601,1
CB_IN_2026_08953,True,False,False,False,False,False,True,0.92,0.9362038066063475,1
CB_IN_2026_06885,True,False,True,False,False,False,True,0.1,0.1186728846606111,0
CB_IN_2026_01855,True,False,False,False,True,False,False,0.08,0.07193821638378688,0
CB_IN_2026_04791,True,True,True,False,True,False,True,0.85,0.8493711262056863,1
CB_IN_2026_08261,False,False,True,False,False,False,True,0.45,0.49808695735224706,0
CB_IN_2026_00390,True,True,True,False,True,False,True,0.2,0.18135398895861324,1
CB_IN_2026_05299,False,False,False,False,True,False,False,0.45,0.5141873068749264,0
CB_IN_2026_00929,True,True,True,False,True,True,True,0.2,0.2972612025616179,0
CB_IN_2026_03304,True,True,True,False,True,False,True,0.92,0.9100074326667413,1
CB_IN_2026_02220,False,False,True,False,True,True,True,0.55,0.47017691594369854,0
CB_IN_2026_05744,True,False,True,False,False,True,True,0.1,0.09915577701757425,0
CB_IN_2026_01936,True,True,False,False,True,False,False,0.9,0.9531118334582293,1
CB_IN_2026_00589,True,True,False,False,True,False,False,0.08,0.149462164625352,0
CB_IN_2026_01900,True,False,True,False,False,False,True,0.55,0.46899099269700517,1
CB_IN_2026_01321,True,True,False,False,True,False,False,0.3,0.26178302337609627,0
CB_IN_2026_03011,True,True,True,False,True,True,True,0.92,0.98,1
CB_IN_2026_08557,True,False,True,False,True,False,True,0.3,0.34297478373423124,0
CB_IN_2026_04727,True,True,False,False,True,False,False,0.3,0.19750190540585555,0
CB_IN_2026_05896,True,True,True,False,True,True,True,0.92,0.908202893229353,1
CB_IN_2026_04875,False,False,True,False,True,True,True,0.05,0.09473775850090402,0
CB_IN_2026_04675,True,False,True,False,True,True,True,0.55,0.49732168048943,1
CB_IN_2026_00540,True,True,False,False,True,False,True,0.03,0.03285569065866111,0
CB_IN_2026_03549,True,True,True,True,True,False,True,0.03,0.05391121522302664,0
CB_IN_2026_06212,True,True,True,False,True,False,True,0.3,0.38288688151791606,0
CB_IN_2026_08017,True,True,True,False,False,True,True,0.75,0.7729629417849171,0
CB_IN_2026_01445,False,True,True,False,True,False,True,0.9,0.9620976383588223,1
CB_IN_2026_04441,True,True,True,False,False,False,True,0.85,0.9192597090087808,1
CB_IN_2026_00278,True,False,True,False,False,False,True,0.1,0.0909792291536659,0
CB_IN_2026_04474,True,True,True,False,True,False,True,0.85,0.859432265972888,1
CB_IN_2026_08903,True,False,True,False,True,False,True,0.3,0.2542108895557349,1
CB_IN_2026_06074,False,True,True,False,True,True,True,0.75,0.6737918411762244,0
CB_IN_2026_01972,False,True,False,False,False,False,True,0.85,0.9167362410978513,1
CB_IN_2026_09625,True,False,True,False,True,False,True,0.45,0.43161036931037544,0
CB_IN_2026_07880,True,True,True,False,False,False,True,0.85,0.8107196828207675,1
CB_IN_2026_02628,True,False,True,False,True,True,True,0.92,0.98,1
CB_IN_2026_01014,True,True,True,False,True,False,True,0.2,0.14546127576794343,0
CB_IN_2026_09422,True,False,True,False,True,False,True,0.75,0.8537101080989413,0
CB_IN_2026_08616,True,True,True,True,True,True,True,0.92,0.9412007959673717,1
CB_IN_2026_08510,True,True,True,True,True,False,True,0.3,0.2964214534365041,0
CB_IN_2026_01556,True,False,True,False,False,False,True,0.75,0.7653360030200284,1
CB_IN_2026_05495,False,True,True,False,False,False,True,0.15,0.11984795026387801,0
CB_IN_2026_09162,True,True,True,False,True,False,True,0.3,0.21092048014015563,0
CB_IN_2026_01866,True,True,True,False,False,True,True,0.55,0.5221882029045135,1
CB_IN_2026_05935,True,False,True,False,True,True,True,0.55,0.5449389812743508,1
CB_IN_2026_08384,True,True,True,False,True,False,True,0.85,0.836537236647074,1
CB_IN_2026_09251,True,True,True,False,True,False,True,0.85,0.9495005229846166,1
CB_IN_2026_06000,True,False,True,False,True,False,True,0.55,0.5277073037288778,1
CB_IN_2026_09981,True,True,True,False,True,True,True,0.85,0.800806069173793,0
CB_IN_2026_02318,True,True,False,False,False,False,False,0.08,0.19525566119193583,1
CB_IN_2026_01646,True,False,True,False,True,False,True,0.45,0.502551738099951,1
CB_IN_2026_02056,True,True,True,False,True,False,True,0.9,0.849651661435873,1
CB_IN_2026_08771,False,True,True,False,True,True,True,0.9,0.8973592908673035,1
CB_IN_2026_04994,False,True,False,False,True,False,True,0.9,0.8260807244323305,1
CB_IN_2026_06366,True,True,False,False,True,False,False,0.92,0.946715749495178,1
CB_IN_2026_01696,True,False,True,False,True,False,True,0.1,0.08603574599453614,0
CB_IN_2026_02819,True,True,True,False,True,False,True,0.3,0.30138165417003415,0
CB_IN_2026_04350,True,True,False,False,True,False,False,0.08,0.08069678542616215,0
CB_IN_2026_07214,True,True,False,False,True,False,False,0.92,0.98,1
CB_IN_2026_01808,True,True,False,False,True,False,False,0.08,0.09186779799731981,0
CB_IN_2026_09657,True,False,True,False,True,False,True,0.2,0.15096790998960855,1
CB_IN_2026_03427,True,False,True,False,True,False,True,0.9,0.98,1
CB_IN_2026_04595,True,True,True,False,False,False,True,0.15,0.022194104274130516,0
CB_IN_2026_07284,True,False,True,False,True,False,True,0.1,0.08540070889783555,0
CB_IN_2026_00397,False,True,True,False,True,False,True,0.05,0.030796512971338643,0
CB_IN_2026_04599,True,True,False,False,True,False,True,0.9,0.98,1
CB_IN_2026_09237,True,True,False,False,True,False,False,0.08,0.15146905804889688,0
CB_IN_2026_00409,True,True,True,False,True,False,True,0.25,0.25741331636934867,0
CB_IN_2026_00538,True,True,True,False,True,True,True,0.92,0.9552316115869479,1
CB_IN_2026_02257,False,True,True,False,False,True,True,0.92,0.98,1
CB_IN_2026_09453,True,False,True,False,False,False,True,0.1,0.13577212699319968,0
CB_IN_2026_05838,True,True,False,False,True,False,False,0.18,0.24822240006382001,0
CB_IN_2026_00679,False,True,True,False,True,True,True,0.85,0.8749929015327625,0
CB_IN_2026_05241,True,True,False,False,True,False,True,0.3,0.31232261706484316,0
CB_IN_2026_08369,True,False,True,False,True,False,True,0.9,0.9029698319831945,1
CB_IN_2026_00140,True,False,True,False,True,False,True,0.55,0.5431375604983335,1
CB_IN_2026_02262,True,True,True,False,True,False,True,0.9,0.9266597075661882,1
CB_IN_2026_05797,True,False,False,False,True,False,True,0.2,0.24639500314910134,1
CB_IN_2026_00605,True,False,False,False,True,False,False,0.08,0.02,0
CB_IN_2026_07120,True,True,False,False,True,False,False,0.08,0.1058142269732201,0
CB_IN_2026_01718,False,True,False,False,True,True,False,0.08,0.039960098660413335,0
CB_IN_2026_07592,False,True,True,False,False,False,True,0.25,0.20190703868966337,0
CB_IN_2026_08926,True,True,True,False,False,False,True,0.1,0.1049218237604978,0
CB_IN_2026_00177,True,False,False,False,True,False,True,0.1,0.14433169057570283,0
CB_IN_2026_00657,True,False,True,False,True,False,True,0.3,0.30734581521523874,1
CB_IN_2026_05735,True,True,True,False,True,False,True,0.85,0.8825732028880593,1
CB_IN_2026_02633,True,False,True,False,True,True,True,0.92,0.8470210614811648,1
CB_IN_2026_05327,True,False,False,False,True,True,False,0.08,0.09961920208599306,0
CB_IN_2026_07011,True,False,True,False,True,False,True,0.9,0.8614781251401985,1
CB_IN_2026_06127,True,True,True,False,True,False,True,0.85,0.6760079687480256,1
CB_IN_2026_05755,True,True,True,False,True,False,True,0.9,0.9379045937710496,1
CB_IN_2026_00091,True,True,False,False,False,False,False,0.08,0.10513781231026706,0
CB_IN_2026_03749,True,True,True,False,True,False,True,0.55,0.4232539718338286,0
CB_IN_2026_06762,True,True,False,False,True,True,False,0.08,0.13813612598276867,0
CB_IN_2026_05840,False,True,False,False,True,False,False,0.3,0.414808311778965,0
CB_IN_2026_09423,True,True,True,False,True,True,True,0.55,0.48035933302864386,0
CB_IN_2026_04502,True,True,False,False,True,False,False,0.08,0.07646264483099971,0
CB_IN_2026_05216,False,False,True,False,True,False,True,0.2,0.2685504058833691,1
CB_IN_2026_09144,True,False,True,False,True,True,True,0.55,0.5921088341795798,0
CB_IN_2026_06019,False,True,True,False,True,True,True,0.9,0.8759345163310859,1
CB_IN_2026_05367,True,True,False,False,True,False,False,0.85,0.7416146418037615,0
CB_IN_2026_06022,True,False,True,False,True,False,True,0.55,0.5760018267691568,1
CB_IN_2026_03910,True,True,True,False,True,False,False,0.9,0.98,1
CB_IN_2026_02118,True,True,True,False,True,False,True,0.9,0.98,1
CB_IN_2026_01723,True,True,True,False,True,True,True,0.92,0.98,1
CB_IN_2026_05777,True,True,False,False,True,False,False,0.92,0.8950700224884027,1
CB_IN_2026_01605,False,False,True,False,True,False,True,0.9,0.7958095167288839,1
CB_IN_2026_08388,True,True,True,False,True,False,True,0.9,0.9528722012168758,1
CB_IN_2026_04650,True,True,True,False,True,False,False,0.08,0.10149078474608253,0
CB_IN_2026_06860,True,True,True,False,True,True,True,0.85,0.8139090133853901,1
CB_IN_2026_02090,False,True,True,False,False,False,False,0.08,0.10359173366776794,0
CB_IN_2026_00560,True,True,False,False,True,True,False,0.08,0.03266633518489293,0
CB_IN_2026_09440,True,False,False,False,False,False,False,0.3,0.34033342590189347,0
CB_IN_2026_00866,True,True,False,False,True,False,False,0.08,0.02,0
CB_IN_2026_00271,True,True,True,False,False,False,True,0.85,0.8744148779786153,1
CB_IN_2026_01762,True,True,False,False,True,False,True,0.3,0.30449961598131975,0
CB_IN_2026_00285,True,True,False,False,True,True,False,0.08,0.09038237342415875,1
CB_IN_2026_09540,True,False,True,False,True,False,True,0.18,0.2122629479601828,1
CB_IN_2026_06186,True,False,True,False,False,False,True,0.1,0.10990138941795133,0
CB_IN_2026_02078,True,True,True,False,False,False,True,0.55,0.5571033319091364,0
CB_IN_2026_09084,True,True,True,False,False,True,True,0.88,0.7713860564517,1
CB_IN_2026_08362,True,False,True,False,False,False,True,0.45,0.39260950073059975,1
CB_IN_2026_06623,True,False,False,False,True,False,True,0.2,0.17696590006956808,1
CB_IN_2026_08425,True,True,True,False,True,True,True,0.85,0.8998269634714435,1
CB_IN_2026_09306,False,True,True,False,True,True,True,0.85,0.7864616387715995,0
CB_IN_2026_03594,True,False,True,False,False,True,True,0.45,0.5118546446845961,1
CB_IN_2026_07891,True,False,True,False,True,True,True,0.92,0.9490714533741846,1
CB_IN_2026_07102,True,False,True,False,True,True,True,0.92,0.9140840481866163,0
CB_IN_2026_05664,True,False,True,False,True,False,True,0.92,0.9446950439717318,1
CB_IN_2026_07219,True,True,True,False,True,False,True,0.85,0.9011154825826768,1
CB_IN_2026_03275,True,False,False,False,False,False,False,0.1,0.020472075756996805,0
CB_IN_2026_02062,True,False,False,False,False,True,True,0.92,0.9248064675875978,1
CB_IN_2026_08287,True,True,False,False,True,False,True,0.9,0.8853993438595121,1
CB_IN_2026_07408,True,True,True,False,True,False,False,0.08,0.09158450486090282,0
CB_IN_2026_03638,True,True,True,False,False,False,True,0.92,0.9223077645204188,1
CB_IN_2026_01565,True,True,True,False,True,True,True,0.55,0.6004910980450682,1
CB_IN_2026_01745,True,False,True,False,True,False,False,0.08,0.10407980036512124,0
CB_IN_2026_05017,False,True,True,False,True,True,True,0.9,0.98,1
CB_IN_2026_08711,True,True,True,False,False,True,True,0.92,0.9403202436621828,0
CB_IN_2026_09456,True,True,True,False,True,False,True,0.55,0.5416989378558101,0
CB_IN_2026_08044,True,True,True,False,False,False,True,0.15,0.16286274947042587,0
CB_IN_2026_09578,True,True,False,False,True,False,False,0.85,0.7706968518227937,1
CB_IN_2026_03036,True,False,True,False,True,False,True,0.3,0.34976112578585206,1
CB_IN_2026_06136,True,True,False,False,True,False,False,0.85,0.9018379610825991,1
CB_IN_2026_00004,False,False,True,False,False,False,True,0.1,0.058769554107379184,0
CB_IN_2026_03385,True,False,True,False,False,True,True,0.1,0.06873973587538214,0
CB_IN_2026_09226,True,True,True,False,True,False,True,0.3,0.25784911833393326,0
CB_IN_2026_05745,True,True,True,False,True,True,True,0.9,0.98,1
CB_IN_2026_01871,True,True,True,False,False,True,True,0.85,0.7984847586425841,1
CB_IN_2026_08383,True,True,False,False,True,False,True,0.3,0.31278576555011645,1
CB_IN_2026_01998,True,True,True,False,True,False,True,0.18,0.11977484193648541,0
CB_IN_2026_03829,True,True,True,True,True,False,True,0.85,0.8105231599233241,1
CB_IN_2026_05719,True,True,True,False,False,True,True,0.1,0.19486942880691666,0
CB_IN_2026_03866,True,False,True,False,True,True,True,0.9,0.9201585080541055,1
CB_IN_2026_03920,True,True,True,False,True,False,True,0.55,0.5388630118579155,1
CB_IN_2026_00654,True,False,False,False,True,False,True,0.45,0.49505025240809797,0
CB_IN_2026_04049,True,True,False,False,True,False,False,0.08,0.06659913138667375,0
CB_IN_2026_00071,True,True,True,False,True,False,True,0.9,0.98,1
CB_IN_2026_06669,False,True,True,False,True,False,True,0.85,0.7700146187429557,1
CB_IN_2026_04156,True,True,True,False,False,True,True,0.75,0.6946801241289118,1
CB_IN_2026_09508,True,True,True,False,True,False,True,0.9,0.9091819210392039,1
CB_IN_2026_03569,True,True,True,False,False,False,True,0.75,0.8309304444919524,1
CB_IN_2026_05642,True,True,False,False,True,False,False,0.75,0.7450851853087844,1
CB_IN_2026_03551,True,False,True,False,False,False,True,0.3,0.26262819769984314,0
CB_IN_2026_04321,True,False,True,False,True,False,True,0.25,0.1863684310444979,1
CB_IN_2026_06507,True,False,True,False,True,False,True,0.1,0.12547654007955922,0
CB_IN_2026_09289,False,True,True,False,True,True,True,0.9,0.9198689949814767,1
CB_IN_2026_01896,False,True,False,False,True,False,False,0.08,0.11617690931225194,0
CB_IN_2026_00202,True,False,True,False,True,True,True,0.1,0.12780622397262065,1
CB_IN_2026_09572,True,False,True,False,True,True,True,0.9,0.8762302520484588,1
CB_IN_2026_05533,True,True,False,False,True,True,False,0.08,0.1476948767057336,0
CB_IN_2026_02089,True,False,True,False,True,False,True,0.3,0.3363878996408744,0
CB_IN_2026_03921,False,True,True,False,True,False,True,0.55,0.5260404200720675,1
CB_IN_2026_03137,True,True,False,False,True,True,False,0.08,0.07043597919959733,1
CB_IN_2026_08975,True,False,True,False,True,False,True,0.75,0.7069166664296352,0
CB_IN_2026_02887,True,True,True,False,True,False,True,0.85,0.8123167137027175,1
CB_IN_2026_03296,True,False,True,False,True,False,True,0.9,0.8773899709326337,1
CB_IN_2026_02761,False,True,False,False,True,True,True,0.05,0.1522015552946524,0
CB_IN_2026_07766,True,True,False,False,True,True,False,0.08,0.02,0
CB_IN_2026_08116,True,False,True,False,True,False,True,0.45,0.48501435606541493,1
CB_IN_2026_02344,True,False,False,False,True,False,True,0.1,0.05434152559063712,0
CB_IN_2026_09011,True,True,True,False,False,False,True,0.1,0.02,0
CB_IN_2026_03335,False,False,True,False,True,True,True,0.9,0.8927338218332792,1
CB_IN_2026_01238,True,False,False,False,True,True,True,0.45,0.5303456260414914,0
CB_IN_2026_03784,True,True,True,False,True,False,True,0.55,0.5477180294953772,0
CB_IN_2026_00079,True,True,True,False,False,False,True,0.12,0.06451915386333099,0
CB_IN_2026_04830,True,False,True,False,True,True,True,0.1,0.13423748861894308,0
CB_IN_2026_00970,True,True,True,False,True,False,True,0.85,0.8739725969891677,1
CB_IN_2026_03604,True,True,False,False,True,True,False,0.08,0.07617015718575236,0
CB_IN_2026_08127,True,True,True,False,True,True,True,0.9,0.9375550591419085,1
CB_IN_2026_00260,True,False,True,False,True,False,True,0.92,0.890429012625278,1
CB_IN_2026_04881,True,True,True,False,False,False,False,0.08,0.12811768099552495,0
CB_IN_2026_09129,True,False,True,False,True,False,True,0.1,0.19158168607555923,0
CB_IN_2026_08519,True,True,True,False,True,False,True,0.85,0.923394943329896,1
CB_IN_2026_02002,True,True,True,False,True,True,False,0.08,0.02,0
CB_IN_2026_02360,True,True,True,False,True,False,True,0.9,0.9392729272361726,1
CB_IN_2026_00269,True,False,False,False,True,True,True,0.1,0.14740669948469054,0
CB_IN_2026_03855,True,False,True,False,True,False,True,0.75,0.7365601738326034,1
CB_IN_2026_05737,True,False,False,False,True,True,True,0.9,0.8185199777427686,1
CB_IN_2026_03886,True,False,False,False,False,True,True,0.92,0.8968606343537626,1
CB_IN_2026_09481,True,True,True,False,True,False,True,0.55,0.6257873776010744,1
CB_IN_2026_08639,True,True,True,False,True,False,True,0.9,0.8708261094437251,1
CB_IN_2026_06612,True,True,False,False,True,False,False,0.08,0.11252942791998868,0
CB_IN_2026_07657,True,True,True,False,False,True,True,0.88,0.7218872453327881,0
CB_IN_2026_07658,False,False,True,False,True,True,True,0.55,0.561164818502936,0
CB_IN_2026_01339,True,True,True,True,True,True,True,0.85,0.8955621456010415,0
CB_IN_2026_01336,False,True,True,False,True,True,False,0.85,0.8921140502996674,1
CB_IN_2026_03521,True,True,True,False,True,True,True,0.03,0.02,0
CB_IN_2026_03852,True,True,True,False,True,True,True,0.9,0.9304017123863022,1
CB_IN_2026_04299,False,True,True,False,False,False,True,0.1,0.15301794279702846,0
CB_IN_2026_02510,True,True,True,False,False,False,True,0.85,0.7184502288751362,1
CB_IN_2026_07541,True,False,True,False,False,True,True,0.1,0.0937495358991832,0
CB_IN_2026_03558,True,False,True,False,True,True,True,0.55,0.516650266533037,0
CB_IN_2026_00862,True,True,False,False,False,False,False,0.08,0.11701866202554852,0
CB_IN_2026_01724,True,False,True,False,True,False,True,0.3,0.2823463081211653,1
CB_IN_2026_06012,True,False,False,False,True,True,False,0.45,0.4384381821041585,1
CB_IN_2026_08232,True,True,True,False,True,False,True,0.9,0.98,1
CB_IN_2026_06180,False,False,True,False,False,True,True,0.75,0.7909206467426818,1
CB_IN_2026_07326,True,False,False,False,True,False,False,0.3,0.29422364809342416,0
CB_IN_2026_08249,True,True,False,False,True,False,False,0.03,0.08887518719914472,0
CB_IN_2026_02693,True,False,True,False,True,True,True,0.9,0.968228664373803,1
CB_IN_2026_03178,True,False,True,False,True,False,True,0.1,0.1605794273447736,0
CB_IN_2026_04668,True,False,False,False,True,False,False,0.92,0.8169894656116752,1
CB_IN_2026_00034,True,False,False,False,True,True,True,0.92,0.9167548848322439,1
CB_IN_2026_03681,False,True,True,False,False,False,True,0.15,0.1556821409758238,0
CB_IN_2026_05572,True,False,False,False,True,False,False,0.75,0.8100205413189221,0
CB_IN_2026_08621,False,True,False,False,True,False,True,0.05,0.09513575298011573,0
CB_IN_2026_04783,True,True,True,False,True,True,True,0.92,0.98,1
CB_IN_2026_04022,True,False,True,False,True,False,True,0.45,0.3881718060636054,1
CB_IN_2026_03685,True,False,True,False,True,False,True,0.55,0.5459197410755358,0
CB_IN_2026_06826,True,True,True,False,True,False,True,0.3,0.2800773820148785,0
CB_IN_2026_01708,False,True,True,False,True,True,True,0.85,0.9395006900077111,1
CB_IN_2026_03954,True,True,True,False,True,True,True,0.9,0.98,1
CB_IN_2026_05494,True,True,True,False,False,False,True,0.85,0.8431078095817778,1
CB_IN_2026_01791,False,True,True,False,True,False,True,0.55,0.572098134405271,1
CB_IN_2026_01674,True,True,False,False,False,False,False,0.08,0.2302045780519984,0
CB_IN_2026_08969,True,True,True,False,True,False,True,0.3,0.24808342933915328,0
CB_IN_2026_01823,True,False,True,False,False,True,True,0.15,0.2865466372825939,0
CB_IN_2026_01879,True,False,True,False,True,True,True,0.75,0.7110937836276195,1
CB_IN_2026_08710,False,True,True,False,True,False,True,0.9,0.939159860546398,1
CB_IN_2026_07490,False,True,True,False,True,True,True,0.88,0.9229101424576288,1
CB_IN_2026_09795,True,False,True,False,True,False,True,0.9,0.98,1
CB_IN_2026_07271,False,False,False,False,True,False,False,0.75,0.8432323883577635,1
CB_IN_2026_08222,True,True,False,False,True,False,True,0.9,0.8711987181874746,1
CB_IN_2026_02885,True,True,True,False,True,False,True,0.55,0.5552875697915863,1
CB_IN_2026_05501,True,True,True,False,True,False,True,0.92,0.8595113336316154,1
CB_IN_2026_00748,True,False,True,False,True,False,True,0.1,0.02,0
CB_IN_2026_01859,True,False,True,False,False,False,True,0.1,0.15307162400017937,0
CB_IN_2026_08551,True,True,False,False,True,False,True,0.2,0.2394939074737522,0
CB_IN_2026_01962,True,True,True,False,False,False,True,0.85,0.7990157235508284,1
CB_IN_2026_06811,False,True,True,False,False,False,True,0.05,0.20726246577693963,1
CB_IN_2026_03240,True,False,False,False,True,False,False,0.08,0.08755168599219924,0
CB_IN_2026_03714,True,False,True,False,True,False,True,0.55,0.5141406255571845,0
CB_IN_2026_08110,True,True,True,False,True,False,True,0.3,0.12210379482672482,0
CB_IN_2026_08846,True,True,True,False,True,False,True,0.9,0.9330338881580728,1
CB_IN_2026_08297,True,False,True,False,True,True,True,0.88,0.92715744020931,1
CB_IN_2026_00429,True,True,True,False,True,False,True,0.9,0.98,1
CB_IN_2026_01082,True,True,True,False,True,False,True,0.85,0.7300810799727468,1
CB_IN_2026_00405,True,True,False,False,False,False,False,0.08,0.1482021617708226,0
CB_IN_2026_03283,True,False,False,False,True,True,False,0.08,0.02,0
CB_IN_2026_06090,True,True,True,False,True,True,True,0.85,0.8369435567967518,0
CB_IN_2026_05784,True,True,True,False,True,False,True,0.92,0.88136344402369,1
CB_IN_2026_08082,True,True,True,False,True,False,True,0.92,0.8525580786648549,1
CB_IN_2026_06846,True,False,True,False,True,False,True,0.9,0.791052376650352,1
CB_IN_2026_02370,True,False,False,False,True,False,False,0.08,0.0514896841302222,0
CB_IN_2026_06718,True,False,True,False,False,True,True,0.1,0.022799423295758584,0
CB_IN_2026_00830,False,False,False,False,False,False,False,0.08,0.07650322933441683,0
CB_IN_2026_08068,True,True,True,False,True,True,True,0.92,0.8965872086222613,1
CB_IN_2026_09320,True,True,True,False,True,False,True,0.85,0.8117632867986663,1
CB_IN_2026_03414,True,False,True,False,True,True,True,0.88,0.8357695314134301,1
CB_IN_2026_03186,True,False,False,False,False,True,False,0.08,0.11272466811825047,0
CB_IN_2026_06737,True,True,True,False,True,False,True,0.3,0.24327318247797497,1
CB_IN_2026_09310,True,False,True,False,True,False,True,0.9,0.98,1
CB_IN_2026_08274,True,False,True,False,False,False,True,0.92,0.9016739364191437,1
CB_IN_2026_07245,True,False,False,False,False,False,False,0.92,0.98,1
CB_IN_2026_07625,True,True,True,False,True,False,True,0.85,0.98,1
CB_IN_2026_09708,True,False,False,False,False,False,True,0.25,0.1023066656694949,0
CB_IN_2026_04641,True,True,True,False,True,False,True,0.9,0.9263665096551333,1
CB_IN_2026_08213,True,True,True,False,True,False,True,0.3,0.21072079216480327,0
CB_IN_2026_01554,True,True,True,False,True,False,True,0.92,0.98,1
CB_IN_2026_09500,False,False,True,False,True,False,True,0.25,0.15806255067780622,1
CB_IN_2026_07014,True,False,True,False,True,False,True,0.1,0.07956884433638424,0
CB_IN_2026_05157,False,False,True,False,True,False,True,0.05,0.048408773408454786,0
CB_IN_2026_07224,True,True,False,False,True,False,True,0.9,0.8803780174197529,1
CB_IN_2026_06209,True,False,True,False,False,False,True,0.1,0.08934514503642882,0
CB_IN_2026_00900,True,False,True,False,False,False,True,0.3,0.27111468087595253,0
CB_IN_2026_05158,False,True,True,False,True,True,True,0.55,0.47477754648358295,0
CB_IN_2026_06120,True,True,True,False,False,True,True,0.15,0.21121585516220162,0
CB_IN_2026_07420,True,True,True,False,True,False,True,0.18,0.27140885822541605,0
CB_IN_2026_06378,True,True,True,False,False,False,True,0.3,0.26787482466555707,0
CB_IN_2026_08465,True,True,True,False,False,True,True,0.15,0.04687627880868343,0
CB_IN_2026_09713,True,False,True,False,False,False,True,0.55,0.48398295083260967,0
CB_IN_2026_04450,True,False,True,False,False,False,True,0.75,0.6716748314182782,0
CB_IN_2026_09368,True,False,True,False,True,True,False,0.9,0.9561294599631858,1
CB_IN_2026_03615,True,True,True,False,True,False,True,0.9,0.877391830139928,1
CB_IN_2026_00726,True,True,True,False,False,False,True,0.85,0.8281009070487763,1
CB_IN_2026_09176,True,False,True,False,False,False,True,0.3,0.2656785652432996,0
CB_IN_2026_00990,True,False,True,False,True,True,True,0.92,0.9363185163274363,1
CB_IN_2026_01600,True,True,True,False,True,True,True,0.85,0.8110644248567487,1
CB_IN_2026_01793,False,False,False,False,True,False,False,0.08,0.02,0
CB_IN_2026_08991,True,True,False,False,True,True,False,0.08,0.02,1
CB_IN_2026_07000,True,True,True,False,False,True,True,0.15,0.14692291130388666,0
CB_IN_2026_00489,True,False,True,False,True,True,True,0.1,0.0779609051948427,0
CB_IN_2026_00512,True,False,True,False,True,True,True,0.1,0.03397680433537263,0
CB_IN_2026_00416,True,False,True,False,False,False,True,0.92,0.98,1
CB_IN_2026_04566,True,False,True,False,True,True,True,0.9,0.9138865786474585,1
CB_IN_2026_06536,True,True,True,False,False,False,True,0.92,0.98,1
CB_IN_2026_06429,True,True,True,False,True,False,True,0.3,0.37597783665236706,0
CB_IN_2026_05803,True,True,True,False,True,False,True,0.85,0.9348904631407047,1
CB_IN_2026_03978,True,True,True,False,False,False,False,0.08,0.1581899800856687,0
CB_IN_2026_08185,True,True,False,False,True,True,False,0.08,0.12815338859134928,0
CB_IN_2026_01507,True,True,False,False,True,True,False,0.08,0.040154231455797045,0
CB_IN_2026_00644,True,True,False,False,True,False,False,0.08,0.15489393417800368,0
CB_IN_2026_00090,True,False,False,False,True,False,False,0.08,0.02,0
CB_IN_2026_05525,True,False,True,False,True,False,True,0.03,0.1715375764999577,1
CB_IN_2026_08133,True,True,True,False,True,False,True,0.3,0.33894631542480236,0
CB_IN_2026_04115,True,True,True,False,True,True,True,0.85,0.8622883485131596,1
CB_IN_2026_02137,True,True,True,False,True,False,True,0.92,0.806162550846352,1
CB_IN_2026_00586,False,True,False,False,True,True,False,0.08,0.15220567395619067,1
CB_IN_2026_09100,True,False,True,False,True,False,True,0.18,0.25718419797604913,0
CB_IN_2026_02075,True,False,True,False,True,True,True,0.75,0.8237703300037645,0
CB_IN_2026_01482,True,False,True,False,True,False,True,0.3,0.30091600690974263,0
CB_IN_2026_08175,True,True,True,False,True,False,True,0.18,0.16890704003371138,0
CB_IN_2026_05366,True,True,True,False,True,True,True,0.2,0.2740305757341474,0
CB_IN_2026_01098,True,True,True,False,True,True,True,0.9,0.9614121047352178,1
CB_IN_2026_08397,True,True,False,False,True,False,True,0.85,0.8368645216314561,1
CB_IN_2026_02971,True,False,True,False,True,False,True,0.18,0.26565394986716084,0
CB_IN_2026_04119,True,True,True,False,False,False,False,0.08,0.02,0
CB_IN_2026_05800,True,True,True,False,False,False,True,0.3,0.2662752035136742,0
CB_IN_2026_08411,True,False,True,False,False,True,True,0.12,0.02,0
CB_IN_2026_04921,False,False,True,False,True,False,True,0.75,0.7542787269987933,0
CB_IN_2026_08732,True,True,True,False,True,False,True,0.92,0.9314006169633436,1
CB_IN_2026_00751,True,True,True,False,True,True,True,0.92,0.98,1
CB_IN_2026_07240,True,False,False,False,False,True,False,0.08,0.02,0
CB_IN_2026_01387,True,False,False,False,True,True,True,0.9,0.8952261351343259,1
CB_IN_2026_07951,False,False,True,False,True,False,True,0.3,0.38091888900889675,0
CB_IN_2026_05048,True,False,True,False,True,True,True,0.1,0.1516242509654745,1
CB_IN_2026_05376,True,True,False,False,True,False,True,0.9,0.8464470101096425,1
CB_IN_2026_01707,True,False,True,False,True,True,True,0.9,0.9044172847468869,1
CB_IN_2026_05378,True,False,False,False,True,True,True,0.9,0.8311572692671347,1
CB_IN_2026_03639,True,True,True,False,True,False,True,0.92,0.98,1
CB_IN_2026_03014,True,True,False,False,True,False,True,0.18,0.19870879587104068,0
CB_IN_2026_04906,False,False,True,False,True,True,True,0.45,0.25514628351716395,0
CB_IN_2026_09535,True,True,False,False,True,False,True,0.3,0.2588323821492274,0
CB_IN_2026_09944,True,False,True,False,False,False,True,0.1,0.07138293849060945,0
CB_IN_2026_02352,False,False,False,False,True,False,False,0.08,0.10735523454748847,0
CB_IN_2026_02381,True,True,True,False,True,True,True,0.92,0.9037154120087876,1
CB_IN_2026_05427,True,False,True,False,True,False,True,0.55,0.48602177059472845,0
CB_IN_2026_05759,True,False,True,True,False,False,True,0.03,0.02,0
CB_IN_2026_03258,False,False,False,False,True,False,False,0.08,0.18569752624818642,0
CB_IN_2026_09884,True,False,True,False,True,False,True,0.92,0.98,1
CB_IN_2026_09130,True,False,False,False,True,True,False,0.08,0.13295156548988846,0
CB_IN_2026_09665,True,False,True,False,True,False,True,0.92,0.858575574688416,1
CB_IN_2026_09001,True,False,True,False,True,False,True,0.55,0.49621290511636873,1
CB_IN_2026_01929,True,False,False,False,True,False,False,0.08,0.10879555580999015,0
CB_IN_2026_09362,False,True,True,False,True,False,True,0.9,0.8807697705706784,0
CB_IN_2026_02749,False,True,True,False,True,True,True,0.85,0.8805029662686723,1
CB_IN_2026_09347,True,False,False,False,True,False,False,0.3,0.32422727751432495,1
CB_IN_2026_00138,True,False,True,False,True,False,True,0.3,0.30503376170007523,1
CB_IN_2026_06626,True,True,True,False,True,True,True,0.92,0.98,1
CB_IN_2026_00574,True,False,True,False,True,True,True,0.75,0.8011807321404452,1
CB_IN_2026_08800,True,False,True,False,True,False,True,0.3,0.376429615006608,0
CB_IN_2026_09115,True,True,True,False,False,False,True,0.85,0.8885589851413467,1
CB_IN_2026_08851,True,True,False,False,True,True,True,0.25,0.25162374719031994,0
CB_IN_2026_02042,True,True,True,False,True,True,True,0.9,0.8505299603774735,1
CB_IN_2026_04326,True,True,True,False,False,False,True,0.85,0.9192680135363818,1
CB_IN_2026_03066,False,False,True,False,False,True,True,0.05,0.06794323676485553,0
CB_IN_2026_08151,True,True,True,False,True,False,True,0.75,0.8441257195331442,1
CB_IN_2026_05545,True,True,True,False,False,False,True,0.92,0.98,1
CB_IN_2026_07157,True,False,False,False,True,False,False,0.92,0.9328139839412117,1
CB_IN_2026_08528,True,True,True,False,True,False,True,0.3,0.23367940639697768,0
CB_IN_2026_04094,True,True,True,False,True,False,True,0.92,0.8040557785987934,0
CB_IN_2026_08227,True,False,False,False,True,False,True,0.9,0.8911715826062001,1
CB_IN_2026_00239,True,True,False,False,True,False,False,0.08,0.07349712622630913,0
CB_IN_2026_05370,True,False,False,False,False,False,False,0.08,0.18762470643249268,0
CB_IN_2026_00835,True,False,True,False,True,False,True,0.9,0.934013125617294,1
CB_IN_2026_00824,True,True,True,False,True,True,True,0.92,0.8702918146219318,0
CB_IN_2026_06981,True,False,True,False,True,False,True,0.1,0.0356449893436942,0
CB_IN_2026_03130,False,False,True,False,True,False,True,0.05,0.12910074737670704,0
CB_IN_2026_06256,True,True,True,False,True,False,True,0.9,0.9221305270445852,1
CB_IN_2026_08179,False,True,True,False,True,True,True,0.85,0.81277298364009,1
CB_IN_2026_06291,True,True,True,False,True,True,True,0.03,0.02,0
CB_IN_2026_01974,True,True,True,False,True,False,False,0.08,0.0988544627130987,0
CB_IN_2026_02700,True,True,True,False,True,False,True,0.3,0.3900894866724609,0
CB_IN_2026_01458,True,False,True,False,True,True,True,0.75,0.7919548148335933,0
CB_IN_2026_00336,True,True,False,False,False,False,False,0.08,0.02,0
CB_IN_2026_09694,True,False,False,False,True,False,False,0.9,0.8458747051996933,1
CB_IN_2026_06344,True,True,True,True,True,False,True,0.85,0.8994773230348432,0
CB_IN_2026_00797,True,True,True,False,True,False,True,0.85,0.9039521225101323,1
CB_IN_2026_06154,True,False,False,False,True,True,False,0.92,0.9130006628224989,1
CB_IN_2026_09447,True,False,True,False,True,False,True,0.3,0.2518032523684708,0
CB_IN_2026_02660,True,True,False,False,False,False,False,0.08,0.1099108664224116,0
CB_IN_2026_06138,True,True,True,False,True,False,True,0.18,0.20053232690900097,0
CB_IN_2026_08304,True,False,False,False,True,True,True,0.45,0.38543208674921026,1
CB_IN_2026_06760,False,True,True,False,True,False,True,0.55,0.6393116287144796,1
CB_IN_2026_01976,True,True,True,False,False,False,True,0.85,0.8905340554940775,1
CB_IN_2026_04052,True,False,True,False,True,False,True,0.92,0.9608450815548494,1
CB_IN_2026_03788,True,True,False,False,True,True,True,0.9,0.98,1
CB_IN_2026_06386,False,True,False,False,True,False,False,0.08,0.18711014510064478,0
CB_IN_2026_09319,True,True,True,False,True,False,True,0.9,0.8708160991176652,1
CB_IN_2026_08965,False,True,True,False,True,False,True,0.55,0.6635074096303833,1
CB_IN_2026_04869,False,True,True,False,True,False,True,0.85,0.9300732607660379,1
CB_IN_2026_07134,True,True,True,False,True,True,True,0.9,0.9266967587255374,1
CB_IN_2026_00513,True,True,True,False,True,True,True,0.85,0.7150046291682146,1
CB_IN_2026_04617,False,True,True,False,True,False,True,0.85,0.8889269277078171,1
CB_IN_2026_00165,True,True,False,False,False,False,False,0.08,0.02,0
CB_IN_2026_06910,True,True,True,False,True,False,True,0.18,0.3159218483651131,1
CB_IN_2026_02430,True,True,True,False,False,True,True,0.12,0.13854010031275824,0
CB_IN_2026_02478,False,False,True,False,True,True,False,0.08,0.08464404067567842,0
CB_IN_2026_02906,True,True,True,False,True,False,True,0.3,0.29333113842965725,1
CB_IN_2026_08048,True,True,False,False,True,False,False,0.08,0.14001742149918234,0
CB_IN_2026_05095,True,False,True,False,True,False,True,0.3,0.2585303882306723,0
CB_IN_2026_00523,True,False,True,False,True,True,True,0.1,0.036736205792100546,0
CB_IN_2026_05021,True,True,True,False,False,False,True,0.15,0.13085600433978842,0
CB_IN_2026_00863,True,False,True,False,True,False,True,0.3,0.3653013779527329,1
CB_IN_2026_00097,True,False,False,False,True,True,False,0.9,0.98,1
CB_IN_2026_06879,False,True,False,False,True,True,False,0.08,0.0687496216271406,0
CB_IN_2026_03438,True,True,True,False,True,True,True,0.2,0.1169939241925935,0
CB_IN_2026_07238,False,False,True,False,True,False,True,0.9,0.98,1
CB_IN_2026_02977,True,True,True,False,True,True,True,0.55,0.5197193479378224,0
CB_IN_2026_04241,False,True,True,False,True,False,True,0.75,0.8519441604090525,1
CB_IN_2026_07239,True,True,True,False,False,True,True,0.88,0.9586356012972922,1
CB_IN_2026_09300,True,False,True,False,False,False,True,0.1,0.19609599172492595,0
CB_IN_2026_05235,True,True,True,False,True,False,True,0.85,0.9179889182572898,1
CB_IN_2026_05036,True,True,True,False,True,False,True,0.85,0.8426502870999836,1
CB_IN_2026_05172,True,True,True,False,True,False,True,0.9,0.9304819544082786,1
CB_IN_2026_07383,True,True,False,False,False,False,True,0.3,0.307684697700145,0
CB_IN_2026_05064,True,False,False,False,True,False,False,0.03,0.02,0
CB_IN_2026_05614,True,True,True,True,True,False,True,0.75,0.6605815227740945,1
CB_IN_2026_01415,True,False,False,False,True,False,False,0.1,0.02,0
CB_IN_2026_00459,True,True,True,False,True,False,True,0.3,0.2679358895743845,1
CB_IN_2026_02144,True,False,True,False,True,True,True,0.1,0.02,0
CB_IN_2026_02212,False,True,True,False,True,True,True,0.9,0.8960669449949521,1
CB_IN_2026_04732,True,True,True,False,False,True,True,0.55,0.5611036363022163,1
CB_IN_2026_05103,True,True,True,False,True,True,True,0.92,0.8471161793674902,1
CB_IN_2026_01767,False,False,False,False,False,False,False,0.08,0.1713202010991492,0
CB_IN_2026_06269,False,True,False,False,True,False,True,0.85,0.7591150787521206,1
CB_IN_2026_05243,True,True,True,False,True,False,True,0.18,0.16388800172765952,0
CB_IN_2026_04482,True,True,False,False,True,False,False,0.08,0.02,0
CB_IN_2026_04047,True,True,True,False,False,False,True,0.55,0.4673539226301825,1
CB_IN_2026_07223,True,False,True,False,False,False,True,0.3,0.23701669199406394,0
CB_IN_2026_03912,True,False,True,False,True,False,True,0.3,0.4119906753527047,0
CB_IN_2026_02805,True,True,True,False,True,True,True,0.9,0.9458393557267912,1
CB_IN_2026_05278,True,False,False,False,True,False,False,0.1,0.17446519682437067,0
CB_IN_2026_06993,False,False,False,False,True,True,False,0.08,0.1042033439092909,0
CB_IN_2026_05883,True,False,True,False,False,True,True,0.55,0.4666003754697627,0
CB_IN_2026_07100,True,False,True,False,True,False,True,0.9,0.98,1
CB_IN_2026_00103,True,True,True,False,True,True,True,0.85,0.9092619774682728,1
CB_IN_2026_01230,True,True,True,False,True,False,True,0.9,0.8893274501121952,1
CB_IN_2026_06595,True,True,False,False,True,False,False,0.08,0.02,0
CB_IN_2026_07086,True,True,True,False,True,False,True,0.9,0.855982500206763,1
CB_IN_2026_04781,True,True,True,False,True,False,True,0.18,0.1987447474492902,0
CB_IN_2026_00056,True,False,True,False,True,False,True,0.45,0.366392888015889,1
CB_IN_2026_08137,True,True,True,False,True,False,True,0.75,0.6685382931375394,1
CB_IN_2026_02313,True,True,True,False,True,True,True,0.85,0.8642175359835114,1
CB_IN_2026_07690,True,False,True,False,True,False,True,0.1,0.09494911375186792,0
CB_IN_2026_02582,False,True,True,False,True,True,True,0.9,0.8519955165134724,1
CB_IN_2026_05251,False,True,True,False,True,False,True,0.3,0.27756439450791703,0
CB_IN_2026_07858,True,False,True,False,False,False,True,0.1,0.2288077134599872,1
CB_IN_2026_09160,False,True,True,False,True,False,True,0.05,0.09415740570994145,0
CB_IN_2026_05962,True,True,False,False,True,False,True,0.3,0.3773067900674476,0
CB_IN_2026_02986,True,True,True,False,True,False,True,0.18,0.27696692426795,0
CB_IN_2026_04964,True,True,True,False,True,True,True,0.85,0.8901137632653723,0
CB_IN_2026_05353,True,True,True,False,False,False,True,0.18,0.18454494888661654,0
CB_IN_2026_04605,True,True,True,False,True,False,True,0.75,0.8081484273992815,1
CB_IN_2026_06283,False,False,True,False,True,True,True,0.45,0.3114476483642481,1
CB_IN_2026_09918,False,True,False,False,True,False,False,0.75,0.8077549892945141,1
CB_IN_2026_06468,True,False,True,False,True,False,True,0.9,0.9198536200456393,1
CB_IN_2026_05006,False,True,True,False,False,False,False,0.08,0.11545261054653354,0
CB_IN_2026_07432,True,True,True,False,True,True,True,0.92,0.9304888265819342,1
CB_IN_2026_04996,False,False,True,False,True,False,True,0.55,0.5685119451281043,0
CB_IN_2026_08947,True,False,True,False,True,False,True,0.9,0.98,1
CB_IN_2026_08896,True,True,True,False,True,False,True,0.92,0.7946711308714258,1
CB_IN_2026_08636,True,False,False,False,True,True,False,0.92,0.8472980531082269,1
CB_IN_2026_04673,True,True,True,False,True,False,True,0.9,0.9691411931988092,1
CB_IN_2026_08107,True,True,False,False,True,False,True,0.85,0.8723977717006558,1
CB_IN_2026_03236,True,False,True,False,False,False,True,0.55,0.49006226412786735,0
CB_IN_2026_09133,True,True,True,False,True,False,True,0.92,0.9301593222125027,1
CB_IN_2026_09382,True,True,True,False,True,False,True,0.75,0.6955120635533212,1
CB_IN_2026_00730,True,False,True,False,True,False,True,0.45,0.43582561914107215,0
CB_IN_2026_04920,True,False,True,False,True,True,True,0.9,0.831630052264343,1
CB_IN_2026_01358,True,False,True,False,True,False,True,0.9,0.98,1
CB_IN_2026_04686,True,False,True,False,False,True,True,0.1,0.1109819431234274,0
CB_IN_2026_03264,True,True,True,False,True,True,True,0.92,0.98,1
CB_IN_2026_05947,True,False,False,False,True,True,False,0.92,0.8064977768287535,1
CB_IN_2026_07173,True,True,False,False,False,False,False,0.08,0.04351471549218465,0
CB_IN_2026_07655,True,True,True,False,True,True,False,0.9,0.98,1
CB_IN_2026_09346,False,True,True,False,False,True,False,0.08,0.08228914605207979,0
CB_IN_2026_08159,True,False,True,False,False,True,True,0.1,0.2637038589684447,1
CB_IN_2026_08146,True,False,True,False,True,True,True,0.9,0.9782239047699712,1
CB_IN_2026_08244,True,False,True,False,False,False,True,0.1,0.06774676649646985,0
CB_IN_2026_07347,True,True,False,False,True,False,True,0.92,0.976404818244248,1
CB_IN_2026_08316,False,True,False,False,True,False,False,0.08,0.051006643030321326,0
CB_IN_2026_07557,True,False,False,False,True,True,False,0.08,0.0699865604202302,0
CB_IN_2026_07860,True,False,True,False,True,False,True,0.18,0.19478563440028382,0
CB_IN_2026_00421,True,False,True,False,False,True,True,0.45,0.466503795822803,1
CB_IN_2026_08653,True,False,True,False,True,True,True,0.9,0.87593710337346,1
CB_IN_2026_04213,True,True,True,False,True,False,False,0.75,0.6778673506034245,1
CB_IN_2026_03141,True,False,True,False,True,False,True,0.45,0.40016042164654486,0
CB_IN_2026_09441,True,True,True,False,False,False,True,0.3,0.25356103352356035,1
CB_IN_2026_09503,True,True,False,False,True,False,True,0.85,0.9037296935004698,0
CB_IN_2026_01540,True,False,True,False,True,True,True,0.9,0.8693912754949947,1
CB_IN_2026_03285,False,True,True,False,True,False,True,0.18,0.04368241267585357,0
CB_IN_2026_05275,True,True,True,False,True,True,True,0.92,0.9475772168684756,1
CB_IN_2026_07415,True,True,True,False,True,True,True,0.88,0.835840946023902,1
CB_IN_2026_02947,False,True,False,False,False,True,False,0.08,0.05186293657048051,0
CB_IN_2026_09553,True,True,True,False,True,True,True,0.85,0.841811979552367,1
CB_IN_2026_09156,True,True,True,False,True,False,True,0.85,0.9439380290506736,1
CB_IN_2026_09600,True,True,False,False,False,False,False,0.08,0.06514629162429238,0
CB_IN_2026_00870,False,False,True,False,True,True,True,0.25,0.2777645587730471,0
CB_IN_2026_07695,True,True,True,False,True,False,True,0.92,0.9749424138551119,1
CB_IN_2026_03122,True,True,False,False,True,False,False,0.08,0.2055732987355423,0
CB_IN_2026_03315,True,True,True,False,True,True,True,0.55,0.5645605858970576,1
CB_IN_2026_02152,True,True,False,False,True,True,False,0.08,0.02,0
CB_IN_2026_02072,True,True,True,False,True,False,True,0.55,0.5302307884439643,0
CB_IN_2026_07704,True,False,False,False,True,False,False,0.1,0.13082912154325213,0
CB_IN_2026_06713,True,True,False,False,True,False,False,0.18,0.11154056457838069,0
CB_IN_2026_05336,True,False,False,False,False,False,False,0.08,0.17323937228003755,0
CB_IN_2026_01004,True,False,False,False,True,True,False,0.08,0.02,0
CB_IN_2026_03231,True,True,True,False,False,False,True,0.85,0.909764279572661,1
CB_IN_2026_09179,True,False,True,False,True,False,True,0.3,0.3820121757621803,0
CB_IN_2026_00998,True,True,True,False,False,False,True,0.55,0.5036231269303075,1
CB_IN_2026_06439,True,False,False,False,False,False,False,0.1,0.1046417790811813,0
CB_IN_2026_07971,True,True,True,False,True,False,True,0.92,0.98,1
CB_IN_2026_06444,True,True,False,True,True,True,False,0.03,0.1581309361266871,0
CB_IN_2026_06690,True,False,True,False,False,False,True,0.1,0.13652485821965735,0
CB_IN_2026_08534,True,True,False,False,True,False,False,0.9,0.98,1
CB_IN_2026_03618,True,True,False,False,True,False,False,0.03,0.06208545989921627,0
CB_IN_2026_03079,True,True,True,False,True,True,True,0.88,0.9298653471193771,1
CB_IN_2026_09957,True,False,True,False,True,True,True,0.75,0.8140730043321124,1
CB_IN_2026_08520,True,False,False,False,True,True,False,0.08,0.02,0
CB_IN_2026_06807,True,False,True,False,True,False,True,0.18,0.20906132164166114,0
CB_IN_2026_03382,True,False,True,False,True,True,True,0.9,0.8659232042318298,1
CB_IN_2026_06844,False,False,True,False,True,True,True,0.05,0.04679002823030679,0
CB_IN_2026_00883,True,False,True,False,False,False,True,0.92,0.8129205669283295,1
CB_IN_2026_03535,True,True,False,False,True,False,False,0.08,0.12001645643006417,0
CB_IN_2026_08768,True,True,True,False,True,True,True,0.9,0.8084169592219553,1
CB_IN_2026_05425,True,True,False,False,True,False,True,0.3,0.28173491289406005,0
CB_IN_2026_06551,True,True,True,False,False,False,False,0.85,0.7190069435847635,1
CB_IN_2026_00559,True,False,True,False,True,True,True,0.9,0.98,1
CB_IN_2026_04469,True,False,False,False,True,True,False,0.08,0.06737431358367105,1
CB_IN_2026_07131,True,False,True,False,True,False,True,0.55,0.5577605185580528,0
CB_IN_2026_04387,True,True,False,False,True,False,False,0.92,0.8915752251768612,1
CB_IN_2026_00633,True,False,True,False,True,True,True,0.1,0.02,0
CB_IN_2026_09373,True,False,False,False,True,False,True,0.9,0.9463966527649655,1
CB_IN_2026_01603,True,True,False,False,True,False,False,0.9,0.803296097101474,1
CB_IN_2026_01911,True,True,True,False,True,False,True,0.92,0.8541126147605095,1
CB_IN_2026_04329,True,True,False,False,True,True,False,0.08,0.1478287854837423,0
CB_IN_2026_09451,True,False,False,False,True,False,True,0.92,0.9282186597657667,1
CB_IN_2026_04141,True,True,True,False,True,True,True,0.9,0.9014893269574791,1
CB_IN_2026_04280,True,False,True,False,False,True,True,0.75,0.7697450023951045,1
CB_IN_2026_09469,True,False,True,False,True,True,True,0.1,0.02,0
CB_IN_2026_03991,False,True,True,False,True,False,True,0.3,0.26470674517034476,1
CB_IN_2026_06396,False,False,False,False,False,False,True,0.45,0.39885718094890094,1
CB_IN_2026_00473,True,False,False,False,True,True,False,0.08,0.02,0
CB_IN_2026_01870,True,True,True,False,True,False,True,0.9,0.9196936660790042,1
CB_IN_2026_07641,True,False,True,False,True,False,True,0.3,0.2519147065173781,0
CB_IN_2026_06301,True,True,True,False,True,False,True,0.92,0.8842299713670914,1
CB_IN_2026_04142,True,True,True,False,True,True,True,0.92,0.8858845880805226,1
CB_IN_2026_01862,True,True,True,False,True,False,True,0.9,0.9222579822050366,1
CB_IN_2026_00412,True,False,False,False,True,False,False,0.08,0.02,0
CB_IN_2026_02147,False,True,False,False,True,False,True,0.25,0.1968466985675782,0
CB_IN_2026_06395,True,True,True,False,False,False,True,0.3,0.1794900602139783,0
CB_IN_2026_04211,True,True,True,False,True,False,True,0.18,0.08810456626200942,0
CB_IN_2026_08401,False,False,True,False,False,False,True,0.3,0.3484500775474972,0
CB_IN_2026_06122,True,False,False,False,True,True,False,0.08,0.06909022787073875,0
CB_IN_2026_02689,True,False,True,False,True,True,True,0.1,0.16230741770541562,0
CB_IN_2026_05796,True,False,True,False,True,True,True,0.45,0.4477846109152822,0
CB_IN_2026_01833,True,False,True,False,True,False,True,0.18,0.20103433145107807,0
CB_IN_2026_00846,True,True,True,False,True,False,True,0.3,0.3647877048241402,1
CB_IN_2026_08780,True,True,True,False,False,True,True,0.85,0.7997529451511719,1
CB_IN_2026_09214,True,True,True,False,True,False,True,0.3,0.2431635187194408,1
CB_IN_2026_06049,True,False,False,False,True,True,True,0.9,0.9030736665884276,1
CB_IN_2026_05998,True,False,True,False,True,True,True,0.9,0.86774998279097,0
CB_IN_2026_08905,True,False,False,False,False,False,True,0.1,0.02,0
CB_IN_2026_07981,True,True,True,False,True,False,True,0.55,0.511946254444912,0
CB_IN_2026_05186,True,True,False,False,False,False,True,0.85,0.7528384794759133,1
CB_IN_2026_05310,False,True,False,False,True,False,True,0.9,0.98,1
CB_IN_2026_05003,True,False,False,False,True,True,False,0.08,0.15907336629650837,0
CB_IN_2026_05782,True,True,False,False,True,False,False,0.08,0.02,0
CB_IN_2026_02227,False,False,False,False,True,True,False,0.08,0.02,0
CB_IN_2026_06065,True,False,True,False,True,False,True,0.92,0.8389638386586389,1
CB_IN_2026_02512,False,True,False,False,True,True,False,0.08,0.0675462263898458,0
CB_IN_2026_07838,False,True,True,False,True,False,True,0.9,0.98,1
CB_IN_2026_07476,True,True,True,False,True,True,True,0.85,0.8334938036523869,0
CB_IN_2026_03531,True,True,True,False,True,True,True,0.85,0.6789712515967112,1
CB_IN_2026_05388,False,False,True,False,True,False,True,0.45,0.5173285929767175,0
CB_IN_2026_02629,False,False,True,False,True,True,True,0.9,0.8759713115295852,1
CB_IN_2026_00154,False,True,True,False,True,True,True,0.9,0.98,1
CB_IN_2026_01416,True,True,True,False,True,True,True,0.88,0.8719685188389964,1
CB_IN_2026_05488,True,True,True,False,False,False,True,0.85,0.853811649617933,1
CB_IN_2026_05848,True,True,True,True,False,True,False,0.03,0.02,0
CB_IN_2026_02074,True,True,True,False,True,False,True,0.85,0.7133550646705662,0
CB_IN_2026_05945,True,True,True,False,True,False,True,0.3,0.4070274930612941,1
CB_IN_2026_08046,True,True,True,False,True,False,True,0.9,0.98,1
CB_IN_2026_05116,True,True,True,False,False,True,False,0.92,0.98,1
CB_IN_2026_07265,True,False,True,False,True,False,True,0.55,0.49408356733759023,1
CB_IN_2026_05732,True,True,True,False,False,True,True,0.88,0.856154344204495,1
CB_IN_2026_06417,True,True,True,False,True,False,True,0.92,0.98,1
CB_IN_2026_07637,False,True,False,False,False,True,False,0.08,0.08617748903179906,0
CB_IN_2026_09768,True,True,True,False,True,True,True,0.9,0.8269248932750639,1
CB_IN_2026_03470,True,True,True,False,True,True,True,0.55,0.5106199257708843,1
CB_IN_2026_06435,True,False,True,False,True,True,True,0.92,0.9588690246319668,1
CB_IN_2026_05229,True,False,True,False,True,True,True,0.75,0.7228627908784869,1
CB_IN_2026_07572,True,True,True,False,True,False,True,0.3,0.32743914702069177,0
CB_IN_2026_04217,True,True,True,False,True,True,True,0.55,0.5200451612027958,1
CB_IN_2026_00226,True,False,True,False,False,True,True,0.1,0.02,0
CB_IN_2026_00205,True,True,False,False,False,False,False,0.08,0.02,0
CB_IN_2026_02446,True,True,True,False,True,True,True,0.92,0.98,1
CB_IN_2026_03552,True,False,True,False,True,False,True,0.9,0.8061090166326895,1
CB_IN_2026_09504,False,True,True,False,True,True,False,0.85,0.8241973733609241,0
CB_IN_2026_00392,True,True,True,False,True,False,False,0.92,0.9412389898094041,1
CB_IN_2026_06913,True,True,False,False,True,False,False,0.03,0.08661711480284526,0
CB_IN_2026_08024,True,False,True,False,False,True,True,0.92,0.8964860120577369,1
CB_IN_2026_02969,True,True,False,False,False,False,False,0.08,0.09013775440496007,0
CB_IN_2026_06972,True,True,False,False,True,False,False,0.92,0.8329644257422,1
CB_IN_2026_01660,True,False,False,False,True,False,True,0.75,0.787560063584162,1
CB_IN_2026_02222,True,True,True,False,True,False,True,0.25,0.18428832592611977,0
CB_IN_2026_09117,True,False,True,False,True,True,True,0.55,0.578637755662986,1
CB_IN_2026_05401,True,True,True,False,False,False,True,0.55,0.5393002497758763,1
CB_IN_2026_06731,False,False,False,False,True,True,True,0.25,0.13042037009186097,1
CB_IN_2026_00341,False,True,False,False,False,False,True,0.3,0.2958854274662795,1
CB_IN_2026_03037,True,False,True,False,True,False,True,0.1,0.20158099761862747,0
CB_IN_2026_07315,True,True,True,False,True,False,True,0.9,0.9708561869603223,1
CB_IN_2026_04824,True,True,True,False,False,True,True,0.85,0.8466202937873302,1
CB_IN_2026_08728,True,True,False,False,True,False,False,0.08,0.17665535070858185,0
CB_IN_2026_08167,True,True,False,False,False,True,True,0.92,0.856374963556973,1
CB_IN_2026_09634,True,True,True,False,True,True,True,0.85,0.6826565597696118,0
CB_IN_2026_08476,True,True,False,False,True,False,True,0.3,0.363049427820697,0
CB_IN_2026_07727,True,True,True,False,True,True,True,0.55,0.5887668411830971,0
CB_IN_2026_03951,False,True,True,False,False,False,True,0.1,0.1233674603524628,0
CB_IN_2026_00992,True,True,True,True,True,True,True,0.9,0.8484536320479489,1
CB_IN_2026_04537,False,True,True,False,True,False,True,0.55,0.586450946970146,0
CB_IN_2026_06776,False,True,True,False,True,False,True,0.05,0.04960044521795437,0
CB_IN_2026_03109,False,True,False,False,True,False,False,0.08,0.08556121994643986,0
CB_IN_2026_03377,True,True,True,False,True,False,True,0.9,0.95208341885269,1
CB_IN_2026_05184,False,True,True,False,True,True,True,0.55,0.556694486941175,1
CB_IN_2026_07169,True,True,True,False,True,False,True,0.55,0.5542326985613036,1
CB_IN_2026_08600,True,True,False,False,True,False,False,0.85,0.819137713353857,1
CB_IN_2026_02223,True,False,True,False,True,True,True,0.92,0.9149568066248227,1
CB_IN_2026_04229,True,True,False,False,True,False,False,0.08,0.02,0
CB_IN_2026_07316,True,True,True,False,True,False,True,0.3,0.22500136838477106,0
CB_IN_2026_06306,True,True,True,False,True,True,True,0.85,0.8167726158793708,1
CB_IN_2026_02242,True,True,True,False,False,False,True,0.2,0.08362792860393303,0
CB_IN_2026_04690,False,True,True,False,False,False,True,0.15,0.24199008181270057,0
CB_IN_2026_06293,True,True,True,False,True,True,True,0.9,0.98,1
CB_IN_2026_05054,True,True,True,False,True,True,True,0.85,0.752794470524315,1
CB_IN_2026_01123,True,False,True,False,True,False,True,0.92,0.8651625500503279,1
CB_IN_2026_09832,True,False,True,False,True,False,True,0.3,0.1696721530960428,1
CB_IN_2026_03364,True,True,True,False,True,True,True,0.85,0.8796772633412323,1
CB_IN_2026_04237,True,False,False,False,True,False,True,0.25,0.19965200122254206,0
CB_IN_2026_06906,True,False,True,False,True,True,False,0.1,0.10558662904274058,1
CB_IN_2026_07854,True,False,False,False,True,True,True,0.25,0.3684832853740999,1
CB_IN_2026_08215,True,True,True,False,True,False,True,0.85,0.8778791070310438,1
CB_IN_2026_04700,True,False,True,False,True,False,True,0.9,0.9600492798167963,1
CB_IN_2026_09178,True,False,True,False,True,True,True,0.9,0.9573161681825251,1
CB_IN_2026_02010,True,True,True,False,True,True,True,0.88,0.8401046630306666,1
CB_IN_2026_06159,True,True,True,False,True,True,True,0.55,0.6268827407525662,1
CB_IN_2026_09933,True,False,True,False,True,False,True,0.9,0.9759368717029053,1
CB_IN_2026_00928,True,False,True,False,True,True,True,0.92,0.9162957384386895,1
CB_IN_2026_09624,True,True,False,False,True,True,False,0.08,0.05727149925997929,0
CB_IN_2026_07290,True,False,True,False,True,True,True,0.45,0.3586755836847039,1
CB_IN_2026_02373,True,True,True,False,True,False,True,0.85,0.8088083860351968,1
CB_IN_2026_04477,False,True,True,False,True,False,True,0.9,0.8497606990522233,1
CB_IN_2026_06063,True,True,True,False,True,False,True,0.85,0.8510314535211473,0
CB_IN_2026_07133,True,False,False,False,True,True,False,0.08,0.17700604240393739,1
CB_IN_2026_05306,True,False,True,False,True,True,True,0.92,0.959980668621111,1
CB_IN_2026_09035,True,True,True,False,True,True,True,0.85,0.903248029639366,1
CB_IN_2026_08859,True,True,True,False,True,False,True,0.85,0.8530135070195601,1
CB_IN_2026_03616,False,True,True,False,True,True,True,0.55,0.43807825598320516,0
CB_IN_2026_08870,True,True,False,False,True,False,False,0.08,0.12557746059492308,1
CB_IN_2026_07264,True,False,True,False,True,True,True,0.2,0.15478295393393587,0
CB_IN_2026_04912,True,False,False,False,True,False,True,0.9,0.858146056433861,1
CB_IN_2026_00427,True,True,True,False,True,False,True,0.9,0.8261976313973475,1
CB_IN_2026_05300,True,True,True,False,False,True,True,0.12,0.23020671051315608,0
CB_IN_2026_00241,True,True,False,False,True,False,False,0.08,0.02,0
CB_IN_2026_03062,True,False,False,False,True,False,False,0.08,0.11658885963811472,0
CB_IN_2026_01499,True,False,False,False,False,False,True,0.12,0.02,0
CB_IN_2026_00805,True,False,False,False,True,True,False,0.08,0.06653276921013968,1
CB_IN_2026_01145,True,True,True,False,True,True,True,0.92,0.77700782643063,1
CB_IN_2026_06420,True,False,True,False,False,True,True,0.92,0.941801166262093,1
CB_IN_2026_05912,True,False,False,False,True,True,True,0.9,0.9443235280471507,1
CB_IN_2026_00963,True,True,True,False,True,True,True,0.85,0.6587775759269736,1
CB_IN_2026_05773,False,True,True,False,True,True,True,0.75,0.7547805423261984,1
CB_IN_2026_03370,True,True,True,False,False,True,True,0.75,0.7508326634657813,1
CB_IN_2026_05414,False,True,False,False,False,False,False,0.05,0.21031256542437393,0
CB_IN_2026_04212,True,False,False,False,True,True,False,0.08,0.13945008207541326,0
CB_IN_2026_06681,False,False,False,False,True,False,True,0.05,0.02,0
CB_IN_2026_05286,True,True,False,False,True,True,True,0.92,0.8652255154370987,0
CB_IN_2026_03430,True,False,False,False,True,True,False,0.08,0.073720287557597,0
CB_IN_2026_05876,True,True,False,False,False,True,False,0.08,0.09858200964633496,0
CB_IN_2026_02415,False,True,True,False,True,False,True,0.55,0.5898658810470804,1
CB_IN_2026_05662,True,True,True,False,True,False,True,0.3,0.2651363792526415,0
CB_IN_2026_04139,True,True,False,False,False,True,True,0.92,0.9501105914457417,1
CB_IN_2026_05578,True,True,True,False,True,False,True,0.9,0.876319167731147,1
CB_IN_2026_03063,True,True,True,False,True,False,True,0.9,0.8145935187432466,1
CB_IN_2026_02374,True,True,True,True,True,False,True,0.18,0.09311575722419588,0
CB_IN_2026_04445,False,False,True,False,True,True,True,0.45,0.33130953234246757,1
CB_IN_2026_01539,True,True,True,False,True,False,True,0.9,0.9446133392675473,1
CB_IN_2026_04440,True,True,True,False,False,True,True,0.85,0.7528990094907675,1
CB_IN_2026_04715,True,True,False,False,True,False,False,0.08,0.02,0
CB_IN_2026_07530,True,False,True,False,False,False,True,0.92,0.8039867551192036,1
CB_IN_2026_06451,True,True,True,False,True,False,False,0.08,0.02,0
CB_IN_2026_01611,True,True,True,False,False,False,True,0.55,0.5795071210687436,1
CB_IN_2026_06452,True,True,True,False,False,False,True,0.55,0.47752140478094035,1
CB_IN_2026_00856,True,False,True,False,True,False,True,0.9,0.98,1
CB_IN_2026_01243,False,True,True,False,True,False,True,0.85,0.8273900218612568,1
CB_IN_2026_00441,True,True,True,False,True,True,True,0.9,0.9470499408422587,1
CB_IN_2026_07754,False,False,False,False,False,True,False,0.08,0.19141626560534136,0
CB_IN_2026_07483,True,False,True,False,True,False,True,0.03,0.02,0
CB_IN_2026_00869,False,True,True,False,True,False,True,0.85,0.98,1
CB_IN_2026_00534,True,False,True,False,False,True,True,0.92,0.9271027210800539,1
CB_IN_2026_04657,True,True,True,False,True,False,True,0.92,0.8836907575658397,1
CB_IN_2026_07812,True,True,False,False,True,True,False,0.08,0.10450302265966613,0
CB_IN_2026_03678,True,True,True,False,True,False,True,0.85,0.8055256708378632,1
CB_IN_2026_02483,True,True,True,False,True,False,True,0.25,0.23812399742176799,0
CB_IN_2026_01207,True,False,False,False,True,False,False,0.08,0.11774724579062495,0
CB_IN_2026_08951,True,True,False,False,True,False,False,0.08,0.06488528844418727,0
CB_IN_2026_07850,True,False,False,False,True,False,True,0.9,0.8951939910267342,1
CB_IN_2026_00742,True,True,False,False,True,False,False,0.08,0.02,0
CB_IN_2026_07873,False,True,True,False,True,True,False,0.08,0.05408911989874065,0
CB_IN_2026_09730,True,False,False,False,True,False,True,0.3,0.39093104920390065,0
CB_IN_2026_00753,True,True,True,False,False,False,True,0.92,0.7735284429477403,1
CB_IN_2026_06743,False,True,True,False,True,False,True,0.75,0.6832276478792814,1
CB_IN_2026_07547,True,True,False,False,False,False,True,0.3,0.37920920265665864,1
CB_IN_2026_05382,True,True,False,False,True,False,False,0.08,0.08706759624624795,0
CB_IN_2026_00076,True,True,True,False,False,False,True,0.55,0.4476089413249956,1
CB_IN_2026_04487,False,False,True,False,True,False,True,0.9,0.905712547512736,1
CB_IN_2026_07274,True,True,False,False,True,False,False,0.08,0.08480895665506254,0
CB_IN_2026_05882,True,True,True,False,False,False,True,0.85,0.8190452552146157,1
CB_IN_2026_05390,True,False,True,False,True,True,True,0.25,0.1844742462940559,0
CB_IN_2026_08129,False,True,True,False,False,False,True,0.1,0.030564930006084304,0
CB_IN_2026_04539,True,False,True,False,False,False,True,0.1,0.0792369168261997,0
CB_IN_2026_03667,True,True,True,False,False,False,False,0.85,0.751096388373657,0
CB_IN_2026_09228,False,False,False,False,True,True,False,0.08,0.13288744181168435,0
CB_IN_2026_09958,True,True,True,False,True,False,True,0.85,0.8106874950739444,1
CB_IN_2026_06091,True,True,True,False,True,False,True,0.3,0.36774070960708805,0
CB_IN_2026_00328,True,True,True,False,True,True,True,0.92,0.8727406706754017,1
CB_IN_2026_02341,True,False,True,False,True,False,True,0.1,0.02,0
CB_IN_2026_06783,True,True,True,True,True,False,True,0.3,0.2919834521613671,0
CB_IN_2026_06219,False,True,True,False,True,True,True,0.9,0.9070536932138162,1
CB_IN_2026_01215,True,True,False,False,True,False,False,0.08,0.03440370350115516,0
CB_IN_2026_07857,True,True,True,False,True,False,True,0.9,0.9128658992658606,1
CB_IN_2026_01693,True,True,True,False,True,True,True,0.88,0.9375392974087393,1
CB_IN_2026_08845,True,True,False,False,False,True,True,0.75,0.706893996097774,1
CB_IN_2026_01967,True,False,True,False,True,True,False,0.08,0.08471548788009312,0
CB_IN_2026_03735,False,True,True,False,True,False,True,0.03,0.02,0
CB_IN_2026_07485,True,True,True,False,True,False,True,0.85,0.7072273551367679,1
CB_IN_2026_03916,True,False,True,False,True,True,True,0.9,0.9296179359102935,1
CB_IN_2026_04848,False,True,True,False,True,False,True,0.3,0.3246259899514321,0
CB_IN_2026_02113,True,True,True,False,True,True,True,0.9,0.7149083841776698,1
CB_IN_2026_05197,True,True,True,False,True,True,True,0.88,0.8553513903378256,1
CB_IN_2026_05013,True,True,False,False,True,True,True,0.85,0.8378298641387271,1
CB_IN_2026_09784,True,True,False,False,True,False,True,0.3,0.22359468094490526,0
CB_IN_2026_08277,True,True,True,False,True,False,True,0.85,0.8712937044083119,1
CB_IN_2026_09904,True,False,True,False,True,False,True,0.55,0.4853803850722858,1
CB_IN_2026_03432,False,False,True,False,True,False,True,0.1,0.042678447421721534,0
CB_IN_2026_09774,True,True,True,False,True,False,True,0.9,0.821700121878674,1
CB_IN_2026_08895,True,True,True,False,True,True,True,0.92,0.98,1
CB_IN_2026_00150,False,True,False,False,False,True,False,0.75,0.7729040749780643,1
CB_IN_2026_07523,False,False,True,False,True,False,False,0.9,0.8965754124709584,1
CB_IN_2026_06040,True,False,True,False,False,False,True,0.03,0.02,0
CB_IN_2026_04300,False,True,True,False,False,False,True,0.55,0.4444228988391849,0
CB_IN_2026_05200,True,True,False,False,True,True,True,0.92,0.889488689091334,1
CB_IN_2026_01385,True,True,True,False,True,False,True,0.3,0.21186928774233438,1
CB_IN_2026_01049,True,False,True,False,True,False,True,0.55,0.6092644512297029,0
CB_IN_2026_01652,True,True,True,False,False,False,True,0.55,0.5070509454469398,1
CB_IN_2026_08929,True,True,True,False,False,False,True,0.92,0.98,1
CB_IN_2026_09608,True,True,True,False,True,True,True,0.92,0.98,1
CB_IN_2026_06055,True,False,True,False,True,True,True,0.9,0.948263346783751,1
CB_IN_2026_02826,True,True,True,False,True,False,True,0.9,0.98,1
CB_IN_2026_06046,False,False,False,False,True,True,True,0.88,0.7216458842716423,1
CB_IN_2026_03201,False,False,False,False,True,True,False,0.92,0.98,1
CB_IN_2026_03249,True,False,True,False,False,False,True,0.3,0.27623060278882805,1
CB_IN_2026_08299,True,True,True,False,True,False,True,0.9,0.8251981889457921,0
CB_IN_2026_04910,True,True,True,False,True,False,True,0.55,0.5405630725451684,1
CB_IN_2026_04442,True,True,True,False,True,False,True,0.55,0.5277632439794825,1
CB_IN_2026_09529,True,True,True,False,False,False,True,0.3,0.30790602613106904,0
CB_IN_2026_08436,True,True,True,False,True,False,True,0.85,0.8996730439630588,1
CB_IN_2026_08061,True,True,True,False,True,False,True,0.75,0.6613783203468772,1
CB_IN_2026_00526,True,True,True,False,True,False,True,0.3,0.17313976209362372,0
CB_IN_2026_04020,True,False,True,False,True,False,True,0.9,0.9284264293052465,1
CB_IN_2026_08171,True,True,True,False,True,True,True,0.88,0.9522071292874662,1
CB_IN_2026_09975,True,True,True,False,False,True,True,0.75,0.8515411402995152,1
CB_IN_2026_05585,True,True,False,False,True,True,False,0.85,0.8875144098720467,1
CB_IN_2026_01114,True,True,True,False,True,True,True,0.92,0.9290783412552407,0
CB_IN_2026_06506,True,False,False,False,False,True,True,0.92,0.9274342228286078,1
CB_IN_2026_02337,True,False,False,False,True,True,True,0.92,0.8958736661601981,1
CB_IN_2026_08593,False,True,False,False,True,False,True,0.9,0.9023756453718269,1
CB_IN_2026_04716,False,False,True,False,True,False,True,0.18,0.2654500463106614,0
CB_IN_2026_06693,True,True,True,False,True,True,False,0.08,0.08476378124211334,0
CB_IN_2026_04847,True,True,True,False,True,False,True,0.9,0.98,1
CB_IN_2026_06102,False,True,True,False,True,False,True,0.3,0.34926157386630374,1
CB_IN_2026_06716,True,True,False,False,False,False,False,0.08,0.02,0
CB_IN_2026_07773,True,True,True,False,True,False,True,0.25,0.3007434734008778,0
CB_IN_2026_05751,True,True,True,False,True,False,True,0.9,0.98,1
CB_IN_2026_04836,False,False,True,False,True,False,True,0.1,0.11478301861493234,0
CB_IN_2026_07622,False,True,True,False,True,False,True,0.18,0.3298177896480351,0
CB_IN_2026_08071,True,True,True,False,False,False,True,0.18,0.1944165905020193,0
CB_IN_2026_07945,False,False,True,False,False,False,True,0.1,0.04085549175497223,0
CB_IN_2026_01731,True,True,False,False,True,True,False,0.08,0.03652067275713945,0
CB_IN_2026_02833,True,True,True,False,True,False,True,0.85,0.811388868294208,1
CB_IN_2026_04928,True,False,True,False,True,False,True,0.25,0.32455000274262485,0
CB_IN_2026_08471,True,True,True,False,True,True,True,0.9,0.98,1
CB_IN_2026_02671,True,False,True,False,True,True,False,0.08,0.02,0
CB_IN_2026_04411,True,False,True,False,True,False,True,0.9,0.7921603382226894,1
CB_IN_2026_06764,True,True,False,False,True,True,True,0.9,0.9020586714733512,1
CB_IN_2026_00137,True,False,False,False,True,False,True,0.92,0.9042020036160777,1
CB_IN_2026_01953,True,True,True,False,True,True,True,0.92,0.8704538615416479,0
CB_IN_2026_04636,False,False,True,False,True,False,False,0.08,0.02,0
CB_IN_2026_09218,True,False,True,False,True,False,True,0.92,0.8388480465595751,1
CB_IN_2026_09213,True,False,False,False,True,True,False,0.08,0.02,0
CB_IN_2026_07381,True,True,True,False,False,True,True,0.1,0.1268603692502679,0
CB_IN_2026_08377,True,False,True,False,True,False,True,0.3,0.2603471725066347,0
CB_IN_2026_00861,False,False,True,False,True,True,True,0.1,0.06920472586782979,1
CB_IN_2026_07039,True,True,True,False,False,False,True,0.3,0.27257302503972936,0
CB_IN_2026_03218,True,True,True,False,True,True,True,0.9,0.8546716961160077,1
CB_IN_2026_08322,True,False,True,False,True,False,True,0.9,0.98,1
CB_IN_2026_00855,True,False,True,False,True,False,True,0.3,0.22689833418171196,0
CB_IN_2026_03479,True,True,False,False,True,False,True,0.75,0.8619988593037955,0
CB_IN_2026_01048,False,True,True,False,True,True,False,0.85,0.7720680277935961,1
CB_IN_2026_03836,True,True,True,False,True,False,True,0.9,0.8565543399468125,1
CB_IN_2026_07073,True,True,True,False,True,True,True,0.85,0.8538557671873911,1
CB_IN_2026_07421,True,True,True,False,False,False,True,0.55,0.5869685390492521,0
CB_IN_2026_00078,True,True,True,False,True,False,True,0.55,0.5615736479437842,1
CB_IN_2026_05548,True,True,True,False,True,True,False,0.08,0.02,0
CB_IN_2026_03418,False,False,True,False,True,False,True,0.75,0.7596474526824036,1
CB_IN_2026_07404,True,True,True,False,False,True,True,0.1,0.02197310362851694,0
CB_IN_2026_03383,True,True,True,False,False,False,True,0.85,0.9324682210910213,0
CB_IN_2026_05834,True,False,True,False,True,False,True,0.9,0.7649043854838407,1
CB_IN_2026_07190,True,False,True,False,False,False,True,0.55,0.6381816796035614,1
CB_IN_2026_04388,False,False,True,False,False,True,True,0.1,0.02,0
CB_IN_2026_05068,True,True,False,False,True,True,False,0.08,0.02,0
CB_IN_2026_01399,True,False,True,False,False,False,True,0.3,0.40406941671867885,0
CB_IN_2026_02982,True,True,False,False,True,True,False,0.08,0.08551613499619208,0
CB_IN_2026_06408,False,False,True,False,True,False,True,0.3,0.34389354728440186,0
CB_IN_2026_06963,False,True,True,False,True,False,True,0.05,0.05607150847140084,0
CB_IN_2026_05466,True,True,True,False,True,False,True,0.75,0.7446385036098712,1
CB_IN_2026_07786,True,True,True,False,True,False,True,0.55,0.5587438478026966,1
CB_IN_2026_06204,True,True,True,False,True,False,True,0.9,0.7299571888415213,0
CB_IN_2026_00595,True,False,True,False,True,False,True,0.9,0.8717854722697563,1
CB_IN_2026_07182,True,False,True,False,False,True,True,0.1,0.07711212616543828,0
CB_IN_2026_09097,True,True,True,False,True,False,True,0.92,0.970495089242398,1
CB_IN_2026_03872,True,True,True,False,True,False,False,0.92,0.98,1
CB_IN_2026_06857,True,True,True,True,True,True,True,0.03,0.06293400690197577,0
CB_IN_2026_00395,True,False,True,False,True,False,True,0.9,0.9017214007321196,1
CB_IN_2026_07976,False,False,True,False,True,False,True,0.3,0.36257080865882935,1
CB_IN_2026_02195,True,True,True,False,True,False,True,0.85,0.9151149514719942,1
CB_IN_2026_00135,True,False,True,False,True,True,True,0.55,0.527115327038681,1
CB_IN_2026_00215,True,False,True,False,True,False,True,0.9,0.8820734772259697,1
CB_IN_2026_09062,True,False,False,False,True,False,True,0.2,0.253523991194618,1
CB_IN_2026_07596,True,False,False,False,True,False,False,0.08,0.02,0
CB_IN_2026_03118,True,True,True,False,True,True,True,0.88,0.9569981404579228,1
CB_IN_2026_04635,True,False,False,False,False,True,False,0.08,0.04613277858415847,0
CB_IN_2026_07479,True,False,True,False,True,False,True,0.55,0.6224128281223571,1
CB_IN_2026_07498,True,True,True,False,True,False,True,0.85,0.9357367179623449,1
CB_IN_2026_05320,True,True,False,False,True,False,True,0.9,0.9193471092665925,0
CB_IN_2026_07520,True,True,True,False,True,False,True,0.3,0.3102278727333652,0
CB_IN_2026_08842,True,True,True,False,True,True,True,0.75,0.7676115133745555,1
CB_IN_2026_08408,False,True,True,False,False,False,True,0.85,0.7715348651273108,1
CB_IN_2026_03686,True,True,True,False,True,True,True,0.92,0.9114935522751707,1
CB_IN_2026_05861,True,False,True,False,True,False,True,0.9,0.8403863609448633,1
CB_IN_2026_08184,True,False,False,False,False,True,True,0.1,0.1507294188597676,0
CB_IN_2026_03451,True,True,True,False,True,False,True,0.3,0.2863221750044003,0
CB_IN_2026_05511,True,True,False,False,False,True,False,0.1,0.15961769122098848,0
CB_IN_2026_01371,True,False,False,False,True,True,False,0.08,0.11732341414069897,0
CB_IN_2026_07324,True,True,True,False,True,True,True,0.92,0.9715626816435834,1
CB_IN_2026_04581,True,False,False,False,False,True,False,0.08,0.14844046465230343,0
CB_IN_2026_01089,False,True,False,False,True,True,True,0.05,0.05645113158076985,0
CB_IN_2026_01669,True,False,True,False,True,False,True,0.25,0.35530934130689806,0
CB_IN_2026_02997,True,True,True,False,True,False,True,0.2,0.2872209356639671,1
CB_IN_2026_09607,True,False,True,False,True,False,True,0.45,0.527678480416008,1
CB_IN_2026_03075,True,False,False,False,True,False,False,0.92,0.84246487368059,1
CB_IN_2026_02082,False,False,False,False,True,True,False,0.08,0.07028462727644079,0
CB_IN_2026_01410,True,True,True,False,False,True,True,0.55,0.4052223120859887,1
CB_IN_2026_09690,True,False,False,False,False,True,False,0.08,0.05728511488802766,0
CB_IN_2026_01164,True,True,True,False,False,True,True,0.85,0.8529990444203897,1
CB_IN_2026_09697,True,True,True,False,True,True,True,0.92,0.9040595712211561,1
CB_IN_2026_01727,True,True,True,False,True,True,True,0.9,0.9194418140854815,1
CB_IN_2026_09892,True,True,True,False,True,True,True,0.92,0.8761431820206456,1
CB_IN_2026_02040,True,False,True,False,True,False,True,0.92,0.9070463717840206,1
CB_IN_2026_00296,True,False,True,False,True,False,True,0.75,0.7311686646668993,1
CB_IN_2026_00475,True,True,False,False,True,False,True,0.85,0.8149053319549565,1
CB_IN_2026_02180,True,True,True,False,False,True,True,0.55,0.5691101129963354,0
CB_IN_2026_01579,True,False,True,False,False,True,True,0.15,0.2196610947697118,0
CB_IN_2026_02274,True,True,True,False,True,True,True,0.85,0.8947241984782386,1
CB_IN_2026_06050,True,True,True,False,True,True,True,0.9,0.98,1
CB_IN_2026_07461,True,True,False,False,True,False,True,0.25,0.18268035517855374,0
CB_IN_2026_01148,True,False,True,False,False,False,True,0.75,0.6561693692198032,1
CB_IN_2026_01824,True,True,True,False,True,True,True,0.9,0.8786963554210306,1
CB_IN_2026_06948,True,True,False,False,False,True,False,0.08,0.03615211890256993,0
CB_IN_2026_02009,True,True,True,False,True,False,True,0.9,0.8721227314498854,1
CB_IN_2026_05567,True,True,False,False,True,True,False,0.85,0.7360279703827624,1
CB_IN_2026_04424,True,True,True,False,True,True,True,0.85,0.7947575177069118,1
CB_IN_2026_09141,False,True,True,False,True,True,True,0.9,0.9695650177990365,1
CB_IN_2026_09923,True,True,True,False,False,False,True,0.1,0.19430462517765662,0
CB_IN_2026_06041,True,False,True,False,True,False,True,0.75,0.7532675609152779,0
CB_IN_2026_09913,True,True,False,False,False,False,False,0.85,0.8250606306551092,1
CB_IN_2026_01528,False,True,False,False,False,False,True,0.3,0.28016231310858,0
CB_IN_2026_09240,True,True,True,False,False,False,True,0.92,0.9014859463719528,1
CB_IN_2026_02650,False,False,False,False,True,False,True,0.45,0.4675463998133863,1
CB_IN_2026_01798,True,True,False,False,True,False,False,0.08,0.02,0
CB_IN_2026_04100,True,False,True,False,True,False,True,0.92,0.9468217657469246,0
CB_IN_2026_02494,True,True,False,False,True,False,False,0.08,0.07332751801364018,0
CB_IN_2026_00053,True,False,True,False,True,False,True,0.1,0.11867508773869356,0
CB_IN_2026_06341,False,True,True,False,True,False,True,0.9,0.8132924191613656,1
CB_IN_2026_00961,True,True,True,False,True,False,True,0.3,0.291088926636522,0
CB_IN_2026_02057,True,False,True,True,False,False,True,0.1,0.09360368145375157,0
CB_IN_2026_06827,True,True,False,False,False,True,True,0.25,0.3572810283018019,1
CB_IN_2026_03168,True,True,True,False,False,False,True,0.3,0.25514371234351174,1
CB_IN_2026_02166,True,True,True,False,True,False,True,0.75,0.7522616924028452,1
CB_IN_2026_01095,True,True,False,False,False,False,True,0.85,0.8179760402139375,1
CB_IN_2026_00222,False,True,True,False,True,False,True,0.9,0.9376695916024979,1
CB_IN_2026_02921,True,True,True,False,True,True,True,0.55,0.6136170646415576,0
CB_IN_2026_01428,True,True,False,False,False,True,False,0.08,0.05655592830049516,1
CB_IN_2026_03822,True,True,True,False,False,True,True,0.12,0.11213349556311811,0
CB_IN_2026_04012,True,True,False,False,True,True,False,0.08,0.06969685657964786,0
CB_IN_2026_01142,False,True,True,False,True,False,True,0.55,0.4838881417791961,0
CB_IN_2026_07938,True,True,True,False,True,True,True,0.9,0.8729423274610139,1
CB_IN_2026_06152,True,True,True,False,True,False,True,0.3,0.22861472896996393,1
CB_IN_2026_01309,True,True,True,False,True,False,True,0.55,0.4485909968806666,1
CB_IN_2026_03842,True,False,False,False,True,False,False,0.08,0.10166451109694845,0
CB_IN_2026_00087,True,False,False,False,False,True,True,0.1,0.10259453360581061,0
CB_IN_2026_06924,False,False,True,False,False,False,True,0.45,0.4726680196221017,1
CB_IN_2026_00761,True,True,True,False,True,True,True,0.85,0.8959911894935119,1
CB_IN_2026_07883,True,True,True,False,True,False,True,0.92,0.8213139689449911,1
CB_IN_2026_05458,True,True,True,False,False,True,True,0.92,0.98,1
CB_IN_2026_00755,True,False,True,False,True,False,True,0.92,0.8753426938015503,1
CB_IN_2026_08601,True,True,True,False,True,False,True,0.3,0.36556258395245383,1
CB_IN_2026_03379,True,False,True,False,False,True,True,0.1,0.09217695991975677,0
CB_IN_2026_08490,True,False,True,False,True,False,True,0.75,0.670169804506656,1
CB_IN_2026_01119,True,True,True,False,True,False,True,0.85,0.7755542511527805,1
CB_IN_2026_00553,True,True,False,False,True,False,True,0.3,0.30810769358825935,0
CB_IN_2026_06321,True,True,False,False,False,True,True,0.88,0.8984022294999785,1
CB_IN_2026_05910,True,False,True,False,True,False,True,0.18,0.11472003890868404,0
CB_IN_2026_07369,True,False,False,False,True,True,False,0.08,0.10499652956597393,0
CB_IN_2026_05890,True,False,True,False,True,False,True,0.55,0.5668337028706817,0
CB_IN_2026_06594,False,False,True,False,True,False,True,0.05,0.02,0
CB_IN_2026_06282,True,True,True,False,True,False,True,0.9,0.8125504925848287,1
CB_IN_2026_03425,True,False,True,False,True,False,True,0.9,0.9565588867553411,0
CB_IN_2026_00127,True,False,True,False,True,False,True,0.9,0.9055042606642096,1
CB_IN_2026_00160,True,True,True,False,True,True,True,0.92,0.8869343623605542,1
CB_IN_2026_02545,True,True,False,False,True,False,False,0.08,0.02062603427183969,0
CB_IN_2026_03349,False,True,False,False,True,False,True,0.3,0.3312079204769808,0
CB_IN_2026_05239,True,True,False,False,False,False,False,0.08,0.1546516402043622,0
CB_IN_2026_07138,True,True,True,True,True,False,True,0.9,0.8346085101173863,1
CB_IN_2026_09463,False,True,True,False,True,False,True,0.05,0.12169734372653013,0
CB_IN_2026_06416,True,True,True,False,True,True,False,0.9,0.8603732631025387,0
CB_IN_2026_03651,True,True,True,False,True,True,True,0.55,0.47111122359312585,0
CB_IN_2026_03985,True,True,False,False,False,False,False,0.85,0.8429434659660077,0
CB_IN_2026_05780,True,True,False,False,False,False,False,0.08,0.02,0
CB_IN_2026_07391,True,False,True,False,True,False,False,0.75,0.74078367447445,0
CB_IN_2026_09772,True,True,False,False,True,True,False,0.08,0.10123425919535348,0
CB_IN_2026_03428,True,False,True,False,True,False,True,0.55,0.5623416253026909,1
CB_IN_2026_05741,False,True,False,False,False,False,True,0.1,0.02,0
CB_IN_2026_04103,True,False,True,False,True,False,True,0.1,0.02478533864913196,0
CB_IN_2026_02244,True,True,True,False,False,True,False,0.08,0.2155801823092095,0
CB_IN_2026_06115,True,True,False,True,True,False,True,0.75,0.7989189571646135,0
CB_IN_2026_04058,True,True,True,False,True,False,True,0.85,0.7577959284707525,0
CB_IN_2026_04841,True,True,True,False,False,True,True,0.85,0.8322393716519307,1
CB_IN_2026_05475,True,True,False,False,True,False,False,0.08,0.02,0
CB_IN_2026_03445,True,True,True,False,True,True,True,0.2,0.16861351825985868,0
CB_IN_2026_00192,True,True,True,False,True,False,True,0.55,0.6309538092410149,1
CB_IN_2026_07181,True,False,True,False,True,False,True,0.92,0.886084087060111,1
CB_IN_2026_04286,True,True,False,False,True,False,False,0.08,0.03702361922037935,0
CB_IN_2026_07586,True,False,False,False,True,False,True,0.92,0.9205243022326881,1
CB_IN_2026_01257,True,False,True,False,False,False,True,0.45,0.4553326422499152,0
CB_IN_2026_01651,True,True,False,False,False,True,False,0.92,0.8786826839158942,1
CB_IN_2026_09633,False,True,True,False,True,False,True,0.3,0.4413068675391473,0
CB_IN_2026_00693,True,False,True,False,True,False,False,0.08,0.06888585583413011,0
CB_IN_2026_03123,True,False,True,False,True,False,True,0.3,0.3183527926825032,1
CB_IN_2026_06822,False,True,True,False,True,False,True,0.55,0.46079454131108055,0
CB_IN_2026_05438,True,True,True,False,False,True,True,0.1,0.04970926279231531,0
CB_IN_2026_06056,True,True,True,False,False,False,True,0.85,0.7657116304109436,0
CB_IN_2026_04894,True,False,True,False,False,False,True,0.55,0.6067159556554671,1
CB_IN_2026_08276,True,True,True,False,True,True,True,0.55,0.5543168641740345,0
CB_IN_2026_01199,False,False,False,False,True,True,False,0.88,0.8863371815191702,1
CB_IN_2026_07505,True,False,True,False,False,True,True,0.92,0.9321180505657533,1
CB_IN_2026_03337,True,True,True,False,True,True,True,0.85,0.9150628920134233,1
CB_IN_2026_03512,False,True,False,False,True,False,True,0.9,0.8569124859612733,1
CB_IN_2026_04602,True,False,False,False,True,False,False,0.08,0.031138899142864745,0
CB_IN_2026_03874,False,True,False,False,True,True,False,0.85,0.814722167050371,1
CB_IN_2026_06636,True,True,True,False,True,False,True,0.9,0.8522062923313775,1
CB_IN_2026_03464,True,True,True,False,False,False,True,0.92,0.9714592247403747,1
CB_IN_2026_09067,True,False,False,True,False,False,False,0.03,0.02,0
CB_IN_2026_03848,True,True,True,False,True,True,True,0.92,0.9386193756512203,1
CB_IN_2026_04078,True,True,True,False,True,True,True,0.85,0.8706590229317304,1
CB_IN_2026_00293,True,False,True,False,True,True,True,0.92,0.9179406343027666,1
CB_IN_2026_03688,True,True,True,False,True,True,True,0.85,0.9047698879108672,0
CB_IN_2026_09905,True,False,False,False,True,False,False,0.1,0.1386033546428876,0
CB_IN_2026_01429,True,True,True,False,True,False,True,0.85,0.7461603615730927,1
CB_IN_2026_02518,False,True,False,False,False,False,False,0.85,0.8846838324771947,1
CB_IN_2026_00809,True,True,True,False,True,False,True,0.3,0.2974512064421849,1
CB_IN_2026_05234,True,True,False,False,True,False,False,0.03,0.051462921927586634,0
CB_IN_2026_01581,True,False,True,True,True,False,False,0.03,0.02,0
CB_IN_2026_05407,False,True,True,False,True,False,True,0.85,0.7528812788805518,1
CB_IN_2026_02112,False,True,False,False,True,False,False,0.08,0.02,0
CB_IN_2026_08587,True,False,True,False,True,True,True,0.92,0.98,1
CB_IN_2026_07243,True,True,False,False,False,True,False,0.08,0.11236754138874486,0
CB_IN_2026_01377,True,False,True,False,False,True,True,0.1,0.1561316060406155,0
CB_IN_2026_08334,True,False,True,False,True,False,True,0.45,0.4797856680583773,0
CB_IN_2026_03865,True,True,True,False,True,True,True,0.92,0.98,1
CB_IN_2026_06307,True,False,True,False,True,False,True,0.55,0.5766803921651568,1
CB_IN_2026_09882,True,True,False,False,True,True,False,0.9,0.9628439114086064,1
CB_IN_2026_06434,True,True,True,False,False,True,True,0.85,0.8465730844584032,0
CB_IN_2026_08235,True,True,True,False,False,True,True,0.1,0.16696817744259712,0
CB_IN_2026_01228,False,True,True,False,True,False,False,0.08,0.02,0
CB_IN_2026_04769,True,False,True,False,True,True,True,0.55,0.6115326012216905,1
CB_IN_2026_09847,True,True,True,False,False,False,True,0.25,0.2583236919351499,0
CB_IN_2026_02839,True,True,True,False,True,False,True,0.55,0.5557437598233708,1
CB_IN_2026_06971,True,True,True,False,True,True,True,0.9,0.8655128079738801,1
CB_IN_2026_06270,True,False,True,False,True,False,True,0.1,0.12853145626043402,0
CB_IN_2026_00570,True,True,True,False,False,False,True,0.92,0.9112845634764943,1
CB_IN_2026_05809,True,True,True,False,True,True,True,0.55,0.5730363336943218,0
CB_IN_2026_04089,True,True,True,False,True,False,True,0.3,0.2430489385073286,0
CB_IN_2026_00722,True,True,True,False,True,False,True,0.3,0.24078072438195666,1
CB_IN_2026_01901,True,True,True,False,False,False,True,0.12,0.07754056084403603,0
CB_IN_2026_02414,True,True,False,False,False,True,False,0.08,0.021874669796441724,0
CB_IN_2026_06360,True,True,True,False,False,True,True,0.85,0.7720975617761359,0
CB_IN_2026_02068,False,False,True,True,True,True,True,0.75,0.7443115725640935,1
CB_IN_2026_01592,True,False,True,False,False,True,True,0.45,0.38069683310790425,1
CB_IN_2026_06342,True,False,True,False,True,True,True,0.9,0.8640330643398283,1
CB_IN_2026_01441,True,False,True,False,True,False,True,0.3,0.13437552824974489,0
CB_IN_2026_07323,True,True,False,False,True,False,False,0.08,0.02,0
CB_IN_2026_08834,False,False,False,False,True,False,True,0.3,0.2772843463595474,1
CB_IN_2026_07965,False,False,False,False,True,True,True,0.9,0.8186950754847027,0
CB_IN_2026_03421,True,True,False,False,False,False,True,0.25,0.28104187326817387,0
CB_IN_2026_08421,True,True,True,False,True,False,True,0.55,0.6102370066823299,1
CB_IN_2026_08757,True,True,False,False,True,False,False,0.08,0.19459451774870096,0
CB_IN_2026_03111,True,False,True,False,True,False,True,0.3,0.30807466399141054,0
CB_IN_2026_09561,True,False,False,False,True,False,False,0.08,0.054459345576298876,0
CB_IN_2026_08853,True,False,True,False,True,False,True,0.1,0.02,0
CB_IN_2026_08576,True,True,True,False,False,True,True,0.92,0.9584684976239568,1
CB_IN_2026_06921,True,False,True,False,True,False,True,0.55,0.6760466601012581,0
CB_IN_2026_01218,True,True,False,False,True,False,True,0.85,0.8983191485266758,1
CB_IN_2026_02795,True,False,True,False,True,False,True,0.18,0.18381499458979184,0
CB_IN_2026_09780,True,False,True,False,False,True,True,0.55,0.6198070335703741,1
CB_IN_2026_02801,True,False,False,False,True,False,False,0.08,0.1731569393697957,1
CB_IN_2026_00458,False,False,False,False,True,True,False,0.08,0.09386177977230788,0
CB_IN_2026_09262,False,True,False,False,True,True,False,0.08,0.08302154795446844,0
CB_IN_2026_01151,True,False,True,False,True,True,True,0.92,0.9703109171451991,1
CB_IN_2026_09974,True,True,True,False,True,False,True,0.9,0.785170325862294,1
CB_IN_2026_00274,True,True,False,False,True,False,True,0.18,0.23076657038466375,0
CB_IN_2026_04749,False,False,True,False,False,True,True,0.12,0.205206332778678,0
CB_IN_2026_08451,False,False,True,False,True,False,True,0.3,0.1932793617183151,0
CB_IN_2026_05586,True,True,True,False,True,True,True,0.55,0.6421017046796307,1
CB_IN_2026_08372,True,True,True,False,True,False,True,0.92,0.9425440640674325,1
CB_IN_2026_04510,True,False,True,False,True,False,True,0.18,0.15720273794170547,1
CB_IN_2026_07409,True,True,True,True,True,False,True,0.85,0.98,1
CB_IN_2026_02163,False,True,False,False,True,False,False,0.08,0.02,0
CB_IN_2026_09898,True,True,True,False,True,True,True,0.88,0.9191241170929589,1
CB_IN_2026_06936,True,True,True,False,True,True,False,0.08,0.1934212557140937,0
CB_IN_2026_08775,True,False,True,False,False,True,True,0.1,0.11898875121932367,0
CB_IN_2026_05276,True,True,True,False,False,True,True,0.85,0.9695214733829012,1
CB_IN_2026_09937,True,True,True,False,False,True,True,0.15,0.16867274722441578,0
CB_IN_2026_04273,True,True,True,False,True,False,True,0.85,0.7920457609883381,0
CB_IN_2026_08309,False,True,True,False,True,True,True,0.85,0.8776699326844848,1
CB_IN_2026_02179,True,True,False,False,True,False,False,0.08,0.1226971311382696,0
CB_IN_2026_01376,True,True,True,False,False,True,True,0.1,0.02,0
CB_IN_2026_04470,True,False,True,False,True,True,True,0.75,0.7668708017863648,0
CB_IN_2026_01594,False,False,True,False,True,True,True,0.75,0.7699377778315608,1
CB_IN_2026_09209,True,False,False,False,False,True,True,0.88,0.9327462097753162,1
CB_IN_2026_08819,True,True,True,False,True,True,True,0.03,0.02,0
CB_IN_2026_06302,False,True,True,False,True,False,True,0.85,0.7960092662052138,1
CB_IN_2026_06549,True,True,False,False,True,False,False,0.08,0.02,0
CB_IN_2026_09590,True,False,True,False,True,True,True,0.9,0.8857867617533661,1
CB_IN_2026_02129,True,True,True,False,False,False,True,0.85,0.9015373212783747,1
CB_IN_2026_00719,True,True,False,False,False,True,False,0.08,0.07874943740895622,1
CB_IN_2026_09314,False,True,True,False,True,False,True,0.85,0.7932961058489959,1
CB_IN_2026_08702,True,True,True,False,False,True,True,0.85,0.881704271733402,1
CB_IN_2026_03893,True,True,True,False,False,False,True,0.18,0.10902750700142752,0
CB_IN_2026_00049,True,True,True,False,True,False,True,0.9,0.9251719808260848,0
CB_IN_2026_02217,True,False,True,False,True,True,True,0.92,0.940488947313033,1
CB_IN_2026_08218,True,True,True,False,True,False,True,0.55,0.4952085628051035,1
CB_IN_2026_05639,True,False,True,False,True,False,True,0.9,0.8750085616566229,1
CB_IN_2026_01239,False,True,True,False,True,False,False,0.08,0.15641516145866763,0
CB_IN_2026_09408,True,False,True,False,True,True,True,0.92,0.9257774205039276,1
CB_IN_2026_04207,False,False,True,False,True,False,True,0.75,0.6795827278313179,1
CB_IN_2026_00996,False,False,True,False,False,True,True,0.88,0.9604833907235404,1
CB_IN_2026_07968,True,False,False,False,True,False,True,0.1,0.16884029349243482,0
CB_IN_2026_07125,True,True,True,False,True,False,True,0.3,0.303181354448207,0
CB_IN_2026_03708,True,True,True,False,True,False,True,0.9,0.823531269512617,1
CB_IN_2026_00958,True,False,False,False,True,False,True,0.3,0.19316503310818445,0
CB_IN_2026_07587,True,False,False,False,True,False,False,0.3,0.2666433069645036,0
CB_IN_2026_06053,True,False,True,False,False,True,True,0.1,0.10294090350259238,0
CB_IN_2026_05562,True,False,False,False,True,False,True,0.9,0.98,1
CB_IN_2026_04218,False,True,False,False,True,False,False,0.08,0.10548666836110068,0
CB_IN_2026_09776,True,True,True,False,True,False,True,0.85,0.8218236892915933,0
CB_IN_2026_03208,True,False,False,False,False,False,False,0.08,0.07116223173362922,0
CB_IN_2026_09406,False,False,False,False,False,False,False,0.08,0.02,0
CB_IN_2026_05142,True,True,True,False,True,False,True,0.9,0.98,1
CB_IN_2026_09815,True,False,False,False,True,True,False,0.1,0.02,0
CB_IN_2026_02810,True,True,True,False,False,False,True,0.85,0.8533916051463697,1
CB_IN_2026_01292,True,True,True,False,True,False,True,0.3,0.18977237539506892,1
CB_IN_2026_04392,True,False,False,False,True,True,False,0.08,0.23673323855316253,0
CB_IN_2026_05030,True,True,True,False,True,False,True,0.92,0.9132813431031487,1
CB_IN_2026_08000,True,True,False,False,True,False,False,0.92,0.9605548655287324,1
CB_IN_2026_08283,True,True,True,False,True,False,True,0.85,0.9503940204043422,1
CB_IN_2026_07427,True,False,False,False,True,True,False,0.08,0.037684414585461914,0
CB_IN_2026_07354,True,True,False,False,True,False,False,0.08,0.02,0
CB_IN_2026_09773,True,True,True,False,True,False,True,0.9,0.8597410340163287,1
CB_IN_2026_05767,True,True,True,False,True,False,True,0.92,0.8811568970180388,1
CB_IN_2026_00446,True,True,False,False,True,True,True,0.85,0.8013962497378724,1
CB_IN_2026_06849,True,True,True,False,False,False,True,0.85,0.900159573109343,1
CB_IN_2026_06817,True,False,False,False,True,False,True,0.25,0.16001921237287797,0
CB_IN_2026_05792,False,True,True,False,True,False,False,0.08,0.05363846823532917,0
CB_IN_2026_08370,True,False,False,False,True,True,False,0.92,0.9453677664744302,0
CB_IN_2026_01298,True,True,True,False,True,False,True,0.92,0.9327730184268562,1
CB_IN_2026_01422,True,False,False,False,True,False,True,0.18,0.2853513325929556,0
CB_IN_2026_09060,True,True,True,False,False,False,True,0.92,0.8456132020544169,0
CB_IN_2026_08532,True,True,True,False,False,False,True,0.85,0.8410704547193892,1
CB_IN_2026_04343,True,False,True,False,True,True,True,0.88,0.98,1
CB_IN_2026_07619,True,True,True,False,True,False,True,0.55,0.6721819809597436,1
CB_IN_2026_00785,True,True,False,False,True,True,True,0.25,0.343086689564864,0
CB_IN_2026_06116,True,False,True,False,True,False,True,0.18,0.2195401162090002,1
CB_IN_2026_07580,True,True,True,False,True,False,True,0.3,0.27057400760299344,0
CB_IN_2026_07972,True,True,False,False,True,False,False,0.08,0.16202268639455786,0
CB_IN_2026_03006,False,True,True,False,True,False,True,0.9,0.9427079239293609,1
CB_IN_2026_05487,True,True,False,False,False,False,False,0.08,0.041209300218780255,0
CB_IN_2026_02588,True,True,True,False,True,True,True,0.88,0.98,1
CB_IN_2026_08717,False,True,True,False,True,False,True,0.55,0.5322332192255521,1
CB_IN_2026_08948,True,True,False,False,True,True,True,0.92,0.98,1
CB_IN_2026_07046,True,True,False,False,True,True,False,0.92,0.98,1
CB_IN_2026_07197,True,False,True,False,True,False,True,0.3,0.3009926757442578,1
CB_IN_2026_07859,True,False,False,False,True,False,False,0.3,0.19345839623595287,0
CB_IN_2026_00576,True,True,True,False,True,False,True,0.9,0.9273322147716893,1
CB_IN_2026_09507,True,False,True,False,False,False,True,0.75,0.7367318653287933,0
CB_IN_2026_05891,True,True,True,False,True,True,True,0.92,0.9538442127863688,1
CB_IN_2026_08038,True,True,False,False,True,False,True,0.9,0.8453963759469255,1
CB_IN_2026_07277,True,True,False,False,True,False,False,0.9,0.8838344687337163,1
CB_IN_2026_05844,True,True,False,False,True,False,False,0.08,0.14390304542915508,0
CB_IN_2026_06560,True,False,False,False,True,True,False,0.08,0.02,0
CB_IN_2026_07787,True,False,True,False,True,False,True,0.92,0.98,1
CB_IN_2026_05136,True,True,True,False,False,True,True,0.55,0.7155165284205158,1
CB_IN_2026_04572,True,True,True,False,True,False,True,0.3,0.27433451620411975,0
CB_IN_2026_02355,True,False,False,False,True,False,True,0.25,0.23485449316116266,0
CB_IN_2026_05173,True,True,False,False,True,False,True,0.85,0.8461315465598949,0
CB_IN_2026_02475,True,True,False,False,True,True,False,0.85,0.929424345052315,1
CB_IN_2026_04250,True,False,False,False,True,False,False,0.08,0.10886096727694429,0
CB_IN_2026_00115,True,True,False,False,True,False,False,0.08,0.12173328112060172,0
CB_IN_2026_08303,True,False,True,False,False,False,True,0.75,0.7414317665757705,0
CB_IN_2026_09058,True,True,False,False,True,False,False,0.08,0.02623634530588191,0
CB_IN_2026_06007,True,True,False,False,True,False,False,0.08,0.06613815363693575,0
CB_IN_2026_06555,False,True,True,False,True,False,True,0.85,0.8354196911612203,0
CB_IN_2026_06008,True,False,True,False,True,False,True,0.3,0.3345254184031707,0
CB_IN_2026_02404,False,False,False,False,True,True,False,0.9,0.8960829791506171,1
CB_IN_2026_00183,True,True,True,False,False,False,True,0.85,0.8866719860700853,1
CB_IN_2026_01180,True,False,True,False,True,False,True,0.9,0.8477414447493596,1
CB_IN_2026_05619,False,True,True,False,True,False,True,0.85,0.8585016086317989,1
CB_IN_2026_05613,False,False,True,False,True,False,True,0.45,0.5029997311575748,1
CB_IN_2026_09517,True,True,True,False,True,True,True,0.25,0.29196855397022053,0
CB_IN_2026_01269,True,True,True,False,True,True,True,0.55,0.5501166681817379,0
CB_IN_2026_07963,True,False,True,False,False,True,True,0.45,0.4924348976769989,0
CB_IN_2026_06806,True,True,True,False,False,False,True,0.85,0.8637441847021933,1
CB_IN_2026_07342,True,True,True,False,True,True,True,0.9,0.8652685320373337,0
CB_IN_2026_06800,False,True,True,False,True,False,True,0.3,0.3105907755316033,0
CB_IN_2026_06042,True,False,False,False,True,True,False,0.08,0.02,0
CB_IN_2026_03040,True,True,True,False,True,False,True,0.85,0.8427902834123621,1
CB_IN_2026_06616,True,True,True,False,True,False,False,0.03,0.02,0
CB_IN_2026_05763,False,False,False,False,False,False,True,0.25,0.2076908077465936,0
CB_IN_2026_07472,True,True,True,False,True,False,True,0.85,0.7684535052633481,1
CB_IN_2026_06816,False,True,False,False,True,False,False,0.85,0.89843811699592,1
CB_IN_2026_02764,True,False,False,False,True,False,False,0.9,0.98,1
CB_IN_2026_07332,False,True,True,False,True,False,True,0.55,0.3643117744993212,0
CB_IN_2026_06448,True,False,True,False,True,False,True,0.75,0.8395483792335616,1
CB_IN_2026_03242,True,True,True,False,True,False,True,0.55,0.5800587703979003,0
CB_IN_2026_00374,True,True,True,False,True,False,True,0.9,0.98,1
CB_IN_2026_01559,False,True,True,False,False,False,True,0.15,0.27698412426512353,1
CB_IN_2026_07331,True,False,True,False,True,False,True,0.92,0.9234473132398835,1
CB_IN_2026_08239,True,False,False,False,True,True,False,0.1,0.02,0
CB_IN_2026_05485,True,False,False,False,True,False,True,0.9,0.9479320460507547,1
CB_IN_2026_08479,False,True,False,False,False,False,True,0.3,0.39105879183415315,0
CB_IN_2026_02418,True,True,True,False,False,False,False,0.15,0.18594201974658625,0
CB_IN_2026_00757,True,True,True,True,True,False,True,0.9,0.9324604851957196,1
CB_IN_2026_05364,True,True,True,False,True,False,True,0.9,0.8609117792811103,1
CB_IN_2026_00789,True,True,True,False,True,False,True,0.85,0.7865475903830996,1
CB_IN_2026_05837,True,True,True,False,False,True,True,0.92,0.98,1
CB_IN_2026_06231,True,False,False,False,True,False,False,0.08,0.1004737782277624,0
CB_IN_2026_05027,True,False,True,False,True,False,True,0.92,0.8878294746383424,1
CB_IN_2026_05646,True,False,True,False,True,False,True,0.9,0.8171158375435442,0
CB_IN_2026_09470,True,True,True,False,True,True,True,0.55,0.653537781147111,0
CB_IN_2026_09341,True,True,True,False,False,False,True,0.92,0.98,1
CB_IN_2026_00143,True,True,False,False,True,False,True,0.85,0.8910003840953955,0
CB_IN_2026_06654,True,False,True,False,True,True,True,0.2,0.2720548707732387,0
CB_IN_2026_01926,True,True,True,False,False,True,True,0.55,0.4534187055998102,0
CB_IN_2026_08763,True,True,True,False,True,False,True,0.85,0.855821231992869,1
CB_IN_2026_07989,True,False,False,False,True,True,False,0.08,0.12443589268687576,1
CB_IN_2026_01047,True,False,True,False,False,False,True,0.1,0.15055451034474426,0
CB_IN_2026_06198,True,False,True,False,True,True,True,0.92,0.8816208111940508,1
CB_IN_2026_04523,True,True,False,False,False,True,False,0.08,0.05230363665765416,0
CB_IN_2026_08855,True,False,True,False,True,True,True,0.9,0.8855023818459963,1
CB_IN_2026_01535,False,False,True,False,True,False,True,0.75,0.8259086548779987,1
CB_IN_2026_08058,True,False,True,False,True,True,True,0.45,0.3846716800762784,0
CB_IN_2026_02586,True,True,True,False,True,True,True,0.55,0.5170864827905332,1
CB_IN_2026_04721,True,True,True,False,False,False,True,0.55,0.48221984842413845,0
CB_IN_2026_08632,False,False,False,False,False,True,False,0.1,0.06955261075413652,0
CB_IN_2026_08525,True,True,True,False,True,False,True,0.2,0.13926354487896636,0
CB_IN_2026_08014,True,True,True,False,False,False,True,0.55,0.5737809845389542,0
CB_IN_2026_02856,True,False,True,False,True,False,True,0.9,0.9337916488514231,1
CB_IN_2026_07599,False,True,True,False,False,False,True,0.1,0.200652231615271,0
CB_IN_2026_07286,True,True,True,False,False,False,True,0.92,0.9671569272321009,1
CB_IN_2026_06226,True,True,True,False,True,False,True,0.55,0.6486480009744482,0
CB_IN_2026_05795,True,True,False,False,True,False,True,0.25,0.06715181015221278,0
CB_IN_2026_03317,True,True,True,False,True,False,True,0.85,0.7489899849535904,1
CB_IN_2026_01875,True,True,True,False,False,True,True,0.88,0.8342054762712275,1
CB_IN_2026_03755,True,False,True,False,False,True,True,0.92,0.8314916952909401,1
CB_IN_2026_00430,True,False,False,False,True,False,False,0.08,0.02,1
CB_IN_2026_07942,True,False,True,False,False,False,True,0.92,0.9055068916171375,1
CB_IN_2026_08880,False,True,True,True,True,True,True,0.03,0.02,0
CB_IN_2026_08080,False,True,True,False,True,False,True,0.85,0.8686339236733479,1
CB_IN_2026_04317,True,True,False,True,True,True,False,0.03,0.02,0
CB_IN_2026_07624,True,False,False,False,True,True,False,0.92,0.9122377958344842,1
CB_IN_2026_00771,True,False,True,False,True,False,True,0.92,0.938601815694616,1
CB_IN_2026_08443,False,True,False,False,True,False,False,0.08,0.10946312610744541,0
CB_IN_2026_03785,True,True,True,False,False,False,True,0.55,0.41694607965303243,1
CB_IN_2026_05405,True,False,False,False,True,False,False,0.08,0.046448490341844964,0
CB_IN_2026_00813,True,False,True,False,False,True,True,0.15,0.33833771668785667,0
CB_IN_2026_08448,True,True,True,False,True,False,True,0.55,0.6825283028997063,0
CB_IN_2026_05372,True,True,False,False,True,False,False,0.92,0.9144749721601427,1
CB_IN_2026_03573,True,False,False,False,False,False,False,0.3,0.2761446038922512,0
CB_IN_2026_06887,True,True,True,False,True,True,True,0.92,0.873745230413791,1
CB_IN_2026_06888,True,True,False,False,False,False,False,0.08,0.027727308879670405,0
CB_IN_2026_01993,True,True,True,False,True,True,True,0.55,0.569122880763805,0
CB_IN_2026_09972,True,False,True,False,True,False,True,0.3,0.1530784702024521,0
CB_IN_2026_09452,True,False,True,False,False,False,True,0.1,0.06762548572622679,0
CB_IN_2026_01689,True,True,False,False,True,False,True,0.92,0.8015489700070436,1
CB_IN_2026_07272,True,True,True,False,True,True,True,0.92,0.9292713586947735,1
CB_IN_2026_07365,True,True,True,False,True,True,True,0.9,0.8805605338552418,1
CB_IN_2026_00442,True,False,True,False,True,True,True,0.75,0.6996207721854089,1
CB_IN_2026_01828,True,True,False,False,False,True,True,0.03,0.02,0
CB_IN_2026_02481,True,False,True,False,True,False,True,0.75,0.7662645895264297,1
CB_IN_2026_06803,True,False,True,False,True,True,True,0.9,0.98,1
CB_IN_2026_06845,True,True,True,False,True,True,True,0.92,0.98,1
CB_IN_2026_00434,False,False,False,False,True,False,False,0.2,0.20825825787114166,0
CB_IN_2026_05775,True,True,True,False,True,False,True,0.92,0.8516079192050603,1
CB_IN_2026_04127,True,True,False,False,False,False,False,0.08,0.15823251587296505,0
CB_IN_2026_01983,True,True,True,False,True,False,True,0.55,0.5875581811758158,0
CB_IN_2026_05492,True,True,True,False,True,False,True,0.3,0.34995213199168557,0
CB_IN_2026_02032,True,True,False,False,True,True,False,0.9,0.9077021883496962,1
CB_IN_2026_08036,True,True,True,False,True,False,True,0.85,0.8312496875381803,1
CB_IN_2026_08650,False,True,True,False,True,False,True,0.85,0.9106328411771105,1
CB_IN_2026_00214,True,True,True,False,True,False,True,0.2,0.15241101583656283,0
CB_IN_2026_01184,False,True,True,False,True,False,True,0.05,0.02,0
CB_IN_2026_02561,True,False,False,False,True,False,False,0.08,0.12353848192070388,0
CB_IN_2026_08101,True,False,True,False,True,False,True,0.3,0.3519698862332029,0
CB_IN_2026_06174,True,True,True,False,True,True,True,0.9,0.968940859643411,1
CB_IN_2026_09699,False,True,False,False,True,True,False,0.05,0.02,0
CB_IN_2026_02789,True,True,True,False,True,False,True,0.85,0.8801404142742383,1
CB_IN_2026_07469,True,True,True,False,True,True,True,0.85,0.6823161185156408,0
CB_IN_2026_04850,True,True,False,False,True,True,True,0.9,0.9524388811997017,1
CB_IN_2026_07401,True,False,True,False,True,True,True,0.9,0.8303730072915539,1
CB_IN_2026_04593,False,False,False,False,True,False,True,0.3,0.2136172172781936,0
CB_IN_2026_01012,True,True,True,False,True,True,True,0.9,0.98,1
CB_IN_2026_04823,True,True,False,False,False,True,False,0.08,0.09873103557854664,0
CB_IN_2026_09661,True,False,True,False,True,True,True,0.55,0.5833055044613611,0
CB_IN_2026_00426,True,True,True,False,False,True,True,0.85,0.7478983664327028,0
CB_IN_2026_00346,True,False,True,False,False,False,True,0.3,0.3529494083223237,0
CB_IN_2026_08623,False,True,True,False,False,True,True,0.92,0.8532337225906619,1
CB_IN_2026_00637,True,True,True,False,False,False,True,0.1,0.13845671117626102,0
CB_IN_2026_05352,True,True,False,False,True,False,False,0.92,0.98,1
CB_IN_2026_06566,True,True,True,False,False,False,True,0.3,0.25669906343160726,0
CB_IN_2026_03449,True,False,True,False,True,False,True,0.55,0.49993997176143956,0
CB_IN_2026_00650,True,True,True,False,True,False,True,0.18,0.09440456697645369,0
CB_IN_2026_01882,True,True,True,False,True,False,True,0.25,0.35203494783599776,1
CB_IN_2026_06522,True,True,True,False,True,False,True,0.9,0.837508038599198,1
CB_IN_2026_04163,True,False,False,False,True,False,False,0.08,0.025966425658498146,0
CB_IN_2026_06620,True,False,True,False,True,False,True,0.3,0.3941415864902195,1
CB_IN_2026_06534,True,True,True,False,True,False,True,0.85,0.7679663318728812,1
CB_IN_2026_05428,True,True,True,False,True,True,True,0.75,0.7174524042553824,1
CB_IN_2026_07298,True,True,True,False,True,False,True,0.92,0.98,1
CB_IN_2026_04194,True,True,True,False,True,True,False,0.08,0.050068635613879475,0
CB_IN_2026_01978,True,True,True,True,True,True,True,0.85,0.7536307491716578,1
CB_IN_2026_01412,True,False,True,False,True,False,True,0.55,0.6516901867138983,0
CB_IN_2026_09961,True,True,False,False,True,True,False,0.08,0.09878645221641418,0
CB_IN_2026_03311,True,False,True,False,True,False,True,0.1,0.17570789953226237,0
CB_IN_2026_03028,True,True,True,False,True,True,True,0.55,0.5195929395955979,1
CB_IN_2026_01463,True,False,False,False,True,False,False,0.45,0.4982063612774902,0
CB_IN_2026_02311,True,False,True,False,True,True,True,0.92,0.9228481384741837,1
CB_IN_2026_02138,True,True,True,False,True,True,True,0.55,0.510412208569886,0
CB_IN_2026_02874,False,True,False,False,True,False,True,0.18,0.1968572035179268,0
CB_IN_2026_01970,True,False,False,False,True,True,True,0.25,0.30469238966319034,0
CB_IN_2026_09799,True,True,False,False,True,False,True,0.85,0.8758044049749482,1
CB_IN_2026_03399,True,True,False,False,True,True,False,0.08,0.17104271679418198,0
CB_IN_2026_07206,True,False,True,False,True,False,True,0.3,0.3242500270042075,1
CB_IN_2026_01753,True,False,True,False,True,False,True,0.55,0.7126314111501976,1
CB_IN_2026_04340,True,True,True,False,True,False,True,0.85,0.7729584565852723,1
CB_IN_2026_08031,True,False,True,False,False,True,True,0.92,0.8787524627305612,1
CB_IN_2026_02106,True,True,True,False,True,False,True,0.9,0.8638261869124387,1
CB_IN_2026_00266,True,False,False,False,False,False,False,0.1,0.14793212364373967,0
CB_IN_2026_09863,True,False,True,False,True,False,True,0.9,0.9544406305259571,1
CB_IN_2026_07127,True,True,False,False,True,True,True,0.85,0.9507278333327358,1
CB_IN_2026_08155,True,True,True,False,True,True,True,0.85,0.7162348422837775,1
CB_IN_2026_09407,True,True,False,False,False,True,True,0.85,0.854947738012894,0
CB_IN_2026_08066,True,True,True,False,True,True,True,0.55,0.5471285062383523,0
CB_IN_2026_03215,True,False,True,False,False,False,True,0.1,0.08522577130794322,0
CB_IN_2026_04571,True,True,True,False,True,False,True,0.18,0.2066577323735234,0
CB_IN_2026_07545,True,True,True,False,True,False,True,0.9,0.9549891137601884,1
CB_IN_2026_00677,True,True,False,False,False,True,True,0.92,0.9224805191824709,1
CB_IN_2026_07801,True,False,True,False,False,True,True,0.88,0.9665539139802796,1
CB_IN_2026_01722,True,True,True,False,True,False,True,0.3,0.4102549393610023,0
CB_IN_2026_03096,True,False,False,False,False,False,False,0.08,0.16486495399577494,0
CB_IN_2026_07066,True,True,True,False,True,False,True,0.3,0.28286684948111823,0
CB_IN_2026_09632,False,True,True,False,True,False,False,0.18,0.08684431360045752,0
CB_IN_2026_07509,True,False,True,False,True,False,True,0.2,0.19071413286051067,0
CB_IN_2026_00949,True,True,False,False,False,False,False,0.12,0.2045729614859217,0
CB_IN_2026_03257,True,True,True,False,True,False,True,0.85,0.868432987161663,1
CB_IN_2026_02896,True,True,False,False,False,False,False,0.3,0.35522106292477573,0
CB_IN_2026_05707,True,True,False,False,False,True,False,0.08,0.08073972160490607,0
CB_IN_2026_02417,True,True,True,False,True,False,True,0.3,0.2630267175289848,0
CB_IN_2026_06622,False,True,True,False,False,False,True,0.85,0.8550729196211762,1
CB_IN_2026_08025,False,False,False,False,True,False,True,0.75,0.8068656955783734,1
CB_IN_2026_00467,True,False,True,False,True,False,True,0.1,0.02,0
CB_IN_2026_02384,True,False,True,False,True,False,True,0.45,0.34791562839101914,0
CB_IN_2026_01835,True,False,False,False,True,False,False,0.08,0.02,0
CB_IN_2026_03561,True,True,True,False,True,True,True,0.85,0.8148003673756431,0
CB_IN_2026_00210,True,False,True,False,True,False,True,0.9,0.98,1
CB_IN_2026_03393,True,False,False,False,True,True,True,0.75,0.72213058552255,1
CB_IN_2026_05020,True,True,False,False,True,False,False,0.08,0.09085058343677632,0
CB_IN_2026_04466,True,False,True,False,True,True,True,0.1,0.24018644829376065,0
CB_IN_2026_08738,False,True,True,False,False,False,True,0.18,0.11491958834366262,0
CB_IN_2026_04916,True,True,True,False,True,True,True,0.9,0.9274828799090956,1
CB_IN_2026_08326,True,True,True,False,True,False,True,0.3,0.3510102258289211,1
CB_IN_2026_01887,True,False,False,False,False,False,True,0.1,0.054691595881793814,0
CB_IN_2026_07064,True,False,True,False,True,True,True,0.9,0.9445755958857002,1
CB_IN_2026_05760,False,False,True,False,True,False,True,0.55,0.5687070024716611,1
CB_IN_2026_06525,True,True,True,False,True,False,True,0.92,0.9218834318968667,1
CB_IN_2026_01876,True,True,True,False,True,False,True,0.9,0.98,1
CB_IN_2026_08786,True,False,True,False,True,True,True,0.55,0.4675538299915659,0
CB_IN_2026_01299,True,True,False,False,True,True,True,0.25,0.2459741537570535,0
CB_IN_2026_04926,True,True,True,False,True,False,True,0.18,0.11293403452092174,0
CB_IN_2026_07428,True,True,True,False,True,False,True,0.9,0.8714346532579798,1
CB_IN_2026_08009,True,True,True,False,True,False,True,0.55,0.5485639286277955,1
CB_IN_2026_02165,True,True,True,False,False,False,True,0.92,0.98,1
CB_IN_2026_04722,True,True,True,False,True,True,True,0.85,0.98,1
CB_IN_2026_00541,True,True,True,False,True,True,True,0.92,0.9597686691802375,1
CB_IN_2026_06788,True,True,True,False,True,False,True,0.2,0.2912806530670887,0
CB_IN_2026_03000,True,True,True,False,True,True,True,0.9,0.8730203158010763,1
CB_IN_2026_05171,True,True,True,False,True,False,True,0.55,0.3852327502982484,0
CB_IN_2026_05351,True,True,False,False,True,False,False,0.3,0.30355326070634936,0
CB_IN_2026_05295,True,True,True,False,True,False,True,0.9,0.9364992722434163,1
CB_IN_2026_07684,True,True,True,False,True,False,True,0.3,0.39207433686701093,1
CB_IN_2026_00295,False,True,True,False,False,False,True,0.12,0.17327540967600744,0
CB_IN_2026_05805,True,True,False,False,False,True,False,0.08,0.2551928595545618,1
CB_IN_2026_07730,True,True,False,False,False,False,True,0.3,0.43557065646451576,1
CB_IN_2026_06323,True,True,True,False,True,False,True,0.9,0.8279634123380623,0
CB_IN_2026_00912,True,False,True,False,True,True,False,0.08,0.18562857823690826,0
CB_IN_2026_01786,False,True,True,False,True,False,True,0.75,0.757734118499621,0
CB_IN_2026_01020,True,True,True,False,True,True,True,0.9,0.9010268177580172,1
CB_IN_2026_00895,True,True,True,False,True,False,True,0.55,0.42541843724344597,0
CB_IN_2026_06227,True,True,True,False,True,True,True,0.75,0.7062434806881788,1
CB_IN_2026_07071,False,True,True,False,True,False,True,0.3,0.26900079038609037,0
CB_IN_2026_01544,True,True,True,False,True,False,True,0.85,0.8358343150500653,1
CB_IN_2026_09941,True,False,True,False,True,True,True,0.92,0.98,1
CB_IN_2026_03310,True,False,True,False,False,False,True,0.1,0.19046982141604824,0
CB_IN_2026_09674,True,False,True,False,False,False,True,0.55,0.4906065049410096,1
CB_IN_2026_08572,True,False,False,False,True,True,False,0.08,0.02,0
CB_IN_2026_02517,True,False,True,False,True,False,True,0.9,0.8496088671703037,0
CB_IN_2026_00613,False,True,True,False,True,False,True,0.85,0.8681429402979123,0
CB_IN_2026_05866,True,False,True,False,False,False,True,0.15,0.1861809558865187,0
CB_IN_2026_06276,True,True,False,False,False,True,False,0.08,0.18280593521145744,0
CB_IN_2026_02359,False,True,True,False,True,True,True,0.85,0.7564824917674182,1
CB_IN_2026_02080,True,False,True,False,True,False,True,0.3,0.33754712095556877,0
CB_IN_2026_03024,True,True,True,False,True,True,True,0.92,0.98,1
CB_IN_2026_04027,True,True,True,False,True,False,True,0.55,0.5569963750090527,0
CB_IN_2026_03332,True,True,True,False,True,False,True,0.3,0.29347536750629494,0
CB_IN_2026_06664,True,True,True,False,True,True,True,0.55,0.4989530789421482,0
CB_IN_2026_02267,True,True,True,False,True,False,True,0.85,0.7794316009289852,1
CB_IN_2026_08039,True,True,True,False,True,False,True,0.92,0.98,1
CB_IN_2026_00403,False,False,True,False,True,True,True,0.55,0.4357533405259985,1
CB_IN_2026_01617,True,True,True,False,False,True,False,0.08,0.02,0
CB_IN_2026_04660,True,True,True,False,True,False,True,0.9,0.9282260110691822,1
CB_IN_2026_09230,True,True,True,False,True,True,True,0.85,0.8491008130298668,1
CB_IN_2026_05472,True,True,True,False,True,False,True,0.92,0.9665356695813035,1
CB_IN_2026_04215,True,True,False,False,True,True,False,0.08,0.16729454228237356,0
CB_IN_2026_08318,True,False,True,False,True,False,True,0.92,0.9371778780752582,1
CB_IN_2026_06884,True,True,True,False,True,True,True,0.92,0.98,1
CB_IN_2026_04628,True,False,True,False,True,False,True,0.92,0.98,1
CB_IN_2026_03729,True,True,True,False,True,False,True,0.55,0.5581755788133448,0
CB_IN_2026_08422,True,False,True,False,True,False,True,0.3,0.36042513289032874,0
CB_IN_2026_06685,True,True,True,False,True,False,True,0.55,0.5285014355585644,1
CB_IN_2026_04692,True,True,True,False,False,True,True,0.15,0.14967970029384278,0
CB_IN_2026_07862,True,True,False,False,True,True,True,0.85,0.8618649506757214,1
CB_IN_2026_05994,True,False,True,False,True,False,True,0.18,0.08690205033637705,0
CB_IN_2026_00072,True,True,True,False,True,False,True,0.92,0.9235745123003528,1
CB_IN_2026_01255,True,True,True,False,True,True,True,0.88,0.9012166744764291,1
CB_IN_2026_00321,True,False,True,False,True,False,True,0.25,0.28295438720175753,1
CB_IN_2026_03002,True,True,True,False,True,True,True,0.88,0.8500513036147539,1
CB_IN_2026_05164,True,True,False,False,True,False,True,0.85,0.7745824588855206,1
CB_IN_2026_03007,True,True,True,False,False,True,True,0.12,0.1352329509729113,0
CB_IN_2026_07295,True,True,False,False,True,False,False,0.92,0.98,1
CB_IN_2026_03497,True,True,True,False,True,True,True,0.55,0.44282482889139885,0
CB_IN_2026_04145,True,True,True,False,True,False,True,0.92,0.9483950710673201,0
CB_IN_2026_05728,False,True,True,False,True,False,True,0.85,0.98,1
CB_IN_2026_05219,True,True,True,False,True,False,True,0.85,0.7806896615378103,0
CB_IN_2026_09911,True,False,True,False,True,False,True,0.55,0.521973289047371,1
CB_IN_2026_06027,True,False,True,False,True,True,True,0.9,0.795482965910389,0
CB_IN_2026_08820,False,True,True,False,True,False,True,0.18,0.16691705815417776,1
CB_IN_2026_06935,True,False,True,False,True,False,True,0.1,0.024610850599510514,0
CB_IN_2026_02798,True,True,False,False,False,False,True,0.92,0.9476502891750037,1
CB_IN_2026_04885,True,True,False,False,True,False,True,0.75,0.7815269757272565,1
CB_IN_2026_07346,True,False,True,False,True,False,True,0.1,0.02,0
CB_IN_2026_07106,True,False,True,False,True,False,True,0.9,0.9451418554220493,0
CB_IN_2026_00913,True,False,True,False,True,False,True,0.75,0.7823010523915056,1
CB_IN_2026_03032,True,False,True,False,True,False,True,0.1,0.10621853061927888,0
CB_IN_2026_00903,True,True,True,False,True,False,True,0.92,0.8827224253616156,1
CB_IN_2026_07386,True,False,True,False,False,True,True,0.92,0.8277214618896166,1
CB_IN_2026_00089,True,False,True,False,True,True,True,0.55,0.5510976276189139,0
CB_IN_2026_01061,True,False,False,False,False,False,False,0.08,0.04075481811744383,0
CB_IN_2026_08817,True,False,False,False,True,False,False,0.08,0.05986426548621068,0
CB_IN_2026_03709,True,True,True,False,True,False,False,0.9,0.8893225474129658,1
CB_IN_2026_00083,True,True,True,False,True,False,True,0.3,0.14543787432437452,0
CB_IN_2026_07884,True,True,True,False,True,False,True,0.25,0.23606482041459048,0
CB_IN_2026_06467,True,True,True,False,True,True,False,0.03,0.04953420651313577,0
CB_IN_2026_02157,True,True,True,False,True,False,True,0.55,0.6380538219165899,1
CB_IN_2026_08329,True,True,True,False,False,False,True,0.92,0.98,1
CB_IN_2026_05385,True,True,True,False,False,False,True,0.92,0.98,1
CB_IN_2026_05703,False,False,False,False,True,True,False,0.08,0.12651841898549104,0
CB_IN_2026_08434,True,True,True,False,False,False,True,0.1,0.1712743734749105,1
CB_IN_2026_05922,True,True,True,False,False,True,True,0.25,0.27280841469441086,1
CB_IN_2026_07146,True,False,True,False,True,False,True,0.9,0.8511035641319236,1
CB_IN_2026_02150,True,False,False,False,False,False,False,0.1,0.11123530825717402,0
CB_IN_2026_05701,True,True,False,False,True,True,True,0.25,0.20255430056916401,0
CB_IN_2026_07836,True,True,False,False,True,False,False,0.08,0.14083000512435898,1
CB_IN_2026_08380,True,True,True,False,True,True,True,0.25,0.2691078271986082,0
CB_IN_2026_02258,False,True,True,False,False,False,True,0.3,0.3630731603619427,0
CB_IN_2026_08021,True,True,False,False,False,False,False,0.08,0.02,0
CB_IN_2026_05090,False,True,False,False,True,True,False,0.08,0.16886968773642802,1
CB_IN_2026_07601,True,True,True,False,True,False,True,0.92,0.9536664148430242,1
CB_IN_2026_05399,True,True,True,False,True,False,True,0.92,0.98,1
CB_IN_2026_04652,True,True,True,False,True,True,True,0.85,0.8255521897117503,0
CB_IN_2026_08856,True,False,False,False,True,True,False,0.08,0.08559350929099752,0
CB_IN_2026_01103,True,False,True,False,True,False,True,0.45,0.5548539462729509,1
CB_IN_2026_09116,True,True,False,False,True,False,False,0.08,0.02,0
CB_IN_2026_09229,True,True,False,False,False,False,True,0.1,0.02,0
CB_IN_2026_05964,True,True,True,False,True,True,True,0.92,0.8081896078726721,1
CB_IN_2026_04395,True,True,True,False,True,False,True,0.3,0.35529938633206526,1
CB_IN_2026_08204,False,True,True,False,False,True,True,0.55,0.5120413561861921,0
CB_IN_2026_07410,True,False,False,False,True,False,False,0.08,0.06971509952961814,0
CB_IN_2026_09936,True,False,True,False,True,False,True,0.9,0.9059206561865638,1
CB_IN_2026_09026,True,False,False,False,True,False,False,0.03,0.09818793600147323,0
CB_IN_2026_04165,True,True,True,False,True,False,True,0.85,0.753132226531222,0
CB_IN_2026_08873,True,False,True,False,True,True,True,0.55,0.5820965843922861,0
CB_IN_2026_00663,True,False,False,False,True,False,False,0.1,0.17394374083108022,0
CB_IN_2026_02549,True,True,False,False,True,False,True,0.75,0.7187035421482414,1
CB_IN_2026_08540,False,True,True,False,True,False,True,0.9,0.9315630492418452,1
CB_IN_2026_06674,False,True,True,False,True,True,True,0.05,0.02,0
CB_IN_2026_09959,True,True,False,False,True,True,True,0.92,0.98,1
CB_IN_2026_00322,True,True,True,False,True,False,True,0.18,0.19210660851587114,0
CB_IN_2026_04031,True,True,True,False,True,False,True,0.9,0.7961258676485861,0
CB_IN_2026_02585,True,True,True,False,True,False,True,0.25,0.22272354435693067,0
CB_IN_2026_00425,True,True,True,False,True,False,True,0.9,0.8478859764102451,1
CB_IN_2026_08342,True,True,True,False,True,False,True,0.9,0.8210751632195219,0
CB_IN_2026_00350,False,True,True,False,True,False,True,0.3,0.3951169168341461,0
CB_IN_2026_08667,True,False,True,False,False,False,False,0.12,0.24714459664912747,0
CB_IN_2026_00379,True,True,True,False,True,True,True,0.9,0.8685715812348778,1
CB_IN_2026_02325,True,True,False,False,True,False,False,0.9,0.8737879422615183,1
CB_IN_2026_00779,True,False,False,False,True,False,False,0.08,0.18424791991558925,1
CB_IN_2026_00882,True,False,True,False,True,False,True,0.45,0.39913170606701937,0
CB_IN_2026_01968,True,True,True,False,False,False,True,0.55,0.6503605131076285,0
CB_IN_2026_04742,True,True,True,False,True,False,True,0.9,0.881167037170321,1
CB_IN_2026_02855,True,False,False,False,False,False,False,0.08,0.07918564342309561,0
CB_IN_2026_03434,True,True,True,False,True,False,True,0.85,0.8654440180689826,1
CB_IN_2026_03720,True,False,True,False,False,False,True,0.1,0.1404466761703182,0
CB_IN_2026_07597,True,True,False,False,True,False,False,0.08,0.1107368147464582,0
CB_IN_2026_01325,True,False,False,True,True,False,True,0.45,0.42637514601348786,0
CB_IN_2026_07244,True,True,True,False,True,True,True,0.92,0.9545179105178577,1
CB_IN_2026_02377,True,True,True,False,False,False,True,0.1,0.11792545595127849,0
CB_IN_2026_02351,True,True,True,False,True,False,True,0.75,0.7442466676594895,1
CB_IN_2026_05919,True,False,True,False,True,True,True,0.9,0.8994003864373865,1
CB_IN_2026_05051,True,True,True,False,True,True,True,0.9,0.9442299637225983,1
CB_IN_2026_07431,True,False,True,False,True,False,True,0.9,0.9030867188993611,1
CB_IN_2026_05924,True,True,False,False,True,True,False,0.03,0.05071965546417194,0
CB_IN_2026_06413,True,True,True,False,True,False,True,0.9,0.8955496484019662,1
CB_IN_2026_05576,True,True,False,False,True,False,False,0.85,0.9538113246176861,1
CB_IN_2026_02251,True,False,True,False,True,True,True,0.9,0.967949766355374,1
CB_IN_2026_01873,True,False,True,False,True,False,True,0.92,0.8966103020796317,1
CB_IN_2026_08936,True,True,True,False,True,True,True,0.9,0.98,1
CB_IN_2026_08136,True,True,True,False,False,True,True,0.75,0.8849944428552682,1
CB_IN_2026_01440,False,True,True,False,False,False,True,0.85,0.7804762564425164,1
CB_IN_2026_04659,True,True,True,False,True,False,True,0.9,0.9793615857087806,1
CB_IN_2026_09949,True,True,True,False,True,False,True,0.85,0.8178931561120123,1
CB_IN_2026_02915,True,True,True,False,True,True,True,0.92,0.894120844096466,0
CB_IN_2026_03673,True,True,True,False,True,False,False,0.85,0.8124185301389666,1
CB_IN_2026_08035,True,False,True,False,True,False,True,0.18,0.13899971463640742,0
CB_IN_2026_08315,True,True,True,False,True,False,True,0.9,0.8438127407982996,1
CB_IN_2026_09544,True,False,True,False,True,False,True,0.9,0.9041228968935812,1
CB_IN_2026_01027,False,True,True,False,False,False,True,0.85,0.98,1
CB_IN_2026_02942,True,True,False,False,True,False,False,0.03,0.02,0
CB_IN_2026_03212,False,False,False,False,True,False,True,0.25,0.1849807297755093,0
CB_IN_2026_09969,True,False,True,False,False,False,True,0.92,0.916291001702202,1
CB_IN_2026_04797,True,True,False,False,True,False,False,0.08,0.02,0
CB_IN_2026_07908,True,False,True,False,True,False,True,0.3,0.3813988219492372,0
CB_IN_2026_07577,True,True,False,False,True,False,False,0.08,0.07422552022988572,0
CB_IN_2026_03867,True,True,True,False,False,True,False,0.08,0.06594241000609727,0
CB_IN_2026_02008,True,True,False,False,True,True,False,0.85,0.8639262515378923,1
CB_IN_2026_00628,False,True,False,False,True,True,False,0.08,0.02,0
CB_IN_2026_00240,True,True,True,False,True,False,True,0.3,0.23761504819882429,0
CB_IN_2026_01946,True,False,True,False,True,False,True,0.1,0.15935287748521137,0
CB_IN_2026_01077,True,True,True,False,True,False,True,0.55,0.5118603464459649,0
CB_IN_2026_04048,True,True,True,False,True,True,True,0.88,0.9272571906262775,1
CB_IN_2026_06780,True,False,True,False,True,False,True,0.45,0.45038355576018174,1
CB_IN_2026_04214,True,True,True,False,True,True,True,0.85,0.8661847255580029,1
CB_IN_2026_01504,True,True,True,False,False,True,True,0.92,0.7819714849552051,1
CB_IN_2026_02086,True,False,True,False,False,True,True,0.92,0.8184696736881768,1
CB_IN_2026_03859,True,False,True,False,True,True,True,0.1,0.05557422240860133,1
CB_IN_2026_07422,True,False,True,False,True,False,True,0.1,0.10165851099530424,0
CB_IN_2026_05517,True,False,True,False,False,True,True,0.1,0.02,0
CB_IN_2026_08186,True,True,True,False,False,False,True,0.55,0.5639639079991966,0
CB_IN_2026_03851,True,False,True,False,True,False,True,0.3,0.30787899665036694,0
CB_IN_2026_09105,True,True,True,False,False,False,True,0.85,0.8672694385805516,1
CB_IN_2026_02513,False,True,True,False,True,True,True,0.92,0.98,1
CB_IN_2026_03486,True,False,True,False,True,True,True,0.92,0.8537038022814849,1
CB_IN_2026_04439,True,True,True,False,True,False,True,0.85,0.9438516489238389,1
CB_IN_2026_05041,True,True,True,False,True,False,True,0.55,0.5088647773572825,1
CB_IN_2026_08843,True,True,True,False,True,True,True,0.92,0.9619352358491237,1
CB_IN_2026_08913,True,False,True,False,True,False,True,0.92,0.9517887721155777,1
CB_IN_2026_08625,True,True,True,False,True,True,True,0.9,0.9589874052944204,1
CB_IN_2026_06348,True,False,True,False,False,True,True,0.92,0.9194339877152294,1
CB_IN_2026_05169,True,True,True,False,True,False,True,0.9,0.8533167126059353,1
CB_IN_2026_00600,True,False,True,False,True,False,True,0.25,0.31109661116853365,1
CB_IN_2026_02904,True,True,True,False,True,False,True,0.2,0.22210087357779953,0
CB_IN_2026_02013,True,False,True,False,False,False,True,0.15,0.28717302115373045,1
CB_IN_2026_07736,True,True,True,False,True,False,True,0.92,0.8998557808556793,1
CB_IN_2026_00599,True,False,True,False,True,False,True,0.45,0.44619666535213254,0
CB_IN_2026_02630,True,True,True,False,True,True,True,0.92,0.7783334222711135,1
CB_IN_2026_07005,True,False,True,False,True,True,True,0.75,0.7690555243583617,1
CB_IN_2026_04854,False,True,True,False,True,False,True,0.85,0.7855196279757647,0
CB_IN_2026_00111,True,False,False,False,True,False,False,0.08,0.12024552081255063,1
CB_IN_2026_03153,True,True,False,False,True,False,True,0.85,0.8552524043860161,0
CB_IN_2026_05909,True,True,False,False,True,True,False,0.08,0.0750576594310034,0
CB_IN_2026_08339,True,True,True,False,True,False,True,0.3,0.1717902158255644,0
CB_IN_2026_04472,True,False,False,False,True,True,False,0.08,0.1476693767656055,0
CB_IN_2026_06373,True,True,True,False,True,False,True,0.85,0.885631691943043,1
CB_IN_2026_03404,True,True,True,False,True,True,False,0.08,0.12408716800338493,1
CB_IN_2026_07988,True,True,True,False,False,False,True,0.1,0.11217626705219134,1
CB_IN_2026_00694,False,False,True,False,True,True,True,0.75,0.7823134990142518,0
CB_IN_2026_08648,True,False,False,False,True,True,False,0.08,0.05049641288203599,0
CB_IN_2026_00782,True,False,True,False,True,True,True,0.88,0.9043964327006391,1
CB_IN_2026_09764,True,False,True,False,True,False,True,0.1,0.1086481682247496,1
CB_IN_2026_05223,True,True,True,False,True,False,True,0.18,0.12348767229774775,1
CB_IN_2026_01607,True,False,False,False,True,True,False,0.08,0.2309027263819926,0
CB_IN_2026_09112,True,False,True,False,True,False,True,0.3,0.250838394358628,1
CB_IN_2026_01002,True,False,True,False,False,False,True,0.3,0.2546460792648161,1
CB_IN_2026_08752,False,False,True,False,False,True,True,0.1,0.1589444654583722,0
CB_IN_2026_04322,True,True,True,False,True,True,True,0.92,0.886459148581412,0
CB_IN_2026_06854,True,False,True,False,True,True,True,0.9,0.9273624310837277,1
CB_IN_2026_07129,True,False,True,False,True,False,True,0.9,0.98,1
CB_IN_2026_09732,True,True,True,False,False,False,True,0.3,0.3056154742183527,1
CB_IN_2026_09185,True,False,True,False,True,True,True,0.9,0.975814677945881,1
CB_IN_2026_05117,True,False,True,False,True,False,True,0.2,0.24923624610922834,0
CB_IN_2026_02286,True,False,True,False,False,False,True,0.1,0.14177747667739696,0
CB_IN_2026_04144,True,False,True,False,True,True,True,0.92,0.8396449332758767,1
CB_IN_2026_03354,True,False,True,False,False,True,True,0.55,0.5851420276351401,0
CB_IN_2026_08531,True,False,True,False,True,False,True,0.55,0.4785898898334987,0
CB_IN_2026_00016,True,True,True,True,True,False,True,0.03,0.09690122639529546,0
CB_IN_2026_06106,True,True,False,False,True,True,True,0.85,0.7427534709749982,0
CB_IN_2026_07455,True,True,True,False,True,False,True,0.3,0.3547893675847633,1
CB_IN_2026_01306,True,True,True,False,False,False,True,0.18,0.18486291029436708,1
CB_IN_2026_04770,True,True,True,False,True,True,True,0.75,0.812242773278522,1
CB_IN_2026_03221,True,False,True,False,True,False,True,0.9,0.8695573137173854,0
CB_IN_2026_03010,True,False,True,False,True,True,True,0.92,0.98,1
CB_IN_2026_07958,True,True,True,False,True,True,True,0.55,0.5266893506590661,1
CB_IN_2026_01959,True,True,True,False,True,True,True,0.88,0.8035709686042742,1
CB_IN_2026_09424,True,True,True,False,True,False,True,0.3,0.28044209349011384,0
CB_IN_2026_04038,True,True,True,False,False,False,True,0.3,0.38042895480924543,0
CB_IN_2026_09995,True,True,True,False,True,False,True,0.2,0.16947744050219765,1
CB_IN_2026_08696,True,False,True,False,True,False,True,0.75,0.7304338273410362,0
CB_IN_2026_07898,True,False,True,False,False,False,True,0.3,0.2713975648914111,0
CB_IN_2026_08172,True,True,False,True,True,False,False,0.03,0.02,0
CB_IN_2026_01076,True,True,True,False,True,True,True,0.85,0.8097259337677919,0
CB_IN_2026_06631,False,True,True,False,False,True,True,0.05,0.02,0
CB_IN_2026_05180,False,True,True,False,True,False,True,0.55,0.7142325680498138,1
CB_IN_2026_07781,True,False,True,False,False,False,True,0.3,0.285360628714127,0
CB_IN_2026_06611,True,False,False,False,False,True,True,0.92,0.9041677437202075,1
CB_IN_2026_09493,False,True,False,False,True,False,True,0.85,0.931743810595362,1
CB_IN_2026_02427,True,True,True,False,True,True,True,0.92,0.9076343589758311,1
CB_IN_2026_06337,True,True,True,False,True,True,True,0.85,0.8656632452887677,1
CB_IN_2026_05272,True,False,True,False,True,False,True,0.1,0.033405071494696556,0
CB_IN_2026_06538,True,True,True,False,True,False,True,0.92,0.8313130696166314,0
CB_IN_2026_07789,True,False,True,False,True,False,True,0.55,0.40752386572895516,0
CB_IN_2026_03722,True,False,True,False,True,True,True,0.55,0.5386145780302625,1
CB_IN_2026_04255,True,True,False,False,True,True,False,0.88,0.8992476692590312,1
CB_IN_2026_06295,True,True,True,False,False,True,True,0.85,0.7634392091116808,1
CB_IN_2026_05145,False,False,True,False,True,False,True,0.9,0.819331900815122,0
CB_IN_2026_01191,True,False,True,False,True,True,True,0.55,0.5829381667217163,0
CB_IN_2026_02133,True,False,True,False,True,False,True,0.55,0.5811620455586916,1
CB_IN_2026_03522,False,False,False,False,True,False,False,0.08,0.06253161046955406,0
CB_IN_2026_05208,True,True,True,False,True,False,True,0.25,0.3293443382863185,0
CB_IN_2026_06979,True,False,False,False,False,False,False,0.92,0.9592283178833365,1
CB_IN_2026_09670,True,True,True,False,False,False,True,0.75,0.6958403439403111,0
CB_IN_2026_03513,True,True,True,True,True,False,True,0.9,0.8332196104366368,1
CB_IN_2026_06925,True,False,True,False,True,False,True,0.18,0.1913135547423124,0
CB_IN_2026_00973,True,True,True,False,True,False,True,0.92,0.96449595673672,1
CB_IN_2026_07062,True,False,True,False,False,False,True,0.2,0.1765275315893845,1
CB_IN_2026_06928,True,True,True,False,True,True,False,0.08,0.05600844015682094,0
CB_IN_2026_09052,True,False,False,False,False,True,True,0.12,0.08332308450290754,0
CB_IN_2026_09378,True,True,True,False,True,False,True,0.85,0.98,0
CB_IN_2026_02963,True,True,True,False,False,False,True,0.55,0.6599571273906529,0
CB_IN_2026_00764,True,True,True,False,True,False,True,0.9,0.98,1
CB_IN_2026_01113,True,True,True,False,True,True,False,0.85,0.8962391171622576,1
CB_IN_2026_08456,True,True,True,True,True,False,True,0.03,0.02,0
CB_IN_2026_00892,False,False,True,False,True,False,True,0.9,0.8659955319709268,1
CB_IN_2026_04400,True,False,False,False,True,False,False,0.08,0.02,0
CB_IN_2026_06813,True,True,False,False,True,False,False,0.85,0.8308808572381597,1
CB_IN_2026_01580,True,False,True,False,False,False,False,0.08,0.19781667322218746,0
CB_IN_2026_03116,True,False,False,False,True,False,False,0.45,0.3535496861165315,0
CB_IN_2026_03878,True,True,True,False,True,True,True,0.92,0.8464403384346376,1
CB_IN_2026_07164,True,True,False,False,True,False,True,0.75,0.7533980706907715,0
CB_IN_2026_05851,True,False,False,False,True,False,False,0.92,0.9604905644880793,1
CB_IN_2026_06456,True,False,True,True,True,False,True,0.92,0.8040799327072151,1
CB_IN_2026_09754,True,True,True,False,True,False,True,0.9,0.9373560941711246,1
CB_IN_2026_01060,True,False,True,False,False,False,True,0.1,0.14239952652912996,0
CB_IN_2026_03844,True,True,True,False,True,False,True,0.85,0.9084177564980491,1
CB_IN_2026_03940,True,True,True,False,True,True,False,0.08,0.1074907857047625,0
CB_IN_2026_06104,False,True,True,False,True,False,True,0.9,0.9569900748882316,1
CB_IN_2026_04842,True,False,True,False,True,False,True,0.55,0.4933316390184332,1
CB_IN_2026_06463,False,False,True,False,True,False,True,0.05,0.07365458501349906,1
CB_IN_2026_00714,True,False,False,False,False,True,False,0.12,0.06832055111597218,0
CB_IN_2026_09153,True,False,False,False,True,False,False,0.08,0.11542150223121186,0
CB_IN_2026_02879,True,True,True,False,True,False,True,0.55,0.5669911181168833,1
CB_IN_2026_00449,True,False,True,False,True,False,True,0.9,0.8668845121680857,1
CB_IN_2026_09985,False,False,True,False,False,True,True,0.2,0.21125508156903403,0
CB_IN_2026_04304,True,True,True,False,True,False,True,0.85,0.8589017566272157,1
CB_IN_2026_05206,True,False,True,False,True,False,True,0.9,0.8350244935817313,1
CB_IN_2026_05592,False,False,True,False,False,False,True,0.1,0.04617293687930579,0
CB_IN_2026_06546,False,True,True,False,True,False,True,0.9,0.8664825977520493,1
CB_IN_2026_07269,True,False,True,False,True,True,True,0.45,0.5483883169982786,1
CB_IN_2026_00721,True,True,True,False,True,False,True,0.55,0.6064148852241299,0
CB_IN_2026_06652,True,True,False,False,True,False,False,0.85,0.70682201236368,0
CB_IN_2026_06682,True,True,False,False,True,False,False,0.08,0.06410179917397106,0
CB_IN_2026_07416,True,False,True,False,False,False,True,0.3,0.32136953171662214,0
CB_IN_2026_07643,True,False,False,False,True,True,False,0.08,0.17050240289934657,0
CB_IN_2026_08994,True,True,True,False,False,True,True,0.15,0.10200874608267124,0
CB_IN_2026_07487,True,True,True,False,True,True,True,0.92,0.9714781478501109,1
CB_IN_2026_00699,True,True,True,False,True,True,True,0.85,0.8783302974370194,0
CB_IN_2026_01940,False,True,True,False,False,False,True,0.55,0.5389665980079541,1
CB_IN_2026_04201,False,False,False,False,True,False,True,0.75,0.697251364538857,1
CB_IN_2026_06200,True,True,True,False,True,False,True,0.9,0.98,1
CB_IN_2026_05951,True,False,True,False,False,False,True,0.55,0.6131458838481371,1
CB_IN_2026_01555,True,True,True,False,True,True,True,0.92,0.80896312244092,1
CB_IN_2026_06650,True,True,True,False,True,False,False,0.08,0.17316317632323225,0
CB_IN_2026_05108,True,True,False,False,True,True,True,0.92,0.9707059409507242,1
CB_IN_2026_04741,True,True,False,False,True,False,True,0.3,0.22473436632897636,0
CB_IN_2026_00944,False,False,False,False,True,False,True,0.1,0.1467677072377327,0
CB_IN_2026_00176,True,False,True,False,False,False,True,0.1,0.1491978928524404,0
CB_IN_2026_02552,True,True,True,False,True,False,True,0.85,0.7348166859335533,1
CB_IN_2026_08125,True,True,True,False,True,False,True,0.03,0.02,0
CB_IN_2026_08840,True,True,True,False,True,False,True,0.18,0.1540005556182943,0
CB_IN_2026_04835,True,True,True,False,True,False,True,0.85,0.8201428372644659,0
CB_IN_2026_03908,True,True,False,False,False,False,True,0.2,0.19658703216347098,0
CB_IN_2026_01643,True,False,True,False,True,False,True,0.9,0.9168222761098893,0
CB_IN_2026_01525,False,True,True,False,True,False,True,0.9,0.9001558542082874,1
CB_IN_2026_00847,True,True,False,False,True,False,True,0.2,0.10719479225683523,0
CB_IN_2026_05217,True,True,False,False,True,False,False,0.08,0.1460945162093025,0
CB_IN_2026_02678,False,True,True,False,True,False,True,0.9,0.9748420684736122,1
CB_IN_2026_06058,True,True,True,False,True,False,True,0.85,0.7779578179182419,1
CB_IN_2026_05740,False,False,True,False,True,False,True,0.45,0.43787437505008375,0
CB_IN_2026_04187,True,True,True,False,True,True,True,0.9,0.8485526861137234,1
CB_IN_2026_02646,True,False,False,False,True,False,True,0.25,0.2449331232624387,0
CB_IN_2026_08518,True,False,False,False,True,False,False,0.08,0.06738482098608475,0
CB_IN_2026_02535,True,True,False,False,False,False,True,0.3,0.2736684650677127,0
CB_IN_2026_02277,True,False,True,False,True,False,True,0.92,0.824037786104737,1
CB_IN_2026_07105,False,True,True,False,True,True,True,0.9,0.98,1
CB_IN_2026_06933,True,True,False,False,True,False,False,0.08,0.09114922785872549,0
CB_IN_2026_06523,True,False,False,False,True,True,False,0.92,0.98,1
CB_IN_2026_07948,True,False,False,False,True,False,True,0.1,0.08358814820699359,0
CB_IN_2026_01498,True,False,True,False,True,True,True,0.25,0.3686423665176387,1
CB_IN_2026_04586,True,True,True,False,True,False,True,0.9,0.8093665238344118,1
CB_IN_2026_08105,False,False,True,False,False,False,True,0.05,0.12297872375798533,0
CB_IN_2026_05167,True,False,False,False,True,False,False,0.08,0.060310443207886796,0
CB_IN_2026_07563,True,True,False,False,True,False,False,0.08,0.1287102242294124,1
CB_IN_2026_01622,False,True,True,False,True,False,True,0.55,0.5499156233584724,0
CB_IN_2026_09356,True,True,False,False,False,False,False,0.1,0.020488171726979837,0
CB_IN_2026_06114,True,True,True,False,True,False,True,0.9,0.98,1
CB_IN_2026_06261,False,True,True,False,True,False,True,0.9,0.7710336480659523,0
CB_IN_2026_03626,True,False,True,False,True,False,True,0.3,0.328481377628837,0
CB_IN_2026_06462,True,True,False,False,True,True,False,0.08,0.1408179312652968,0
CB_IN_2026_07078,True,True,True,False,True,False,True,0.9,0.8804802177576839,1
CB_IN_2026_09501,True,True,True,False,True,False,True,0.85,0.8579321482486438,1
CB_IN_2026_01635,True,False,True,False,True,False,True,0.1,0.03816226020862568,0
CB_IN_2026_09380,True,False,True,False,False,False,True,0.3,0.3272612164094487,0
CB_IN_2026_02869,True,False,True,False,True,True,True,0.92,0.98,1
CB_IN_2026_00488,True,True,False,False,True,False,False,0.92,0.9186994574494114,1
CB_IN_2026_04501,True,False,True,False,True,True,True,0.2,0.07130196824999599,0
CB_IN_2026_08183,True,True,True,False,False,False,False,0.08,0.02,0
CB_IN_2026_02608,True,True,False,False,False,False,True,0.2,0.2722730465884773,0
CB_IN_2026_03904,True,True,True,False,True,False,True,0.3,0.3355773841257549,1
CB_IN_2026_00704,True,False,True,False,False,True,True,0.55,0.4769013577495665,0
CB_IN_2026_02375,True,True,True,False,True,True,True,0.9,0.754244571479731,1
CB_IN_2026_03614,True,False,True,False,True,False,True,0.3,0.290544930313018,0
CB_IN_2026_00343,True,True,True,False,False,False,True,0.1,0.02,0
CB_IN_2026_06798,True,True,False,False,False,False,False,0.08,0.020631496560846882,0
CB_IN_2026_06796,True,True,True,False,False,False,True,0.25,0.17943531645605243,1
CB_IN_2026_09691,True,False,True,False,True,False,True,0.55,0.5802788429160637,1
CB_IN_2026_06679,False,False,False,False,True,True,False,0.45,0.5297646690754527,1
CB_IN_2026_03787,False,False,True,False,False,True,True,0.55,0.5341588366208894,0
CB_IN_2026_09042,True,True,False,False,False,False,False,0.08,0.1436906456403227,0
CB_IN_2026_08487,True,True,True,False,False,False,True,0.85,0.867999135267399,1
CB_IN_2026_09448,False,True,False,False,False,True,False,0.08,0.04813949946019438,0
CB_IN_2026_05806,True,True,False,False,True,True,False,0.08,0.02,0
CB_IN_2026_00615,True,False,False,False,False,False,True,0.3,0.2640330386833804,0
CB_IN_2026_09123,True,True,True,False,False,False,True,0.12,0.1433368203541066,0
CB_IN_2026_08374,True,False,True,False,True,True,True,0.55,0.6128898705313199,0
CB_IN_2026_03142,True,True,True,False,True,True,True,0.85,0.8662205714219525,1
CB_IN_2026_04832,False,False,False,False,True,False,False,0.9,0.8740554477553074,1
CB_IN_2026_02987,True,True,True,False,True,False,True,0.55,0.5391196593024252,0
CB_IN_2026_08398,True,False,True,False,True,False,False,0.9,0.9477735427243557,1
CB_IN_2026_07282,True,True,True,False,True,True,True,0.85,0.8008912188260245,1
CB_IN_2026_00063,True,True,False,False,True,False,False,0.08,0.16471914779168068,0
CB_IN_2026_05404,True,False,True,False,True,False,True,0.18,0.15154519306569142,0
CB_IN_2026_09007,True,True,True,True,True,False,True,0.92,0.98,1
CB_IN_2026_00626,False,False,True,False,True,True,True,0.9,0.98,1
CB_IN_2026_04814,True,False,True,False,True,True,True,0.92,0.98,1
CB_IN_2026_01912,True,True,False,False,True,False,False,0.08,0.1337413933854718,0
CB_IN_2026_03363,True,True,False,False,True,True,False,0.85,0.7666121511124037,1
CB_IN_2026_02769,True,False,True,False,False,False,True,0.45,0.426866752768778,1
CB_IN_2026_03356,True,True,False,False,True,False,False,0.08,0.02,0
CB_IN_2026_00550,True,True,True,False,True,True,True,0.85,0.7823659751919632,1
CB_IN_2026_00705,True,True,True,False,True,False,True,0.3,0.3155565241847412,0
CB_IN_2026_05699,True,True,True,False,True,True,True,0.92,0.9344390250095177,1
CB_IN_2026_02092,True,True,True,False,False,False,True,0.55,0.615697065654786,0
CB_IN_2026_05629,True,True,True,False,False,False,True,0.55,0.538824127061944,0
CB_IN_2026_05468,True,True,True,False,True,True,True,0.9,0.9315859336259086,1
CB_IN_2026_02711,True,False,False,False,True,True,False,0.08,0.19651580737262217,0
CB_IN_2026_09473,False,True,True,False,True,False,True,0.85,0.9491930973166094,1
CB_IN_2026_00277,True,True,True,False,False,False,True,0.15,0.19227407668312135,0
CB_IN_2026_01844,True,False,True,False,True,False,True,0.9,0.9133420140031762,1
CB_IN_2026_05209,True,False,False,False,True,False,False,0.08,0.02,0
CB_IN_2026_08345,True,True,True,False,True,True,True,0.75,0.7163509335113173,1
CB_IN_2026_07886,True,False,True,False,False,False,True,0.1,0.07773025913544253,0
CB_IN_2026_09018,True,True,True,False,False,True,True,0.85,0.8012042850097238,1
CB_IN_2026_07602,True,True,True,False,True,False,True,0.55,0.5928093776951641,0
CB_IN_2026_05480,False,True,True,False,True,False,True,0.05,0.02,0
CB_IN_2026_07648,True,False,False,False,True,True,False,0.45,0.42417198611655366,1
CB_IN_2026_00194,True,True,False,False,True,False,False,0.08,0.03449880768594671,0
CB_IN_2026_09304,True,False,True,False,True,False,True,0.9,0.9031170166175381,1
CB_IN_2026_02479,False,True,True,False,True,False,False,0.08,0.1609155050237872,0
CB_IN_2026_03289,False,False,False,False,True,False,False,0.08,0.15172685069094868,1
CB_IN_2026_01005,False,True,True,False,True,True,True,0.88,0.9128644329320006,1
CB_IN_2026_05349,True,False,True,False,True,False,True,0.92,0.9478855452535433,1
CB_IN_2026_05308,True,False,False,False,True,False,False,0.75,0.7715241405248456,1
CB_IN_2026_07412,True,True,True,False,True,True,True,0.55,0.6043028191125555,1
CB_IN_2026_08177,True,False,True,False,True,False,False,0.45,0.3562351066353605,0
CB_IN_2026_08898,True,False,True,False,True,False,True,0.55,0.5746963788307988,1
CB_IN_2026_05212,True,False,True,False,True,False,True,0.75,0.7059464303212412,1
CB_IN_2026_09982,True,True,False,False,True,False,False,0.9,0.8836604386524191,1
CB_IN_2026_08331,False,True,False,False,True,False,True,0.3,0.2343107774915109,0
CB_IN_2026_05359,True,True,True,False,True,False,True,0.85,0.7810450996617243,1
CB_IN_2026_02301,True,False,True,False,True,True,True,0.92,0.8716739510028362,1
CB_IN_2026_05322,True,True,False,False,True,True,False,0.08,0.038952102162979535,0
CB_IN_2026_05070,True,False,True,False,True,False,True,0.18,0.2389026721227872,0
CB_IN_2026_09895,True,False,True,False,True,False,True,0.9,0.98,1
CB_IN_2026_08121,True,False,True,False,False,False,True,0.12,0.16187834588038133,0
CB_IN_2026_08100,True,True,False,False,True,True,False,0.08,0.0813630764087877,0
CB_IN_2026_07313,True,False,True,False,True,True,False,0.92,0.8452705979293182,1
CB_IN_2026_03174,True,True,False,False,True,True,False,0.08,0.0658949839540149,0
CB_IN_2026_09609,True,False,True,False,False,True,True,0.92,0.9001272664309516,1
CB_IN_2026_00634,True,False,True,False,True,False,True,0.45,0.4177223068553947,0
CB_IN_2026_09755,True,True,True,False,True,False,True,0.85,0.957450627123412,1
CB_IN_2026_00457,True,False,False,False,True,False,False,0.1,0.06428269331284556,0
CB_IN_2026_07087,True,True,False,False,True,True,False,0.08,0.11789754748983773,0
CB_IN_2026_04056,True,False,False,False,True,False,True,0.3,0.3436510074200778,1
CB_IN_2026_06739,True,True,False,False,True,False,True,0.3,0.30032582031245286,0
CB_IN_2026_03934,True,True,True,False,True,True,True,0.92,0.7920327044588164,1
CB_IN_2026_04676,True,True,True,False,False,False,True,0.55,0.5702446608291701,1
CB_IN_2026_02849,True,True,False,False,True,True,True,0.92,0.9303783545322575,1
CB_IN_2026_01994,True,True,True,False,True,True,True,0.9,0.98,1
CB_IN_2026_08486,True,False,True,False,False,False,False,0.08,0.14377733751004204,0
CB_IN_2026_06934,True,True,True,False,True,False,True,0.03,0.1147807076472941,0
CB_IN_2026_06689,True,True,False,False,True,False,True,0.3,0.27437724388619145,0
CB_IN_2026_04339,True,True,True,False,True,False,True,0.85,0.8868632018947243,1
CB_IN_2026_00792,False,False,True,False,False,False,True,0.15,0.21010657423404835,0
CB_IN_2026_09692,True,False,False,False,True,True,False,0.08,0.04759696817717349,0
CB_IN_2026_02023,True,True,True,False,True,False,True,0.9,0.8671294706009064,0
CB_IN_2026_02924,True,False,True,False,True,False,True,0.1,0.14178019659142266,0
CB_IN_2026_01531,True,True,True,False,True,False,False,0.08,0.02,0
CB_IN_2026_03754,True,True,True,False,True,True,True,0.55,0.6047708004853046,1
CB_IN_2026_01856,True,True,True,False,True,True,True,0.92,0.9790595320093741,1
CB_IN_2026_00602,False,True,True,False,False,False,True,0.05,0.054036204459927274,0
CB_IN_2026_07025,True,False,True,False,True,False,True,0.45,0.3731404165299498,1
CB_IN_2026_07143,True,False,True,False,True,True,True,0.92,0.8600038462994621,1
CB_IN_2026_02124,True,False,True,False,True,False,True,0.1,0.12959075341562903,0
CB_IN_2026_08824,True,True,False,False,False,True,True,0.92,0.98,1
CB_IN_2026_07809,True,True,True,False,False,True,True,0.25,0.14340464948077492,0
CB_IN_2026_06802,True,True,True,False,True,True,True,0.9,0.98,1
CB_IN_2026_03969,True,True,True,True,False,False,True,0.3,0.31047619198910437,0
CB_IN_2026_09444,True,False,True,False,False,False,True,0.55,0.5063019681080632,0
CB_IN_2026_00658,True,False,False,False,True,False,False,0.45,0.4075167496803726,1
CB_IN_2026_08403,True,True,True,False,False,False,True,0.3,0.17372235511445586,0
CB_IN_2026_06313,True,True,True,False,True,False,True,0.55,0.4328290799240036,1
CB_IN_2026_04585,False,True,True,False,True,False,True,0.85,0.8919550344238701,1
CB_IN_2026_03145,False,True,True,False,True,False,True,0.9,0.9705317168274209,1
CB_IN_2026_06881,False,False,False,False,True,False,False,0.9,0.9435491664087532,1
CB_IN_2026_06638,True,True,False,False,False,True,True,0.85,0.7870816544317834,0
CB_IN_2026_02659,True,False,True,False,True,True,True,0.9,0.8486133532047657,1
CB_IN_2026_09088,True,True,True,False,True,True,True,0.9,0.9257317080161572,1
CB_IN_2026_06150,False,False,True,False,True,True,True,0.9,0.8595356785135861,1
CB_IN_2026_09706,True,False,True,False,True,False,True,0.45,0.48330447875141047,1
CB_IN_2026_06164,True,False,False,False,True,False,True,0.45,0.46563413151393485,1
CB_IN_2026_04603,True,True,True,False,True,True,True,0.55,0.44971552749139293,1
CB_IN_2026_03861,True,True,True,False,True,True,True,0.85,0.7976803722371867,0
CB_IN_2026_09630,True,True,False,False,True,False,False,0.85,0.8261044421197485,1
CB_IN_2026_05898,True,True,False,False,False,True,False,0.08,0.11101414301566562,0
CB_IN_2026_08566,False,True,True,False,True,False,True,0.9,0.9142638200466311,1
CB_IN_2026_03536,True,True,True,True,True,False,True,0.85,0.840850684639883,0
CB_IN_2026_08822,True,True,True,False,True,True,True,0.85,0.8774142370827137,1
CB_IN_2026_05936,True,True,False,False,True,False,True,0.85,0.7552666809905408,0
CB_IN_2026_06318,True,True,False,False,True,False,False,0.08,0.04294891749748115,0
CB_IN_2026_02865,True,False,False,False,True,False,False,0.9,0.9442173348626001,1
CB_IN_2026_08049,True,False,False,False,True,False,False,0.18,0.29272023828851823,0
CB_IN_2026_04404,True,False,True,False,True,False,True,0.3,0.4642678011130788,1
CB_IN_2026_00891,True,True,False,False,True,False,False,0.08,0.17737729809445496,0
CB_IN_2026_04497,True,True,True,False,True,False,True,0.85,0.9379992490216047,1
CB_IN_2026_05264,True,True,True,False,True,True,True,0.92,0.9109172919308083,1
CB_IN_2026_03811,True,True,True,False,True,False,False,0.08,0.03861090735686038,0
CB_IN_2026_01513,True,True,True,False,False,False,False,0.85,0.7063486960062687,1
CB_IN_2026_05121,True,True,False,False,False,False,False,0.08,0.02,0
CB_IN_2026_04444,False,True,True,False,True,False,True,0.85,0.8826688992369085,1
CB_IN_2026_05324,True,True,True,False,False,True,True,0.55,0.5183390426674022,1
CB_IN_2026_04446,True,False,True,False,True,False,True,0.75,0.7540545276545357,1
CB_IN_2026_04615,True,False,True,False,False,False,True,0.75,0.7645262004484689,1
CB_IN_2026_08727,True,False,True,False,False,False,True,0.55,0.7082233730854348,0
CB_IN_2026_00842,True,True,True,False,True,False,True,0.75,0.8212072093496001,1
CB_IN_2026_02560,True,True,False,False,True,False,True,0.9,0.8878615593252575,1
CB_IN_2026_06825,False,False,True,False,True,False,True,0.55,0.551101794131377,0
CB_IN_2026_04834,True,True,True,False,True,False,True,0.9,0.7471554214324104,1
CB_IN_2026_09765,False,True,True,False,True,False,True,0.85,0.8061951985298154,1
CB_IN_2026_03206,True,True,True,False,True,True,True,0.92,0.7445562054625545,1
CB_IN_2026_04005,True,True,True,False,True,False,True,0.18,0.17717294425186075,0
CB_IN_2026_01951,True,False,True,False,True,True,True,0.25,0.20118402925677248,0
CB_IN_2026_08140,True,True,False,False,True,False,True,0.85,0.949276887153178,1
CB_IN_2026_05549,True,True,True,False,False,False,True,0.15,0.09289247065739238,1
CB_IN_2026_00096,True,True,True,False,True,False,True,0.3,0.32199054662831567,0
CB_IN_2026_00943,True,False,True,False,True,False,True,0.1,0.05696062612842778,0
CB_IN_2026_05279,True,True,False,False,True,False,True,0.9,0.8725190446413864,1
CB_IN_2026_00486,True,False,False,False,False,False,False,0.08,0.10356824930965941,0
CB_IN_2026_03644,True,False,False,False,True,False,True,0.92,0.98,1
CB_IN_2026_01891,True,True,True,False,True,False,True,0.55,0.5126775497786658,1
CB_IN_2026_06488,True,True,True,False,True,True,True,0.9,0.9434923234382623,1
CB_IN_2026_05635,True,True,True,False,True,False,True,0.55,0.5292209353302562,0
CB_IN_2026_04709,True,True,False,False,True,False,False,0.08,0.19166679345357424,0
CB_IN_2026_01434,True,True,True,False,False,False,True,0.15,0.167506104372292,0
CB_IN_2026_03837,True,True,False,False,False,True,False,0.15,0.193408386958198,0
CB_IN_2026_01586,False,True,True,False,False,False,True,0.85,0.9708866303227726,1
CB_IN_2026_07698,True,True,True,True,True,False,True,0.92,0.9338289993406723,0
CB_IN_2026_05338,True,True,False,True,True,False,True,0.85,0.8578977553860666,1
CB_IN_2026_03072,True,True,True,False,True,True,True,0.55,0.5540988472571957,1
CB_IN_2026_01999,True,False,True,False,True,False,True,0.1,0.07516000863518195,0
CB_IN_2026_00738,True,False,False,False,True,False,True,0.25,0.27501737763714745,0
CB_IN_2026_07758,False,False,False,False,True,True,False,0.08,0.02,0
CB_IN_2026_07137,True,True,False,False,True,False,False,0.92,0.8881041623992817,1
CB_IN_2026_04619,True,False,True,False,False,False,True,0.3,0.18637379692888587,0
CB_IN_2026_02109,True,True,False,False,True,True,False,0.08,0.04530951820065562,0
CB_IN_2026_03516,True,True,True,False,True,True,True,0.85,0.8547340386313965,1
CB_IN_2026_00386,False,False,True,False,True,False,True,0.55,0.5329886017617356,0
CB_IN_2026_07799,True,True,True,True,True,True,True,0.9,0.9659683488848085,1
CB_IN_2026_04028,True,False,False,False,True,False,False,0.08,0.08847724241672844,0
CB_IN_2026_05520,True,True,False,False,True,False,False,0.08,0.03705706208327312,0
CB_IN_2026_09274,True,True,False,False,True,True,False,0.85,0.7903873706140288,1
CB_IN_2026_00763,True,True,False,False,True,True,False,0.08,0.1495950593263114,0
CB_IN_2026_06985,True,False,True,False,True,False,True,0.55,0.6566453060844233,1
CB_IN_2026_09318,True,True,True,False,True,False,True,0.9,0.98,1
CB_IN_2026_08469,False,True,False,False,True,False,False,0.08,0.050641246329084566,0
CB_IN_2026_00443,True,True,True,False,False,False,True,0.12,0.024606339820268733,0
CB_IN_2026_00185,False,True,True,False,True,False,True,0.3,0.18561758068429296,0
CB_IN_2026_09924,True,True,True,False,False,False,True,0.55,0.5774468558474917,1
CB_IN_2026_00735,True,True,True,False,True,False,True,0.55,0.4869157836277158,1
CB_IN_2026_05603,False,True,False,False,True,False,False,0.9,0.96072004536054,1
CB_IN_2026_06187,True,False,True,False,True,False,True,0.75,0.7764127932142513,1
CB_IN_2026_06183,True,True,True,False,True,False,True,0.85,0.8387512300846339,1
CB_IN_2026_09388,False,True,True,False,False,False,True,0.85,0.8884453628553052,1
CB_IN_2026_07488,True,True,False,False,True,False,True,0.75,0.7511706901116998,0
CB_IN_2026_01234,True,True,False,False,False,False,False,0.08,0.144849958443467,0
CB_IN_2026_01108,True,True,True,False,True,False,True,0.85,0.9032980975235216,1
CB_IN_2026_00800,True,False,True,False,False,False,True,0.1,0.11357554003624104,0
CB_IN_2026_09737,True,False,True,False,True,True,True,0.92,0.98,1
CB_IN_2026_05980,True,True,False,False,True,True,False,0.92,0.8759590445018286,1
CB_IN_2026_01088,False,False,True,False,False,False,True,0.1,0.19649448021210714,0
CB_IN_2026_04262,False,False,True,False,True,True,True,0.45,0.455025954916734,0
CB_IN_2026_03657,False,False,True,False,True,False,True,0.45,0.5054406926532513,1
CB_IN_2026_07281,True,False,False,False,True,False,True,0.1,0.02,0
CB_IN_2026_01301,True,False,True,False,True,False,True,0.55,0.621172413914995,1
CB_IN_2026_00042,True,True,False,False,True,True,False,0.08,0.10352487585886135,0
CB_IN_2026_02948,True,False,True,False,True,False,False,0.75,0.8041418587297082,1
CB_IN_2026_05673,True,True,True,False,True,True,True,0.9,0.8767594929409698,1
CB_IN_2026_04160,True,True,False,False,True,False,False,0.08,0.15906063316867236,0
CB_IN_2026_08258,True,True,True,False,True,True,True,0.9,0.8849417765752987,1
CB_IN_2026_00868,True,True,True,False,True,False,True,0.3,0.2477490088684906,0
CB_IN_2026_00531,True,True,False,False,True,True,False,0.9,0.98,1
CB_IN_2026_05420,True,True,False,False,True,True,True,0.85,0.8052336260826444,1
CB_IN_2026_03371,True,True,False,False,False,True,False,0.08,0.05308249456509316,0
CB_IN_2026_09477,True,True,True,False,True,False,True,0.55,0.6464007049394527,1
CB_IN_2026_07778,True,True,True,False,True,True,True,0.85,0.9019188188764914,0
CB_IN_2026_08420,False,True,False,False,True,True,True,0.92,0.890795658263628,1
CB_IN_2026_04621,True,True,True,False,True,False,True,0.85,0.8843334022919456,1
CB_IN_2026_03578,False,True,True,False,True,False,True,0.9,0.933109684274259,1
CB_IN_2026_08289,True,False,False,False,True,True,True,0.25,0.2803919199484943,0
CB_IN_2026_01065,True,False,False,False,True,False,False,0.08,0.05139853190467081,0
CB_IN_2026_00021,True,False,True,False,False,False,True,0.55,0.5338015685647546,0
CB_IN_2026_07504,True,False,False,False,True,False,True,0.92,0.7635594856417905,0
CB_IN_2026_00164,True,False,True,False,True,False,True,0.18,0.16872751200222944,0
CB_IN_2026_08310,True,False,True,True,True,False,True,0.1,0.14003340481007448,0
CB_IN_2026_00980,True,True,True,False,True,False,True,0.92,0.98,1
CB_IN_2026_06139,True,False,False,False,True,True,False,0.08,0.026924484139552424,0
CB_IN_2026_05000,True,True,True,False,True,False,True,0.3,0.39594549109703203,1
CB_IN_2026_02784,True,True,False,False,False,True,True,0.92,0.9163846085153903,1
CB_IN_2026_03372,True,True,False,False,True,False,True,0.25,0.2149005196320396,1
CB_IN_2026_01755,True,True,True,False,True,False,True,0.3,0.3200165436496175,0
CB_IN_2026_03515,True,True,True,False,True,True,True,0.92,0.8986918143305306,1
CB_IN_2026_00264,True,False,True,False,True,False,True,0.9,0.7832493865113043,0
CB_IN_2026_04579,True,True,False,False,True,True,True,0.25,0.24157936032762173,0
CB_IN_2026_07082,True,True,True,False,True,True,False,0.08,0.1802265286453555,0
CB_IN_2026_00402,True,True,True,False,False,False,True,0.25,0.2738833763625608,1
CB_IN_2026_04888,True,True,True,False,False,False,True,0.18,0.2275671023879869,0
CB_IN_2026_00153,True,True,True,False,True,True,True,0.25,0.21203229354444963,0
CB_IN_2026_09645,True,True,False,False,True,False,True,0.18,0.16868664073180728,0
CB_IN_2026_04892,True,True,False,False,True,True,False,0.08,0.029330364961874834,0
CB_IN_2026_07303,True,False,False,False,True,True,False,0.08,0.08523176485437664,0
CB_IN_2026_07241,True,True,True,False,False,False,True,0.3,0.3661625715988004,0
CB_IN_2026_08879,True,True,True,False,True,False,True,0.55,0.5311919578788564,0
CB_IN_2026_05369,True,False,True,False,True,False,True,0.45,0.5790395732012278,1
CB_IN_2026_07260,True,True,True,False,True,False,True,0.9,0.8578369521644671,1
CB_IN_2026_06535,False,True,True,False,True,False,True,0.05,0.06155889738992921,0
CB_IN_2026_07516,True,True,True,False,True,False,True,0.9,0.8140857932643756,0
CB_IN_2026_07543,True,True,True,False,True,True,True,0.9,0.7484877724946082,1
CB_IN_2026_00093,True,True,True,False,True,False,True,0.9,0.98,1
CB_IN_2026_01948,True,False,False,False,False,False,True,0.3,0.44071929304625,1
CB_IN_2026_07741,True,False,False,False,True,False,False,0.08,0.02,0
CB_IN_2026_05073,True,True,False,False,True,False,False,0.08,0.07360819041471744,0
CB_IN_2026_04310,True,False,False,True,True,False,False,0.03,0.02,0
CB_IN_2026_06447,True,True,False,False,False,True,True,0.75,0.7380796388401486,0
CB_IN_2026_04736,True,True,False,False,True,False,True,0.25,0.2609305687541558,0
CB_IN_2026_09080,False,True,True,True,False,True,True,0.92,0.8439187556459752,1
CB_IN_2026_06723,True,False,True,False,True,True,True,0.9,0.7942486941269346,1
CB_IN_2026_04744,True,False,False,False,True,False,False,0.08,0.13934435961405073,0
CB_IN_2026_06519,True,False,False,False,True,True,False,0.08,0.04361145966624002,0
CB_IN_2026_05476,True,False,True,False,True,False,True,0.9,0.8833371493079797,1
CB_IN_2026_01702,False,True,False,False,True,False,False,0.08,0.02,0
CB_IN_2026_04284,True,True,False,False,True,False,True,0.85,0.7863930524225523,1
CB_IN_2026_07437,True,True,True,False,True,True,True,0.92,0.8749670036003294,1
CB_IN_2026_02515,True,True,True,False,True,False,True,0.85,0.8401276482062713,0
CB_IN_2026_07746,True,True,True,False,True,False,True,0.9,0.8937147498531446,1
CB_IN_2026_00098,True,True,False,False,True,False,False,0.08,0.02,0
CB_IN_2026_04123,True,True,True,True,True,True,False,0.85,0.8593010662226014,1
CB_IN_2026_04149,True,True,True,False,False,False,True,0.55,0.6503878856310914,1
CB_IN_2026_02881,True,True,True,False,True,False,True,0.9,0.9020788264339908,1
CB_IN_2026_03039,True,True,True,False,False,False,True,0.15,0.09925400078869465,0
CB_IN_2026_05565,True,False,False,False,True,False,True,0.25,0.23801740699545826,1
CB_IN_2026_03050,True,False,False,False,False,False,False,0.18,0.2138396009871034,0
CB_IN_2026_07702,True,False,True,False,True,False,True,0.1,0.04287480726846205,0
CB_IN_2026_08726,True,False,False,False,False,False,False,0.08,0.02,0
CB_IN_2026_01393,True,True,True,False,True,False,True,0.92,0.9396973679513869,1
CB_IN_2026_08280,True,False,True,False,True,True,True,0.88,0.7410073463471301,1
CB_IN_2026_06818,True,True,True,False,True,False,True,0.3,0.2771570446422022,0
CB_IN_2026_05644,True,True,False,False,False,True,False,0.08,0.06983763191188039,0
CB_IN_2026_08191,True,True,True,False,True,False,True,0.92,0.98,1
CB_IN_2026_03094,True,True,True,False,False,True,True,0.75,0.7015560679897582,1
CB_IN_2026_01382,False,True,True,False,False,False,True,0.05,0.02,0
CB_IN_2026_07456,True,False,True,False,True,False,True,0.18,0.25544861963987625,1
CB_IN_2026_05787,True,False,False,False,False,False,False,0.45,0.5061222871489585,0
CB_IN_2026_04486,True,True,False,False,False,True,True,0.25,0.2970246864498331,0
CB_IN_2026_09939,True,False,False,False,True,False,False,0.08,0.04956227342685732,1
CB_IN_2026_08578,False,True,False,False,True,False,False,0.08,0.11219515737158621,0
CB_IN_2026_05625,True,True,True,True,True,True,True,0.85,0.8400148870059405,1
CB_IN_2026_03881,False,False,True,False,False,True,True,0.45,0.4797644839426763,1
CB_IN_2026_09966,True,True,True,False,True,True,True,0.9,0.8356502280346269,1
CB_IN_2026_06438,False,True,True,False,True,False,True,0.05,0.029100172597836427,0
CB_IN_2026_00950,True,False,True,False,True,False,True,0.25,0.19268320466574676,0
CB_IN_2026_07232,True,True,False,False,True,False,True,0.9,0.9296172633711288,1
CB_IN_2026_02012,True,True,True,False,False,False,True,0.75,0.7552954015828953,1
CB_IN_2026_00718,True,False,False,False,True,False,False,0.08,0.02515039113135506,0
CB_IN_2026_01985,True,False,False,False,True,False,True,0.3,0.3703292813015866,1
CB_IN_2026_05690,False,True,True,False,True,True,True,0.55,0.570806742938853,0
CB_IN_2026_08884,True,False,True,False,True,False,True,0.9,0.9790596254711723,1
CB_IN_2026_04157,True,False,True,False,False,True,True,0.92,0.8936185005192187,1
CB_IN_2026_03977,True,True,False,False,True,False,False,0.85,0.7399718112584724,1
CB_IN_2026_01790,True,True,True,False,False,True,True,0.15,0.13611236804271365,0
CB_IN_2026_01273,True,False,True,False,False,False,True,0.55,0.5389007635284712,1
CB_IN_2026_09734,False,False,True,False,True,False,True,0.1,0.1802328448693119,0
CB_IN_2026_00247,True,True,True,False,True,True,True,0.9,0.9455025548582885,1
CB_IN_2026_07932,True,True,False,False,True,True,True,0.92,0.9283894692265141,1
CB_IN_2026_07024,True,True,True,False,True,False,True,0.9,0.9108105481280762,1
CB_IN_2026_09809,False,False,True,False,True,True,True,0.92,0.8725525378593402,1
CB_IN_2026_05024,True,True,False,False,True,False,False,0.08,0.054803358707141175,0
CB_IN_2026_04743,True,False,True,False,True,False,True,0.45,0.3700718802562253,1
CB_IN_2026_08791,True,False,True,False,False,True,True,0.1,0.1692802243227527,0
CB_IN_2026_08978,True,False,False,False,False,True,False,0.08,0.05980578742828234,0
CB_IN_2026_09353,True,True,True,False,False,False,True,0.85,0.8315708687920307,1
CB_IN_2026_02698,True,True,True,False,True,False,True,0.18,0.02,0
CB_IN_2026_03730,False,True,True,False,True,True,True,0.85,0.8961257136252039,1
CB_IN_2026_02493,True,False,False,False,True,False,False,0.08,0.09340445266286333,0
CB_IN_2026_04981,True,True,False,False,True,False,True,0.85,0.8045795829005041,0
CB_IN_2026_00044,True,False,True,False,True,False,False,0.9,0.8022682205059445,1
CB_IN_2026_07103,True,True,True,False,True,False,True,0.85,0.8239629539564189,1
CB_IN_2026_00206,True,True,True,False,False,False,True,0.15,0.09923892601770959,0
CB_IN_2026_05465,True,True,True,False,True,False,True,0.92,0.98,1
CB_IN_2026_03918,True,False,True,False,True,True,True,0.88,0.9029265441976982,1
CB_IN_2026_06094,True,True,True,False,True,True,True,0.75,0.8366600529670746,1
CB_IN_2026_05484,True,True,True,False,True,False,True,0.9,0.98,1
CB_IN_2026_01697,True,False,True,False,False,False,True,0.18,0.15483874674487308,0
CB_IN_2026_04958,True,False,True,False,True,False,True,0.92,0.8949850297666078,0
CB_IN_2026_06727,True,False,False,False,True,False,False,0.08,0.08371615970856586,0
CB_IN_2026_02060,True,True,False,False,True,False,True,0.18,0.2436455022433872,0
CB_IN_2026_08530,True,True,False,False,True,False,False,0.08,0.11775719806751644,0
CB_IN_2026_05984,True,False,False,False,True,False,False,0.3,0.27449759353269443,0
CB_IN_2026_09043,False,True,True,False,True,False,True,0.3,0.2287269066545843,0
CB_IN_2026_05986,True,True,True,False,True,False,True,0.9,0.8730365846979085,1
CB_IN_2026_03365,True,False,True,False,True,False,True,0.92,0.940808499610599,0
CB_IN_2026_07650,True,False,True,False,True,False,True,0.45,0.5040769160463737,1
CB_IN_2026_03806,True,True,True,False,False,False,True,0.85,0.8671579395543902,1
CB_IN_2026_00575,True,True,True,False,True,True,True,0.2,0.17555730987581142,0
CB_IN_2026_05008,True,True,True,False,False,False,True,0.3,0.3174566049625848,0
CB_IN_2026_06598,True,True,True,False,True,False,True,0.92,0.9752419085355151,1
CB_IN_2026_02520,True,True,True,False,True,False,False,0.08,0.12880303641421628,0
CB_IN_2026_08245,True,True,False,False,True,False,True,0.92,0.8764252512764895,1
CB_IN_2026_01553,True,False,True,True,True,False,True,0.92,0.9274912747402172,0
CB_IN_2026_09820,True,False,True,False,True,False,True,0.3,0.29404397565435075,0
CB_IN_2026_00772,True,False,False,False,False,False,True,0.45,0.4589938115840041,0
CB_IN_2026_05948,True,False,True,False,True,True,True,0.92,0.7971338835680595,1
CB_IN_2026_03267,True,False,True,False,True,False,True,0.9,0.8955438404114734,0
CB_IN_2026_06333,True,True,True,False,False,False,True,0.18,0.24420859986247523,0
CB_IN_2026_09902,False,False,False,False,True,False,False,0.08,0.10986178794324863,1
CB_IN_2026_06782,True,True,True,False,True,False,False,0.08,0.048167820921477776,0
CB_IN_2026_02564,True,True,True,False,True,False,True,0.85,0.6667341580199108,1
CB_IN_2026_01956,True,False,True,False,True,True,True,0.92,0.98,1
CB_IN_2026_03501,False,True,True,False,True,False,True,0.05,0.11464239578846878,0
CB_IN_2026_03992,True,False,True,False,True,False,True,0.55,0.5604062198466396,0
CB_IN_2026_00417,True,True,False,False,True,False,False,0.08,0.16528349134025458,1
CB_IN_2026_05558,True,True,True,False,False,False,True,0.18,0.08574745440980842,0
CB_IN_2026_04562,True,True,False,False,True,True,False,0.85,0.7250278633954366,0
CB_IN_2026_04053,True,True,True,False,True,False,True,0.3,0.25201201629463515,0
CB_IN_2026_01270,True,True,False,False,True,True,False,0.08,0.14977454371978027,0
CB_IN_2026_09991,True,True,True,False,True,False,True,0.9,0.8613552274957296,1
CB_IN_2026_03507,True,True,True,False,True,True,True,0.9,0.98,1
CB_IN_2026_04915,False,False,True,False,False,False,True,0.55,0.666160387782505,1
CB_IN_2026_03291,True,True,True,True,False,False,False,0.03,0.02,0
CB_IN_2026_00875,True,False,True,False,True,True,True,0.1,0.09914046772320523,0
CB_IN_2026_08480,True,False,True,False,True,False,True,0.1,0.2125914670325219,0
CB_IN_2026_01569,True,False,True,False,True,False,True,0.9,0.8530353538329134,0
CB_IN_2026_06266,True,True,False,False,False,False,False,0.18,0.24790032230607895,0
CB_IN_2026_03863,True,False,True,False,False,False,True,0.75,0.8239765910798268,0
CB_IN_2026_07310,True,True,True,False,True,False,True,0.3,0.28023146829363815,0
CB_IN_2026_04642,False,False,False,False,True,True,True,0.9,0.8365523321068289,1
CB_IN_2026_00389,True,True,True,False,True,False,True,0.75,0.7396985187392786,1
CB_IN_2026_02844,True,False,True,False,True,True,True,0.1,0.08218095892893013,0
CB_IN_2026_05650,True,True,True,False,True,False,True,0.55,0.6686131875576483,0
CB_IN_2026_04169,True,False,True,False,True,False,True,0.45,0.40773036527610124,0
CB_IN_2026_09484,False,False,False,False,True,False,False,0.08,0.02,0
CB_IN_2026_04045,True,True,True,False,True,True,True,0.85,0.9047512137368433,1
CB_IN_2026_02256,True,True,True,False,True,False,True,0.85,0.8100004719301273,1
CB_IN_2026_03129,True,True,False,False,True,True,False,0.08,0.2029540165811568,1
CB_IN_2026_00187,True,True,True,False,True,False,True,0.75,0.756606023606048,1
CB_IN_2026_06635,True,False,True,False,True,True,True,0.92,0.817779171566777,1
CB_IN_2026_06606,True,False,True,False,True,False,True,0.92,0.9111305426845437,1
CB_IN_2026_09286,True,True,True,False,True,False,True,0.92,0.9614839335710331,1
CB_IN_2026_02491,True,True,False,True,True,False,False,0.03,0.08430612030037327,1
CB_IN_2026_07128,False,True,True,False,False,False,True,0.85,0.98,1
CB_IN_2026_05152,True,True,True,False,True,False,True,0.18,0.17391484724551692,0
CB_IN_2026_08141,True,False,True,False,True,False,True,0.1,0.12248454460645528,0
CB_IN_2026_04407,False,True,False,False,True,False,False,0.05,0.09139043261549265,1
CB_IN_2026_03292,True,True,True,False,True,False,True,0.3,0.39380848342142233,0
CB_IN_2026_04707,True,True,False,False,True,True,True,0.85,0.8507611483905777,1
CB_IN_2026_05833,False,True,False,False,True,True,False,0.08,0.02,0
CB_IN_2026_00144,True,True,True,False,True,False,True,0.92,0.8382183736274279,1
CB_IN_2026_08706,True,False,True,False,False,False,True,0.45,0.37860953467527647,1
CB_IN_2026_03423,True,False,True,False,False,False,True,0.92,0.947353616968565,1
CB_IN_2026_00204,True,True,True,False,True,True,True,0.55,0.5158315257923552,1
CB_IN_2026_02501,True,False,False,False,True,False,True,0.25,0.23563307811307505,0
CB_IN_2026_02894,False,False,True,False,True,True,True,0.1,0.10279287144772142,0
CB_IN_2026_08661,True,True,True,False,True,True,True,0.88,0.9152288309196537,1
CB_IN_2026_04067,False,True,False,False,True,True,True,0.85,0.8550853044804188,1
CB_IN_2026_03882,True,False,True,False,True,False,True,0.92,0.9186763541154633,1
CB_IN_2026_03112,False,False,False,False,True,False,False,0.08,0.021017045698117486,0
CB_IN_2026_03017,False,True,True,False,True,True,True,0.92,0.8260988827771628,1
CB_IN_2026_05345,True,True,False,False,True,True,False,0.9,0.8801118337295647,1
CB_IN_2026_02702,False,True,True,False,True,False,True,0.9,0.9426077859516239,1
CB_IN_2026_01328,True,True,True,False,True,False,True,0.9,0.8942007600442479,1
CB_IN_2026_08682,True,True,True,False,False,False,True,0.92,0.8668034449679917,1
CB_IN_2026_07256,True,True,False,False,False,False,False,0.08,0.03222470163112255,0
CB_IN_2026_07067,True,True,False,True,True,False,True,0.18,0.14770802258832352,0
CB_IN_2026_06871,True,False,False,False,True,False,True,0.2,0.23998844529768948,0
CB_IN_2026_06095,True,True,True,False,True,False,True,0.9,0.9213267467771483,1
CB_IN_2026_04941,True,True,True,False,True,False,True,0.55,0.5538508049086815,1
CB_IN_2026_01551,True,True,True,False,True,False,True,0.9,0.8620237458442023,1
CB_IN_2026_06157,True,True,True,False,True,False,True,0.55,0.6377997531849875,1
CB_IN_2026_01384,True,False,True,False,False,False,False,0.45,0.4408166194851438,1
CB_IN_2026_05965,True,False,True,False,True,False,True,0.45,0.3652990241583857,0
CB_IN_2026_05731,True,False,True,False,True,False,True,0.9,0.7761533804006324,1
CB_IN_2026_01500,True,True,True,False,True,False,True,0.85,0.7996639486611532,1
CB_IN_2026_02460,True,True,False,False,True,False,False,0.08,0.0934809857536218,0
CB_IN_2026_09283,False,True,True,False,True,False,True,0.05,0.1341801463353633,0
CB_IN_2026_06942,True,True,True,False,True,True,True,0.85,0.8175775644553839,1
CB_IN_2026_03166,False,True,True,False,True,False,True,0.85,0.9145562374775411,1
CB_IN_2026_08665,False,True,False,False,True,True,True,0.92,0.971575762792854,1
CB_IN_2026_09212,True,False,True,False,True,True,True,0.92,0.9258722000503833,1
CB_IN_2026_01137,True,True,True,False,True,False,True,0.75,0.7274750483380997,1
CB_IN_2026_09093,True,False,True,False,True,False,True,0.55,0.6357305358927282,1
CB_IN_2026_08481,True,True,True,False,False,False,True,0.12,0.08521009322383072,0
CB_IN_2026_06334,True,False,True,False,False,False,True,0.92,0.9413913521372667,1
CB_IN_2026_06254,True,True,False,True,True,False,False,0.03,0.0898476378399116,0
CB_IN_2026_00141,True,True,True,False,True,False,True,0.85,0.8174964513801525,1
CB_IN_2026_04957,True,True,True,False,True,False,True,0.9,0.925841476234014,1
CB_IN_2026_04549,True,True,False,False,False,False,False,0.92,0.8524170849111727,0
CB_IN_2026_03013,True,False,True,False,True,True,False,0.08,0.23750931724749674,0
CB_IN_2026_03487,True,True,True,False,True,False,True,0.92,0.8841980484630175,1
CB_IN_2026_03937,True,True,True,False,True,True,True,0.9,0.900298283245396,1
CB_IN_2026_05101,True,True,True,False,True,False,True,0.55,0.6166279067548095,1
CB_IN_2026_07794,True,False,True,False,True,True,True,0.75,0.8722237984722564,1
CB_IN_2026_01166,True,True,True,False,True,True,True,0.55,0.5022928647137241,0
CB_IN_2026_06361,True,True,True,False,True,False,True,0.55,0.4721013900602252,0
CB_IN_2026_09393,True,False,True,False,True,True,True,0.92,0.8124470561586864,0
CB_IN_2026_07484,True,True,True,False,False,False,True,0.75,0.7728692603935557,1
CB_IN_2026_03481,True,False,False,False,False,False,False,0.08,0.03032356832029145,0
CB_IN_2026_01129,True,True,True,False,True,True,True,0.2,0.27844410059342395,0
CB_IN_2026_09729,True,True,True,False,False,True,True,0.92,0.8758394291849478,1
CB_IN_2026_07306,True,False,False,False,True,True,True,0.25,0.11832509577995881,0
CB_IN_2026_01678,True,True,False,False,True,False,False,0.3,0.23114203711208758,0
CB_IN_2026_06832,True,False,True,False,False,False,True,0.3,0.2876789312294169,1
CB_IN_2026_03084,True,True,False,False,True,True,False,0.08,0.17735579057461784,1
CB_IN_2026_03665,True,True,True,False,True,True,True,0.75,0.6996393215487215,1
CB_IN_2026_05693,True,True,True,False,True,True,True,0.25,0.3323749505706333,0
CB_IN_2026_06757,True,False,False,False,False,True,True,0.2,0.13044846313639358,1
CB_IN_2026_03888,True,False,False,False,True,True,True,0.25,0.34206733240194775,1
CB_IN_2026_07707,True,False,True,False,True,False,True,0.55,0.49998249682988494,1
CB_IN_2026_00524,True,False,True,False,True,True,True,0.1,0.11653132440911756,0
CB_IN_2026_08591,False,True,False,False,True,True,True,0.25,0.20025158649738958,1
CB_IN_2026_00947,True,False,True,False,True,False,True,0.18,0.09656719796799429,0
CB_IN_2026_00790,True,True,True,False,True,True,True,0.9,0.8649886294618089,1
CB_IN_2026_02882,False,True,True,False,False,True,True,0.92,0.9417503073359705,1
CB_IN_2026_02616,False,False,True,False,True,False,True,0.55,0.5306561402755015,0
CB_IN_2026_04074,True,True,False,False,False,True,False,0.08,0.10716586796444637,0
CB_IN_2026_08627,True,False,False,False,True,False,False,0.08,0.1243743909460613,0
CB_IN_2026_01520,True,False,False,False,True,False,True,0.92,0.8643374907196094,1
CB_IN_2026_04226,True,True,True,False,False,True,True,0.92,0.9390610118180184,1
CB_IN_2026_01713,False,True,True,False,False,True,True,0.85,0.8836944562200328,1
CB_IN_2026_04932,True,False,True,False,True,False,True,0.3,0.1878245957401919,1
CB_IN_2026_01836,True,True,True,False,False,False,True,0.3,0.347985143612028,1
CB_IN_2026_04268,True,False,True,False,True,True,True,0.75,0.7508063340626466,1
CB_IN_2026_05654,True,True,True,False,True,False,True,0.9,0.8723295312615531,1
CB_IN_2026_02309,True,True,True,False,True,False,True,0.9,0.9041267294196382,1
CB_IN_2026_06668,True,True,False,False,False,True,True,0.1,0.1837483011857552,0
CB_IN_2026_05365,True,True,False,False,False,True,True,0.25,0.2714222435528275,0
CB_IN_2026_00603,True,True,False,False,True,True,True,0.88,0.7855388835558785,1
CB_IN_2026_04276,True,True,False,False,True,False,False,0.08,0.18173874227325132,0
CB_IN_2026_05461,True,True,True,False,True,False,True,0.9,0.8572741911750601,1
CB_IN_2026_00796,True,False,False,False,True,True,False,0.1,0.13358736501023522,0
CB_IN_2026_02624,True,True,True,False,True,True,True,0.85,0.9029040036100439,1
CB_IN_2026_07680,True,True,False,False,True,False,False,0.3,0.4080398472617812,0
CB_IN_2026_06661,True,True,False,False,True,False,False,0.08,0.038986248429545865,0
CB_IN_2026_07372,True,True,True,False,True,True,False,0.08,0.02,0
CB_IN_2026_09539,True,False,False,False,True,False,False,0.08,0.04548922259027037,0
CB_IN_2026_03232,True,True,True,False,True,False,True,0.9,0.98,1
CB_IN_2026_05004,True,True,False,False,False,True,False,0.08,0.05893373590233765,0
CB_IN_2026_02466,False,False,False,False,True,True,False,0.08,0.023697396615121172,0
CB_IN_2026_04550,True,False,True,False,True,False,True,0.1,0.1440028576404811,1
CB_IN_2026_09649,True,True,False,False,False,False,False,0.08,0.05631660495274607,0
CB_IN_2026_09631,True,False,True,False,True,False,True,0.25,0.28263502033821225,0
CB_IN_2026_09638,True,False,False,False,True,False,True,0.1,0.13027579364010272,0
CB_IN_2026_09583,True,False,True,False,True,True,True,0.92,0.98,1
CB_IN_2026_02443,False,True,False,False,True,False,False,0.08,0.02,0
CB_IN_2026_04427,True,False,True,False,True,True,False,0.03,0.03254208365066658,0
CB_IN_2026_05266,True,False,False,True,False,True,False,0.03,0.02,0
CB_IN_2026_00781,True,True,True,False,True,False,True,0.3,0.3111455190603094,0
CB_IN_2026_07009,True,False,True,False,True,False,True,0.9,0.98,1
CB_IN_2026_09857,True,True,False,False,True,True,True,0.9,0.9451130056246381,1
CB_IN_2026_05818,False,False,True,False,True,True,False,0.08,0.11655516128609793,1
CB_IN_2026_05778,True,True,True,False,True,True,True,0.25,0.11258120153862267,0
CB_IN_2026_09155,True,True,True,False,True,False,False,0.08,0.20199869361762401,0
CB_IN_2026_06249,True,True,False,False,True,False,False,0.08,0.04786323471543846,0
CB_IN_2026_06749,True,True,False,False,False,True,False,0.03,0.02,0
CB_IN_2026_02931,True,False,False,False,True,True,True,0.9,0.8367789781925832,1
CB_IN_2026_04433,True,True,True,False,True,True,True,0.2,0.22100012477820608,1
CB_IN_2026_07524,True,True,False,False,True,False,False,0.08,0.17372776538318377,0
CB_IN_2026_03260,True,True,True,False,False,False,True,0.1,0.12089287112325131,1
CB_IN_2026_06701,True,True,False,False,False,True,True,0.25,0.241350078511982,0
CB_IN_2026_06392,True,True,True,False,False,False,True,0.92,0.9357139010298462,1
CB_IN_2026_03412,True,False,True,False,True,False,False,0.08,0.02,0
CB_IN_2026_07664,True,True,True,True,True,False,True,0.92,0.9041545288998791,1
CB_IN_2026_09584,True,False,True,False,True,True,True,0.55,0.5899331237028003,1
CB_IN_2026_00566,True,False,True,False,True,False,True,0.2,0.22504489503841946,0
CB_IN_2026_07405,True,False,True,False,True,False,True,0.92,0.8700604741142662,1
CB_IN_2026_05011,True,True,False,False,False,True,False,0.08,0.04662953557434102,0
CB_IN_2026_01237,True,True,True,False,False,True,True,0.75,0.6482429536072449,1
CB_IN_2026_03485,True,False,True,False,False,False,True,0.12,0.12649332496100502,0
CB_IN_2026_00582,False,True,True,False,False,False,True,0.85,0.79565004470274,1
CB_IN_2026_09266,False,False,False,False,True,False,False,0.08,0.0665470275575523,0
CB_IN_2026_00682,True,True,False,False,True,False,False,0.08,0.0862710928825144,0
CB_IN_2026_02717,True,True,True,False,True,True,True,0.9,0.7774303267282603,1
CB_IN_2026_03495,True,True,False,False,True,False,False,0.85,0.8093256786843551,0
CB_IN_2026_02946,True,False,True,False,True,True,True,0.92,0.9723904582988168,1
CB_IN_2026_05791,True,True,True,False,True,False,True,0.85,0.9009147223921532,1
CB_IN_2026_07573,False,True,True,False,True,False,True,0.55,0.4350886518900264,0
CB_IN_2026_08096,True,True,True,False,True,False,True,0.25,0.20365136833685873,0
CB_IN_2026_05201,True,True,True,False,False,False,True,0.3,0.3628728448553878,0
CB_IN_2026_05314,True,True,False,False,True,False,False,0.08,0.10227598464010927,1
CB_IN_2026_04363,False,True,True,False,True,True,True,0.75,0.7730662954092536,1
CB_IN_2026_02487,True,True,False,False,False,True,False,0.08,0.15552201684111533,0
CB_IN_2026_06110,True,True,False,False,True,False,False,0.85,0.8387313398803466,1
CB_IN_2026_06241,True,False,True,False,True,False,True,0.92,0.8619831213769606,0
CB_IN_2026_09395,True,False,True,False,True,True,True,0.92,0.8390905207875771,1
CB_IN_2026_06970,True,True,False,False,True,False,False,0.85,0.7986624038635957,1
CB_IN_2026_01537,True,False,True,False,True,False,True,0.3,0.17276003809060553,0
CB_IN_2026_03333,True,True,True,False,False,False,True,0.75,0.7189520279161377,1
CB_IN_2026_02537,True,True,False,False,True,False,False,0.9,0.8749763748941789,1
CB_IN_2026_09294,True,False,True,False,True,True,True,0.88,0.890243079462211,1
CB_IN_2026_07570,True,True,True,False,True,False,True,0.18,0.19179651073534223,0
CB_IN_2026_03347,False,False,True,False,False,False,True,0.55,0.6364075684227278,1
CB_IN_2026_03706,True,True,False,False,True,True,False,0.92,0.98,1
CB_IN_2026_08924,False,True,False,False,True,False,False,0.03,0.07984910658883766,0
CB_IN_2026_07566,False,True,False,False,True,False,False,0.05,0.02,0
CB_IN_2026_05991,False,False,True,False,True,False,True,0.1,0.1660426156577902,0
CB_IN_2026_08406,True,True,False,False,False,False,False,0.75,0.6762290910731791,0
CB_IN_2026_06242,True,True,True,False,True,False,True,0.85,0.9460678172113335,1
CB_IN_2026_01391,True,True,False,False,False,False,False,0.03,0.08161071448832871,0
CB_IN_2026_02567,True,False,True,False,True,False,True,0.55,0.4583044718346292,0
CB_IN_2026_03948,True,True,True,False,True,False,True,0.3,0.29379028745990754,0
CB_IN_2026_05092,True,False,True,False,True,True,True,0.45,0.4416166615115607,1
CB_IN_2026_07594,True,True,True,False,True,True,True,0.9,0.98,1
CB_IN_2026_02981,True,True,True,False,True,True,True,0.92,0.849127825568686,1
CB_IN_2026_02226,True,False,True,False,True,False,True,0.45,0.5496286860564852,1
CB_IN_2026_07918,True,True,False,False,True,False,False,0.08,0.10639475593255782,0
CB_IN_2026_09377,True,False,False,False,True,False,True,0.3,0.311359502396985,0
CB_IN_2026_04086,False,False,True,False,False,False,True,0.1,0.05548911869850228,0
CB_IN_2026_03138,True,True,False,False,True,True,True,0.75,0.7062143112447233,1
CB_IN_2026_03903,True,False,True,True,False,True,True,0.15,0.15559449228405595,0
CB_IN_2026_03185,False,True,True,False,False,False,True,0.15,0.10480233038607763,0
CB_IN_2026_00440,True,True,True,False,True,False,True,0.92,0.9040307288023168,1
CB_IN_2026_09036,False,True,True,False,True,True,True,0.9,0.7161501683484311,1
CB_IN_2026_00233,True,True,False,False,False,False,True,0.85,0.868566425328422,1
CB_IN_2026_08252,False,False,True,False,True,False,True,0.05,0.07520030002110942,0
CB_IN_2026_06665,True,True,False,False,True,False,True,0.25,0.23520330586649993,1
CB_IN_2026_07403,True,False,True,False,True,True,True,0.9,0.9203680418132086,1
CB_IN_2026_03368,True,True,True,False,True,False,True,0.9,0.9201027601765137,1
CB_IN_2026_01039,True,True,True,False,True,False,True,0.9,0.95218821547832,1
CB_IN_2026_07628,True,True,True,False,True,False,True,0.92,0.9114164249842667,1
CB_IN_2026_03794,True,True,False,False,False,False,True,0.75,0.7155090273997835,1
CB_IN_2026_00444,True,True,True,False,True,True,True,0.55,0.6616451803042918,0
CB_IN_2026_09008,False,True,True,False,True,False,False,0.08,0.035160454825255254,0
CB_IN_2026_04918,True,True,True,False,True,True,True,0.9,0.947135949514376,1
CB_IN_2026_09522,True,True,True,False,True,False,True,0.85,0.8355634639138506,1
CB_IN_2026_05754,True,True,True,False,False,False,True,0.2,0.2238971026531088,0
CB_IN_2026_07338,True,False,True,False,False,False,True,0.55,0.5459628290100036,0
CB_IN_2026_01496,True,True,True,False,True,False,False,0.08,0.02,0
CB_IN_2026_06526,True,True,True,False,False,True,True,0.85,0.9035968608540569,1
CB_IN_2026_06191,False,False,True,False,True,False,True,0.55,0.40214045724000197,0
CB_IN_2026_07198,True,False,False,False,True,True,False,0.08,0.19902781415057688,1
CB_IN_2026_09434,True,True,True,False,True,False,True,0.85,0.7119276660082916,0
CB_IN_2026_09919,True,True,True,False,False,False,True,0.75,0.7704555203995069,1
CB_IN_2026_03029,True,True,False,False,True,False,False,0.08,0.12439833752835075,1
CB_IN_2026_01117,True,False,False,False,True,True,True,0.92,0.9580566854609316,1
CB_IN_2026_06758,True,False,False,False,False,False,False,0.3,0.4082141685635557,1
CB_IN_2026_00720,False,True,True,False,True,False,True,0.05,0.02,0
CB_IN_2026_04701,True,True,True,False,True,False,False,0.08,0.08152804914390613,0
CB_IN_2026_00085,False,True,True,False,True,False,True,0.05,0.07160528336554488,0
CB_IN_2026_07753,True,True,True,False,False,True,True,0.85,0.8315761258944041,1
CB_IN_2026_08839,False,True,False,False,True,False,False,0.08,0.15295407729261257,0
CB_IN_2026_09519,True,False,True,False,True,False,True,0.92,0.9305666239044775,1
CB_IN_2026_02467,True,False,True,False,True,False,False,0.08,0.10719502622425758,0
CB_IN_2026_01765,True,True,True,False,False,False,True,0.92,0.8665817840541734,1
CB_IN_2026_06419,True,True,True,False,True,False,True,0.85,0.8805989869484319,0
CB_IN_2026_07254,True,True,True,False,True,False,True,0.3,0.39457355889454654,1
CB_IN_2026_01431,True,True,True,False,True,False,True,0.92,0.98,1
CB_IN_2026_05133,False,True,False,False,True,False,False,0.08,0.2787529124885324,0
CB_IN_2026_03975,True,False,False,False,True,False,False,0.08,0.02,0
CB_IN_2026_07132,True,False,True,False,True,False,True,0.92,0.753081795358983,1
CB_IN_2026_01631,True,True,True,False,True,True,True,0.88,0.9409385109398223,1
CB_IN_2026_06799,True,True,True,False,True,True,True,0.75,0.6777582741928972,1
CB_IN_2026_02811,True,True,True,False,True,False,True,0.3,0.29644972889511256,0
CB_IN_2026_09430,True,True,True,False,True,False,True,0.18,0.2835212185255783,0
CB_IN_2026_02756,True,True,False,False,False,False,False,0.85,0.6499191714257907,0
CB_IN_2026_06251,True,False,False,False,False,False,False,0.45,0.40546168042981434,1
CB_IN_2026_02602,True,True,True,False,True,False,True,0.85,0.8498497609204486,1
CB_IN_2026_04010,False,True,True,False,True,True,True,0.9,0.7937220970055575,0
CB_IN_2026_08208,False,True,False,False,False,True,False,0.92,0.9593548778356378,0
CB_IN_2026_04623,False,True,True,False,True,True,True,0.75,0.7373834423063631,1
CB_IN_2026_04112,False,True,False,False,True,False,False,0.08,0.06262353815833598,0
CB_IN_2026_06836,True,False,False,False,False,True,True,0.92,0.8696977097993756,1
CB_IN_2026_07419,False,True,True,False,True,False,True,0.05,0.14629869975433546,1
CB_IN_2026_09747,False,True,True,False,True,False,True,0.9,0.8975548768747945,1
CB_IN_2026_03649,True,False,True,False,False,True,True,0.92,0.8542795085500986,1
CB_IN_2026_09744,True,True,True,False,True,True,True,0.75,0.799949712706621,1
CB_IN_2026_05630,True,False,True,False,False,True,True,0.1,0.09734084690132827,0
CB_IN_2026_06744,True,True,False,False,True,False,False,0.08,0.13100792370695802,0
CB_IN_2026_08145,True,False,True,False,True,False,True,0.45,0.5668139107362904,1
CB_IN_2026_08240,True,False,True,False,False,True,True,0.92,0.9344463202730602,1
CB_IN_2026_08173,True,False,True,False,False,False,True,0.03,0.02,0
CB_IN_2026_08707,True,True,True,False,False,False,False,0.15,0.33151095115208123,1
CB_IN_2026_07185,True,True,True,False,True,False,True,0.55,0.6118053998260792,0
CB_IN_2026_08216,True,True,True,True,False,True,True,0.92,0.9231613867702094,1
CB_IN_2026_00452,False,False,True,False,False,True,True,0.15,0.1697970971223417,0
CB_IN_2026_08592,True,True,True,False,True,False,True,0.85,0.8999680641630896,1
CB_IN_2026_01930,False,True,True,False,True,False,True,0.05,0.1462351438576947,1
CB_IN_2026_09560,False,True,True,False,True,False,True,0.85,0.7515878746589898,1
CB_IN_2026_04746,True,False,True,False,False,False,True,0.1,0.02475128397913262,0
CB_IN_2026_00808,True,False,False,False,True,True,True,0.9,0.8779056360191114,1
CB_IN_2026_04793,True,False,True,False,True,False,True,0.92,0.98,1
CB_IN_2026_03537,False,True,False,False,True,True,True,0.9,0.7876874667491801,1
CB_IN_2026_03823,True,False,False,False,True,False,True,0.1,0.02,0
CB_IN_2026_08971,True,True,False,False,True,False,False,0.08,0.24437128572693823,0
CB_IN_2026_09567,True,False,True,False,True,True,True,0.9,0.9103404621868716,0
CB_IN_2026_00363,True,True,True,False,True,True,True,0.75,0.7491026399894848,1
CB_IN_2026_05083,True,True,False,False,True,False,False,0.08,0.060960086383666845,0
CB_IN_2026_02254,True,True,True,False,True,False,True,0.9,0.9782179166113606,1
CB_IN_2026_01619,True,True,True,False,True,True,True,0.55,0.4760525401948771,0
CB_IN_2026_06904,False,True,False,False,True,True,False,0.05,0.02,0
CB_IN_2026_05675,True,True,False,False,True,False,False,0.9,0.7714251312544251,1
CB_IN_2026_02177,True,True,False,False,True,False,True,0.92,0.9639499861735621,0
CB_IN_2026_06642,True,True,True,False,False,False,True,0.15,0.16119141140479845,0
CB_IN_2026_00211,True,True,True,False,False,False,True,0.85,0.8905367162603349,1
CB_IN_2026_04812,True,False,False,False,True,False,True,0.3,0.22744533338659312,1
CB_IN_2026_08608,False,False,False,False,True,True,False,0.88,0.8325316010460471,1
CB_IN_2026_07514,True,False,True,False,True,True,True,0.92,0.8031850996896545,0
CB_IN_2026_07723,False,True,True,False,True,False,True,0.9,0.8467999112373289,1
CB_IN_2026_01160,True,True,True,False,True,True,True,0.55,0.5715535987095635,0
CB_IN_2026_05985,True,False,True,False,True,True,True,0.45,0.3588202979541086,0
CB_IN_2026_02409,True,False,True,False,True,False,False,0.9,0.8950646779863325,0
CB_IN_2026_08581,True,False,True,False,True,False,True,0.9,0.8860041406081797,1
CB_IN_2026_06666,True,True,True,False,True,False,True,0.92,0.8014776994040103,1
CB_IN_2026_01772,True,True,False,False,True,False,False,0.08,0.04341272815952889,0
CB_IN_2026_02823,True,True,True,False,False,False,True,0.92,0.98,1
CB_IN_2026_07759,False,True,False,False,True,False,False,0.08,0.1723679778058303,1
CB_IN_2026_06390,False,False,False,False,False,True,False,0.03,0.02,0
CB_IN_2026_02883,True,True,True,False,True,False,True,0.3,0.2590253487840868,1
CB_IN_2026_07562,True,True,True,False,False,False,True,0.3,0.3064357809328872,1
CB_IN_2026_05516,False,False,True,False,False,True,True,0.25,0.2249041739653617,1
CB_IN_2026_06530,False,True,False,False,False,True,True,0.1,0.02,0
CB_IN_2026_00549,True,False,False,False,True,True,False,0.08,0.021657157508689795,0
CB_IN_2026_02683,True,False,False,False,True,False,False,0.08,0.02,0
CB_IN_2026_08230,True,True,False,False,True,False,False,0.08,0.07260938299835129,0
CB_IN_2026_01198,False,False,True,False,True,False,True,0.3,0.23851116429835495,1
CB_IN_2026_08144,True,True,True,False,True,False,True,0.55,0.5342055486537322,0
CB_IN_2026_08013,True,True,True,False,False,False,True,0.1,0.1611257469716475,1
CB_IN_2026_09646,True,True,False,False,True,False,False,0.08,0.02,0
CB_IN_2026_09571,True,True,False,False,True,False,False,0.9,0.9785722875866593,1
CB_IN_2026_04697,True,True,True,False,True,False,True,0.85,0.9131941604296467,1
CB_IN_2026_05855,True,True,True,False,True,True,True,0.85,0.7807924488645889,0
CB_IN_2026_01854,True,True,True,False,True,False,True,0.3,0.2864744003619479,0
CB_IN_2026_08663,True,False,False,False,True,True,True,0.92,0.8843751449855709,0
CB_IN_2026_02699,True,True,True,False,True,False,True,0.25,0.2406449908912158,1
CB_IN_2026_01453,True,False,True,False,True,False,True,0.45,0.5101245586730607,1
CB_IN_2026_07953,True,False,True,False,False,True,True,0.1,0.03588932699316549,0
CB_IN_2026_00342,True,True,True,False,True,False,True,0.55,0.5633620510162644,1
CB_IN_2026_03700,True,False,True,False,True,False,True,0.18,0.17891027288423786,0
CB_IN_2026_00013,True,False,True,False,True,False,True,0.1,0.13095853822203624,0
CB_IN_2026_04687,True,False,True,False,True,False,True,0.9,0.8849957716241625,1
CB_IN_2026_05280,False,False,True,False,True,True,True,0.88,0.9170181205324369,0
CB_IN_2026_05436,True,False,True,False,False,False,True,0.15,0.13312416984817352,0
CB_IN_2026_04662,True,True,True,False,True,False,True,0.85,0.9046652761711356,0
CB_IN_2026_07756,True,False,True,False,False,True,True,0.1,0.0732474093893373,0
CB_IN_2026_00361,False,False,True,False,True,False,True,0.75,0.7075806895435196,0
CB_IN_2026_09479,True,True,True,False,True,False,True,0.2,0.19688875033854356,0
CB_IN_2026_03009,True,False,False,False,True,True,False,0.08,0.02,0
CB_IN_2026_01761,False,False,True,False,True,True,True,0.25,0.22599402013038267,0
CB_IN_2026_01571,True,False,True,False,True,False,True,0.1,0.16947697646113105,0
CB_IN_2026_01865,True,False,True,False,True,False,True,0.55,0.5957352997507304,1
CB_IN_2026_09637,True,False,False,False,True,False,False,0.08,0.02,0
CB_IN_2026_04656,True,False,True,False,True,False,True,0.92,0.7242192541760566,1
CB_IN_2026_05812,True,False,True,False,True,False,True,0.92,0.9451536744774757,1
CB_IN_2026_02707,True,True,True,False,True,True,True,0.9,0.98,1
CB_IN_2026_08348,False,True,True,False,True,False,True,0.18,0.2817326608975983,0
CB_IN_2026_00213,True,False,True,False,True,False,True,0.3,0.35159748564192106,1
CB_IN_2026_01272,True,False,True,False,True,True,True,0.92,0.7458489694931243,0
CB_IN_2026_09655,False,True,False,False,True,True,False,0.05,0.10527726502299495,0
CB_IN_2026_04131,True,True,True,False,True,False,True,0.85,0.8104196445742017,1
CB_IN_2026_05317,True,True,False,False,False,False,False,0.08,0.02,0
CB_IN_2026_00377,True,False,True,False,True,False,True,0.3,0.3274676836730488,0
CB_IN_2026_08138,True,True,False,False,True,False,False,0.08,0.02,0
CB_IN_2026_07910,True,True,True,False,True,True,True,0.55,0.583711917177117,1
CB_IN_2026_07716,True,False,False,False,True,False,False,0.45,0.4737504480489102,0
CB_IN_2026_06493,True,True,True,False,True,False,True,0.85,0.7414571131735187,1
CB_IN_2026_07649,True,False,False,False,True,False,True,0.9,0.8504127143356175,1
CB_IN_2026_07368,True,True,False,True,True,False,False,0.92,0.7997586867324414,0
CB_IN_2026_06312,True,False,True,False,False,True,False,0.08,0.16812865344317807,0
CB_IN_2026_08679,True,True,True,False,True,False,True,0.9,0.812061503592763,1
CB_IN_2026_09825,True,False,True,False,False,False,True,0.92,0.8365489907491805,1
CB_IN_2026_06409,True,False,True,False,True,False,True,0.75,0.7271770848206558,0
CB_IN_2026_08499,True,False,True,False,True,False,True,0.55,0.4713843965457797,0
CB_IN_2026_09926,True,True,True,False,True,False,True,0.18,0.07462767954722442,0
CB_IN_2026_09916,True,True,True,False,True,True,True,0.85,0.7680245478462618,0
CB_IN_2026_07036,True,True,False,False,True,True,False,0.08,0.1675811642714105,0
CB_IN_2026_09676,True,False,True,False,True,False,True,0.92,0.8828359101899081,1
CB_IN_2026_07542,True,False,True,False,True,False,True,0.3,0.29423494145770906,0
CB_IN_2026_08314,True,True,True,False,True,True,True,0.88,0.9341467819262974,1
CB_IN_2026_07581,True,True,True,False,True,True,True,0.85,0.8622491864338766,1
CB_IN_2026_05761,True,True,True,False,True,False,True,0.85,0.7827167593760976,1
CB_IN_2026_05894,True,False,False,False,False,False,True,0.25,0.20657889459116535,0
CB_IN_2026_09683,True,True,True,False,True,False,True,0.18,0.20657831436744625,0
CB_IN_2026_04999,True,True,True,False,False,False,True,0.55,0.5220670361758082,1
CB_IN_2026_01846,True,True,True,False,False,True,True,0.75,0.7241132437341319,1
CB_IN_2026_04003,True,False,True,False,False,True,True,0.92,0.7701881017934088,0
CB_IN_2026_05084,True,True,True,False,True,False,True,0.55,0.43727635004405235,1
CB_IN_2026_00547,True,False,True,False,True,False,True,0.75,0.6805677142233161,1
CB_IN_2026_00817,True,False,True,False,True,True,True,0.9,0.9661073632101538,1
CB_IN_2026_01079,False,True,True,False,True,False,True,0.9,0.8950924901457884,1
CB_IN_2026_03073,True,True,True,False,True,True,True,0.92,0.8758229427983557,1
CB_IN_2026_01388,True,False,False,False,False,False,False,0.12,0.08744911206395109,0
CB_IN_2026_04779,False,False,True,False,False,False,True,0.75,0.8471633642275157,1
CB_IN_2026_02743,True,False,False,False,True,False,False,0.08,0.2261546232119528,0
CB_IN_2026_01091,True,False,True,False,False,False,True,0.15,0.14250260966694522,0
CB_IN_2026_03307,True,False,True,False,True,False,True,0.18,0.2648516226280589,0
CB_IN_2026_01526,True,False,True,False,False,True,True,0.55,0.5532407190170705,1
CB_IN_2026_02378,True,False,True,False,True,True,True,0.92,0.9423651531293616,1
CB_IN_2026_00905,True,True,False,False,True,True,True,0.85,0.7890712842592558,0
CB_IN_2026_03883,True,False,False,False,True,True,False,0.08,0.06705277339365355,0
CB_IN_2026_05396,True,True,True,False,True,False,True,0.85,0.8723559932801179,1
CB_IN_2026_04206,True,False,True,False,True,False,True,0.1,0.05977165269012791,0
CB_IN_2026_04924,False,False,False,False,True,True,True,0.92,0.8256936412467735,0
CB_IN_2026_03946,True,False,True,False,True,False,True,0.55,0.44531528434652196,0
CB_IN_2026_05080,False,True,True,False,True,True,True,0.05,0.12721427554783432,0
CB_IN_2026_05933,True,False,False,False,True,False,False,0.08,0.19385226618518753,0
CB_IN_2026_05934,True,True,True,False,True,True,False,0.85,0.9376425171428209,1
CB_IN_2026_03696,True,True,True,False,True,False,True,0.18,0.21669897867213142,1
CB_IN_2026_07574,True,True,False,False,True,False,True,0.85,0.8567587953837678,1
CB_IN_2026_05082,False,False,True,False,True,True,True,0.1,0.1237939376055582,0
CB_IN_2026_09143,True,False,True,False,True,False,True,0.3,0.3200345523511631,0
CB_IN_2026_00306,False,False,True,False,True,True,True,0.75,0.7247454275946443,1
CB_IN_2026_01699,True,True,False,False,False,False,False,0.03,0.025840512064707066,0
CB_IN_2026_07378,True,False,True,False,True,False,True,0.9,0.9616565266755034,1
CB_IN_2026_02816,True,True,True,False,True,True,True,0.9,0.8910445402915307,1
CB_IN_2026_04935,True,True,False,False,True,True,True,0.88,0.971712788501171,1
CB_IN_2026_00348,True,True,True,False,True,True,True,0.92,0.98,1
CB_IN_2026_06520,True,False,False,False,True,False,False,0.03,0.06061761651152643,0
CB_IN_2026_05705,True,True,True,False,True,True,True,0.85,0.8898043249082497,1
CB_IN_2026_05384,True,True,False,True,True,False,True,0.18,0.21051522085266994,0
CB_IN_2026_07827,True,True,True,False,True,False,True,0.03,0.02,0
CB_IN_2026_01220,True,True,False,False,True,True,False,0.08,0.08115499949963184,0
CB_IN_2026_03135,True,True,False,False,True,True,True,0.9,0.8477432017232425,1
CB_IN_2026_06113,True,True,False,False,True,True,True,0.9,0.8168642725229908,1
CB_IN_2026_06579,True,True,True,False,True,True,True,0.92,0.9397550244622908,1
CB_IN_2026_02840,True,True,False,False,True,False,False,0.75,0.8275170858788621,1
CB_IN_2026_07123,True,True,False,False,True,True,False,0.9,0.98,1
CB_IN_2026_01661,True,True,False,False,True,False,True,0.9,0.9310095306434713,1
CB_IN_2026_02847,True,True,True,False,True,False,True,0.75,0.7228095385351182,1
CB_IN_2026_09024,True,True,True,False,False,True,True,0.85,0.8974175068173974,1
CB_IN_2026_08619,True,True,True,False,True,False,True,0.55,0.4897927577553974,0
CB_IN_2026_04381,True,True,False,False,False,False,True,0.3,0.18669332406640418,1
CB_IN_2026_02985,True,False,True,False,True,False,True,0.75,0.8483361191603137,0
CB_IN_2026_04900,True,True,False,False,True,False,False,0.08,0.09100257095802469,0
CB_IN_2026_02372,False,True,True,False,True,True,True,0.85,0.8225110346826779,1
CB_IN_2026_02900,True,True,True,False,True,True,True,0.75,0.6979345564722053,1
CB_IN_2026_08165,True,False,True,False,True,False,True,0.1,0.04722935835700611,0
CB_IN_2026_08142,True,False,True,False,False,False,True,0.1,0.11498468791260463,0
CB_IN_2026_08132,True,False,True,False,True,False,True,0.45,0.4408293196898246,0
CB_IN_2026_00749,True,True,False,False,True,False,False,0.08,0.18544710781077844,0
CB_IN_2026_03408,False,True,True,False,False,False,False,0.08,0.059536766742261577,1
CB_IN_2026_08295,True,True,False,False,True,True,True,0.92,0.9085177373366221,1
CB_IN_2026_09889,False,True,True,False,True,False,True,0.75,0.818417856412871,1
CB_IN_2026_00533,True,True,False,False,True,False,False,0.08,0.02,0
CB_IN_2026_00901,True,False,True,False,False,False,True,0.3,0.31979299385131815,0
CB_IN_2026_02239,False,True,False,False,True,True,True,0.9,0.9159797452693389,1
CB_IN_2026_03816,True,False,False,False,False,False,False,0.08,0.13334000530896728,1
CB_IN_2026_09412,True,True,True,False,True,False,True,0.3,0.23625058116560846,0
CB_IN_2026_00532,True,True,True,False,True,False,True,0.18,0.19723680686779183,1
CB_IN_2026_07874,True,True,True,False,True,True,True,0.9,0.98,1
CB_IN_2026_00659,False,True,True,False,True,True,True,0.92,0.9030461603239842,1
CB_IN_2026_07831,True,True,True,False,True,True,True,0.03,0.02,0
CB_IN_2026_09039,True,True,False,False,True,False,False,0.08,0.02,0
CB_IN_2026_06367,True,False,False,False,True,True,False,0.08,0.11111750049961747,0
CB_IN_2026_01671,False,False,False,False,True,True,False,0.03,0.03861867283949241,0
CB_IN_2026_06671,True,True,False,False,True,False,False,0.85,0.75281119698365,1
CB_IN_2026_03772,False,True,True,False,True,False,False,0.9,0.8908447063057361,1
CB_IN_2026_01194,False,True,False,False,True,True,False,0.08,0.06303095028131706,0
CB_IN_2026_08074,False,False,False,False,True,False,True,0.25,0.2930140465813641,0
CB_IN_2026_05979,True,True,False,False,False,False,False,0.08,0.02,0
CB_IN_2026_03286,False,False,True,False,True,False,True,0.75,0.7591566861817892,1
CB_IN_2026_08733,True,True,True,False,False,True,True,0.88,0.8751246923372213,1
CB_IN_2026_01349,True,True,True,False,True,True,True,0.2,0.13060433660715698,0
CB_IN_2026_07984,True,False,True,False,False,False,True,0.1,0.08517014209937286,0
CB_IN_2026_00029,False,True,False,False,True,False,False,0.05,0.02,0
CB_IN_2026_05568,False,True,False,False,True,False,False,0.08,0.0608951905027256,0
CB_IN_2026_05785,True,True,True,False,True,False,True,0.85,0.7296336143487918,1
CB_IN_2026_04980,True,True,False,False,True,False,False,0.08,0.16218584084039261,0
CB_IN_2026_08788,True,False,True,False,False,True,True,0.12,0.02,0
CB_IN_2026_01414,True,True,True,False,False,False,True,0.85,0.8632975423034397,0
CB_IN_2026_01231,True,True,True,False,True,False,True,0.92,0.8049901737150089,1
CB_IN_2026_07207,True,True,True,False,False,True,True,0.85,0.7503156621246276,1
CB_IN_2026_06096,True,False,True,False,True,False,True,0.3,0.29048610359290683,0
CB_IN_2026_01473,True,False,True,False,True,True,True,0.1,0.02,0
CB_IN_2026_06384,True,False,True,False,True,False,True,0.75,0.6960454906455863,0
CB_IN_2026_02030,False,True,False,False,False,False,False,0.3,0.3144779513063657,0
CB_IN_2026_00201,True,False,False,False,True,False,False,0.08,0.13158905416162103,0
CB_IN_2026_09626,True,True,True,False,False,False,True,0.55,0.6470377376362607,1
CB_IN_2026_02936,True,True,False,False,True,True,True,0.92,0.98,1
CB_IN_2026_06899,True,False,True,False,True,False,True,0.75,0.7629880556940452,1
CB_IN_2026_03952,True,False,False,False,True,False,True,0.9,0.98,1
CB_IN_2026_06883,False,True,True,False,False,False,True,0.3,0.29676739055912504,0
CB_IN_2026_03996,True,True,False,False,True,False,False,0.18,0.17467605033060224,0
CB_IN_2026_06215,False,True,False,False,True,True,True,0.05,0.15875337070610518,1
CB_IN_2026_02686,True,False,True,False,True,True,True,0.92,0.9251519111168953,1
CB_IN_2026_05612,True,False,True,False,True,False,True,0.03,0.02,0
CB_IN_2026_06571,True,True,True,False,False,False,False,0.03,0.07420965858421419,0
CB_IN_2026_06206,False,False,True,False,True,False,True,0.18,0.13636947993009935,0
CB_IN_2026_01771,True,False,False,False,True,False,False,0.08,0.14948348717915494,1
CB_IN_2026_08301,True,True,False,False,True,False,False,0.08,0.02,0
CB_IN_2026_01768,True,True,True,False,True,False,True,0.55,0.6089584282095595,0
CB_IN_2026_04728,False,False,True,False,True,True,True,0.88,0.8799842442421105,1
CB_IN_2026_08590,False,False,False,False,False,True,False,0.08,0.12764280526938906,0
CB_IN_2026_05128,True,True,True,False,True,False,True,0.2,0.18466157876664221,0
CB_IN_2026_07687,True,True,True,False,True,False,True,0.75,0.7743064494206727,1
CB_IN_2026_03319,True,True,True,False,True,True,True,0.92,0.8010268058438277,1
CB_IN_2026_05284,False,True,True,False,True,False,True,0.3,0.25404960667213733,0
CB_IN_2026_08573,False,False,True,False,True,True,True,0.9,0.8004163718872868,1
CB_IN_2026_06194,True,True,False,False,True,False,True,0.9,0.9550472883419361,1
CB_IN_2026_09195,True,False,True,False,True,False,True,0.9,0.875296875004812,0
CB_IN_2026_06345,True,True,True,False,True,False,True,0.3,0.18143475310889942,0
CB_IN_2026_00976,True,False,True,False,True,True,True,0.88,0.8283793684715571,1
CB_IN_2026_07305,True,True,False,False,True,True,False,0.08,0.11567980240452061,0
CB_IN_2026_09181,True,False,True,False,True,False,True,0.55,0.48890921589428493,1
CB_IN_2026_01314,True,False,True,False,False,False,True,0.18,0.22659174060857476,1
CB_IN_2026_07949,True,False,False,True,False,True,True,0.03,0.03510457920879764,0
CB_IN_2026_09579,True,True,False,False,True,True,False,0.08,0.2006845159113262,0
CB_IN_2026_00670,False,True,True,False,True,True,True,0.2,0.15943616204419347,0
CB_IN_2026_03448,True,True,True,False,True,True,True,0.9,0.8441424671121286,1
CB_IN_2026_02701,True,False,False,False,True,False,False,0.08,0.17758436377663991,0
CB_IN_2026_00438,True,False,True,False,False,False,True,0.1,0.2112138468912576,0
CB_IN_2026_05183,True,True,True,False,True,False,True,0.3,0.3639597070309452,0
CB_IN_2026_05044,True,True,True,False,True,False,True,0.9,0.8232474382740866,1
CB_IN_2026_07115,True,True,True,False,True,True,True,0.85,0.8865701002986591,0
CB_IN_2026_05714,True,True,False,False,True,False,False,0.08,0.05438839619341927,0
CB_IN_2026_07263,True,False,True,False,True,True,True,0.1,0.16935613436729458,0
CB_IN_2026_09094,True,False,True,False,False,False,True,0.3,0.28512661991489396,0
CB_IN_2026_09512,True,True,True,False,False,False,True,0.12,0.1561322488229926,0
CB_IN_2026_07913,True,False,True,False,True,True,True,0.88,0.8414023893655092,1
CB_IN_2026_00888,True,False,True,False,True,False,True,0.9,0.8729769589855473,1
CB_IN_2026_01281,True,False,True,False,True,False,True,0.55,0.6275132229583354,0
CB_IN_2026_00384,False,True,False,False,True,False,True,0.2,0.12456018912936663,0
CB_IN_2026_09431,True,False,True,False,True,False,True,0.25,0.329891825287932,0
CB_IN_2026_01910,False,True,False,False,True,False,True,0.18,0.2223042678140212,1
CB_IN_2026_01729,True,False,False,False,True,False,False,0.08,0.09551193160220131,0
CB_IN_2026_07697,True,True,True,False,False,True,True,0.15,0.11621195138001122,0
CB_IN_2026_06867,True,True,True,False,True,True,True,0.85,0.8419789361093354,1
CB_IN_2026_04786,True,False,True,False,False,True,True,0.1,0.07911610931842768,0
CB_IN_2026_09798,True,True,False,False,False,False,True,0.75,0.6197551768963164,1
CB_IN_2026_01837,False,True,False,False,True,True,True,0.9,0.857496829883861,1
CB_IN_2026_01979,True,True,False,False,False,False,False,0.08,0.12169169527462641,0
CB_IN_2026_01543,True,True,True,False,True,True,True,0.92,0.9272135523912083,1
CB_IN_2026_05580,False,True,False,False,True,True,True,0.88,0.824496643731388,1
CB_IN_2026_03136,True,True,True,False,True,False,True,0.18,0.07366561069297446,0
CB_IN_2026_06365,True,False,True,False,False,False,True,0.1,0.06029433879787596,0
CB_IN_2026_00189,True,True,False,False,True,False,False,0.08,0.06404337777119741,0
CB_IN_2026_08332,False,False,True,False,False,False,True,0.1,0.021808670165695668,0
CB_IN_2026_06079,True,True,True,False,True,False,True,0.25,0.24481892206622058,0
CB_IN_2026_06234,True,True,True,False,True,True,True,0.9,0.98,1
CB_IN_2026_04417,True,True,True,False,True,False,True,0.92,0.98,1
CB_IN_2026_07489,True,False,True,False,True,True,True,0.88,0.8826274568481804,1
CB_IN_2026_01820,True,True,True,False,True,True,True,0.88,0.9100866077808861,1
CB_IN_2026_02117,True,True,True,False,False,False,True,0.15,0.1753663046244797,0
CB_IN_2026_06349,True,False,True,False,True,False,True,0.55,0.48976597710846576,0
CB_IN_2026_04220,True,True,True,False,True,False,True,0.9,0.9774455789784859,1
CB_IN_2026_06054,False,False,True,False,False,False,False,0.15,0.2287739593829305,1
CB_IN_2026_09467,True,True,True,False,False,False,True,0.85,0.8857866012766975,1
CB_IN_2026_00470,True,False,True,False,True,False,True,0.3,0.36820566116994946,0
CB_IN_2026_01841,True,False,True,False,True,True,True,0.92,0.9239382344186029,1
CB_IN_2026_09589,True,False,False,False,True,False,True,0.9,0.98,1
CB_IN_2026_02237,True,True,True,False,True,False,True,0.75,0.836842159299509,1
CB_IN_2026_07348,True,False,True,False,True,True,True,0.92,0.7337157625130606,1
CB_IN_2026_03827,True,False,False,False,True,False,False,0.08,0.08545848530080102,0
CB_IN_2026_05579,True,True,True,False,True,False,True,0.9,0.8487045512688526,1
CB_IN_2026_05497,True,False,True,False,True,True,True,0.55,0.5711426053553383,1
CB_IN_2026_03357,True,False,True,False,True,True,True,0.9,0.900668131258732,0
CB_IN_2026_06647,True,True,True,False,False,False,True,0.85,0.809365928282708,1
CB_IN_2026_00885,False,False,True,False,True,True,True,0.05,0.02,0
CB_IN_2026_05112,True,False,True,False,False,False,True,0.75,0.6971317122502689,0
CB_IN_2026_02034,True,False,True,False,True,True,True,0.2,0.2206700273569207,0
CB_IN_2026_02976,True,False,False,False,True,False,False,0.08,0.1899155208923098,0
CB_IN_2026_02210,True,False,True,False,True,True,True,0.92,0.8609122984694786,1
CB_IN_2026_02100,True,True,True,False,True,True,True,0.85,0.896869179815375,1
CB_IN_2026_05923,True,True,True,False,True,True,True,0.85,0.8959901192141702,1
CB_IN_2026_08166,False,True,True,False,False,True,True,0.12,0.052450499460244465,1
CB_IN_2026_00572,True,True,True,False,True,True,True,0.85,0.8600386597111807,1
CB_IN_2026_05553,True,False,False,False,False,False,False,0.08,0.02,0
CB_IN_2026_00314,True,False,False,False,True,False,True,0.9,0.8936574763165323,1
CB_IN_2026_01404,False,True,True,False,True,True,True,0.9,0.8327302830397877,1
CB_IN_2026_00337,True,True,False,False,True,False,False,0.85,0.9598755382053408,1
CB_IN_2026_01442,True,False,True,False,False,False,True,0.55,0.6408040332454206,0
CB_IN_2026_01245,True,True,True,False,False,False,True,0.1,0.07112451999336547,0
CB_IN_2026_01490,True,True,True,False,True,False,True,0.18,0.15170741228632367,0
CB_IN_2026_05668,True,False,True,False,False,True,True,0.92,0.860076870051769,1
CB_IN_2026_02394,True,False,True,False,True,False,True,0.9,0.8558083530590967,1
CB_IN_2026_08502,True,True,True,False,True,True,True,0.9,0.8844884245779218,1
CB_IN_2026_03805,False,False,False,False,False,True,False,0.08,0.15489002880708416,0
CB_IN_2026_05543,True,False,True,False,True,False,True,0.9,0.98,1
CB_IN_2026_00768,True,True,True,False,True,True,True,0.92,0.8837648515564316,1
CB_IN_2026_00728,True,True,False,False,True,True,True,0.25,0.17611199395884686,0
CB_IN_2026_02748,True,True,False,False,True,False,False,0.08,0.07885698831466822,0
CB_IN_2026_01694,True,False,False,False,False,False,False,0.08,0.07785481509838292,0
CB_IN_2026_06213,True,False,True,False,True,False,True,0.1,0.0784352943934708,0
CB_IN_2026_01714,False,False,False,False,True,True,False,0.08,0.12441163480276224,0
CB_IN_2026_00149,False,False,True,False,True,False,True,0.45,0.46023848787750476,1
CB_IN_2026_01097,True,True,True,False,True,True,True,0.9,0.8903899571959005,0
CB_IN_2026_09782,True,True,False,False,True,False,False,0.08,0.25639430549915443,0
CB_IN_2026_03676,True,True,True,True,False,False,True,0.85,0.8251177055273177,1
CB_IN_2026_01764,True,True,True,False,True,False,True,0.85,0.8262933953592313,0
CB_IN_2026_07692,True,True,True,False,True,True,True,0.75,0.7101363109979535,1
CB_IN_2026_05174,True,False,True,False,True,False,True,0.18,0.1841463093886597,0
CB_IN_2026_05232,True,False,True,False,True,False,True,0.18,0.07799835953098806,0
CB_IN_2026_06356,True,False,False,False,False,False,False,0.08,0.046359629975285845,0
CB_IN_2026_06505,True,False,False,False,True,False,True,0.45,0.5353140452152398,0
CB_IN_2026_05860,True,True,True,False,True,False,True,0.25,0.15621033658345176,0
CB_IN_2026_00674,False,True,True,False,True,False,False,0.08,0.1244452816901245,1
CB_IN_2026_00821,True,False,True,False,False,True,True,0.55,0.44033539686614376,1
CB_IN_2026_04451,True,True,False,False,False,True,False,0.08,0.02,0
CB_IN_2026_08279,True,False,True,False,False,True,True,0.1,0.22325657342892727,0
CB_IN_2026_08900,True,False,False,False,True,True,False,0.45,0.4857415794936683,0
CB_IN_2026_02961,True,True,True,False,False,True,True,0.55,0.5431440624689162,0
CB_IN_2026_07471,True,False,True,False,True,True,True,0.1,0.06929673043148192,0
CB_IN_2026_06073,False,True,True,False,False,True,True,0.75,0.8193712265368328,1
CB_IN_2026_08832,True,True,True,False,True,False,False,0.08,0.02,0
CB_IN_2026_04368,True,False,True,False,True,True,True,0.9,0.8293231005156472,1
CB_IN_2026_09005,True,False,True,False,True,False,True,0.1,0.08353790147267667,0
CB_IN_2026_04130,True,True,True,False,True,False,True,0.25,0.46003469769209804,0
CB_IN_2026_02613,True,True,True,False,True,True,False,0.08,0.06416466716336848,0
CB_IN_2026_06134,True,True,False,False,True,False,False,0.08,0.1344268374964545,0
CB_IN_2026_05978,True,True,True,False,True,False,True,0.55,0.5360723254768088,1
CB_IN_2026_04375,True,True,True,False,False,False,True,0.15,0.28595994283456166,0
CB_IN_2026_08657,True,True,True,False,False,False,True,0.1,0.13670993236595508,0
CB_IN_2026_04224,True,True,True,False,True,False,True,0.3,0.22010164489232686,0
CB_IN_2026_01676,True,True,True,False,True,False,True,0.85,0.8747617465037387,1
CB_IN_2026_02806,False,False,True,False,True,False,True,0.55,0.4366117070519831,0
CB_IN_2026_01055,True,True,True,True,True,False,True,0.85,0.9100541500577677,1
CB_IN_2026_08455,True,True,False,False,False,False,False,0.08,0.02,0
CB_IN_2026_05066,False,True,False,False,True,False,False,0.08,0.07030654435867362,0
CB_IN_2026_02558,True,True,True,False,False,False,False,0.75,0.7589054780411099,1
CB_IN_2026_01893,False,False,True,False,True,False,True,0.3,0.39474998789359156,0
CB_IN_2026_07595,True,True,True,False,False,True,True,0.1,0.14616763347108727,0
CB_IN_2026_04612,True,False,True,False,True,False,True,0.92,0.8812176635806527,1
CB_IN_2026_04195,True,False,True,False,True,True,True,0.03,0.02,0
CB_IN_2026_03413,True,True,True,False,True,False,True,0.55,0.6457803154947397,1
CB_IN_2026_06309,True,True,True,False,False,False,True,0.85,0.9228904617319096,1
CB_IN_2026_04713,True,False,True,False,True,False,True,0.45,0.42553203868351647,0
CB_IN_2026_01038,True,False,True,False,False,False,True,0.18,0.13111427298940848,0
CB_IN_2026_01214,True,True,True,False,False,True,True,0.15,0.14968970001258214,0
CB_IN_2026_06531,True,True,True,False,False,False,True,0.92,0.98,1
CB_IN_2026_05268,True,True,True,False,True,True,True,0.25,0.3224756506947599,1
CB_IN_2026_09672,True,True,True,False,True,False,True,0.92,0.8546452644912215,0
CB_IN_2026_05391,True,False,True,False,False,False,True,0.15,0.02,0
CB_IN_2026_03770,True,True,False,False,True,True,False,0.92,0.8778186389773005,1
CB_IN_2026_09673,True,True,False,False,False,True,True,0.92,0.98,1
CB_IN_2026_03924,True,True,False,False,True,True,False,0.92,0.9581222697228879,1
CB_IN_2026_03593,True,True,True,False,False,True,True,0.75,0.8713633021711462,1
CB_IN_2026_09845,True,True,False,False,True,False,False,0.08,0.06811955071901042,0
CB_IN_2026_06812,True,True,True,False,True,False,True,0.75,0.7041781341720028,1
CB_IN_2026_09990,True,True,True,False,True,True,True,0.92,0.9108543496654296,1
CB_IN_2026_02353,True,False,True,False,True,False,True,0.45,0.33268049799476385,1
CB_IN_2026_00993,False,True,False,False,True,True,True,0.92,0.8781423349892725,1
CB_IN_2026_03911,False,False,False,True,True,True,False,0.03,0.12592652386925027,0
CB_IN_2026_04953,True,True,True,False,False,False,True,0.85,0.9101444316537167,1
CB_IN_2026_02922,False,True,False,True,False,True,True,0.85,0.8734930098208598,0
CB_IN_2026_03154,True,True,False,False,True,False,False,0.08,0.03169634298342581,0
CB_IN_2026_03576,True,True,True,False,False,False,False,0.85,0.9386883182259536,1
CB_IN_2026_09806,True,True,False,False,True,False,True,0.92,0.9182130051356405,1
CB_IN_2026_06335,True,False,False,False,False,False,False,0.12,0.02,0
CB_IN_2026_04263,True,False,True,False,True,False,True,0.9,0.98,1
CB_IN_2026_02047,True,True,True,False,True,True,True,0.9,0.8717192592893315,1
CB_IN_2026_07312,True,False,True,False,True,False,True,0.9,0.860691568733795,1
CB_IN_2026_00511,False,False,True,False,True,False,False,0.3,0.2603039485933824,0
CB_IN_2026_05602,True,False,True,False,True,True,True,0.92,0.98,1
CB_IN_2026_05281,True,True,True,False,True,False,True,0.9,0.9407811293861541,1
CB_IN_2026_08073,True,True,True,False,True,True,True,0.75,0.6525939600469632,0
CB_IN_2026_03955,True,False,True,False,True,False,True,0.9,0.8658069072076404,1
CB_IN_2026_02389,True,False,True,False,True,False,True,0.55,0.5056551570879376,0
CB_IN_2026_06177,False,True,True,False,False,False,True,0.85,0.8875942122601108,1
CB_IN_2026_03187,True,True,True,False,True,True,True,0.88,0.9185325153863658,1
CB_IN_2026_08485,False,False,True,False,True,False,True,0.1,0.09188820440053512,0
CB_IN_2026_09257,True,True,False,False,False,True,False,0.08,0.09854869290021533,0
CB_IN_2026_05127,True,False,False,False,True,False,False,0.1,0.021650373544000706,0
CB_IN_2026_00986,True,True,False,False,True,False,False,0.08,0.07139054230438618,1
CB_IN_2026_07973,True,True,True,False,False,False,True,0.1,0.1266773790091436,1
CB_IN_2026_02509,True,False,False,False,True,False,True,0.75,0.7507461048783839,0
CB_IN_2026_03035,True,True,True,False,True,False,True,0.92,0.7910250765178793,1
CB_IN_2026_05799,False,True,True,False,True,True,True,0.55,0.5888737477523385,1
CB_IN_2026_09648,False,True,True,False,False,True,True,0.92,0.98,1
CB_IN_2026_01542,True,True,True,False,True,False,True,0.9,0.9624625934814569,1
CB_IN_2026_09743,True,True,True,False,True,False,True,0.85,0.9625114483730344,1
CB_IN_2026_00286,False,True,True,False,True,True,True,0.85,0.7984088194719239,1
CB_IN_2026_04987,True,False,True,False,True,False,True,0.9,0.9014150569245765,1
CB_IN_2026_01612,True,True,False,False,True,True,False,0.08,0.29250064231014855,1
CB_IN_2026_09677,True,True,True,False,True,True,True,0.92,0.9126052034907594,1
CB_IN_2026_02829,True,False,False,False,True,True,False,0.08,0.07784312754964869,0
CB_IN_2026_03529,False,True,False,False,True,False,False,0.08,0.08895359627507743,0
CB_IN_2026_09848,True,True,True,False,True,False,True,0.55,0.6036738282028208,1
CB_IN_2026_00212,True,False,False,False,True,True,False,0.03,0.05612425272670628,0
CB_IN_2026_08097,True,True,True,False,True,False,True,0.18,0.1752428916165539,0
CB_IN_2026_01508,True,False,False,False,False,False,False,0.1,0.049836887941646854,0
CB_IN_2026_06648,True,True,True,False,False,False,True,0.55,0.6178685535643791,0
CB_IN_2026_05997,True,False,False,False,True,False,False,0.9,0.9088096420714905,1
CB_IN_2026_09678,True,False,True,False,True,True,False,0.08,0.13675089602626464,0
CB_IN_2026_08429,True,True,False,False,True,False,True,0.25,0.2722045847975514,1
CB_IN_2026_06275,True,False,False,False,True,True,False,0.08,0.02,0
CB_IN_2026_00353,False,True,True,False,True,True,True,0.9,0.8391481127801483,0
CB_IN_2026_08077,True,False,False,False,True,True,True,0.45,0.38868738651741164,0
CB_IN_2026_08503,False,True,True,False,True,False,True,0.85,0.844310355424942,1
CB_IN_2026_05067,True,True,True,False,True,True,True,0.92,0.9081078455700453,1
CB_IN_2026_00915,False,False,False,False,True,True,False,0.08,0.05132515794402237,0
CB_IN_2026_01104,True,True,False,False,True,True,True,0.9,0.8817486240252447,1
CB_IN_2026_07916,True,False,True,False,False,False,True,0.1,0.1487208400688627,0
CB_IN_2026_08156,True,False,True,False,False,False,True,0.1,0.12680346875755996,0
CB_IN_2026_03400,True,True,True,False,True,False,True,0.9,0.9213256200170766,1
CB_IN_2026_02571,False,True,True,False,False,True,True,0.15,0.05093180206833743,0
CB_IN_2026_03723,True,True,True,False,True,False,True,0.55,0.5907984533727549,1
CB_IN_2026_01751,False,True,True,False,True,False,True,0.2,0.19818266801058423,0
CB_IN_2026_06017,True,True,True,False,True,False,True,0.9,0.8910846784054354,0
CB_IN_2026_04911,True,False,True,False,True,True,True,0.92,0.98,1
CB_IN_2026_05309,True,True,False,False,True,False,False,0.08,0.15980346112328275,0
CB_IN_2026_03107,True,True,False,False,True,False,False,0.2,0.08952237901341509,1
CB_IN_2026_01364,True,False,False,False,False,True,False,0.08,0.026390143741267164,0
CB_IN_2026_06442,False,True,False,False,True,False,False,0.08,0.03196559963687245,0
CB_IN_2026_01766,True,True,False,False,True,True,False,0.08,0.17642430998997055,0
CB_IN_2026_04598,True,False,True,False,False,False,True,0.1,0.08925395033482583,0
CB_IN_2026_04059,True,False,True,False,True,False,True,0.9,0.9642392106443087,1
CB_IN_2026_01986,True,True,False,False,True,False,False,0.08,0.08918710564154693,0
CB_IN_2026_03930,True,True,True,False,True,False,True,0.85,0.8510735191876195,0
CB_IN_2026_07497,False,True,False,False,True,True,True,0.05,0.02,0
CB_IN_2026_00635,False,True,True,False,False,False,True,0.18,0.07915199893433271,0
CB_IN_2026_02464,True,True,True,False,False,True,True,0.85,0.9451364977288564,1
CB_IN_2026_07992,True,True,True,False,True,False,False,0.08,0.11168731724748117,0
CB_IN_2026_09716,True,False,False,False,True,False,False,0.08,0.02,0
CB_IN_2026_09348,True,False,False,False,True,False,False,0.92,0.8904641895785468,0
CB_IN_2026_00877,True,False,False,False,True,False,False,0.3,0.3694971209156522,1
CB_IN_2026_02538,False,True,False,True,False,True,False,0.03,0.022431412623091538,0
CB_IN_2026_03139,True,True,True,False,True,True,False,0.08,0.0404409618622439,0
CB_IN_2026_02193,True,False,True,False,True,False,True,0.3,0.28653208911066447,0
CB_IN_2026_09278,True,True,False,False,True,False,False,0.03,0.07492774285248482,0
CB_IN_2026_07481,True,True,True,False,True,False,True,0.75,0.6592357740287689,1
CB_IN_2026_02156,False,False,True,False,True,False,True,0.55,0.6100071430298327,0
CB_IN_2026_02868,True,True,True,False,False,False,True,0.3,0.21237873757293885,0
CB_IN_2026_03739,True,False,False,False,True,False,False,0.75,0.6991045066303527,1
CB_IN_2026_08691,True,False,True,False,True,False,True,0.9,0.7707514402927255,1
CB_IN_2026_00902,True,True,True,False,True,True,True,0.9,0.8706906967774043,0
CB_IN_2026_09726,True,True,True,False,False,True,True,0.55,0.4809947315636345,0
CB_IN_2026_08248,True,False,True,False,True,True,True,0.55,0.5945056089504562,1
CB_IN_2026_06996,False,True,True,False,True,False,True,0.3,0.36042346878811143,1
CB_IN_2026_03656,True,True,True,False,True,False,True,0.85,0.8342329796060554,1
CB_IN_2026_02902,True,True,False,False,True,True,False,0.08,0.02,0
CB_IN_2026_00261,True,True,True,False,False,True,True,0.92,0.9575360866834841,1
CB_IN_2026_01266,True,True,True,False,True,False,True,0.92,0.8549832724621613,1
CB_IN_2026_00312,True,False,True,False,True,False,True,0.18,0.2431137087939188,1
CB_IN_2026_08493,False,True,True,False,True,True,True,0.05,0.02,0
CB_IN_2026_00775,True,True,False,False,True,False,False,0.08,0.11588523335656939,0
CB_IN_2026_04855,True,False,False,False,True,False,True,0.75,0.7773898491819606,1
CB_IN_2026_09763,True,False,True,False,True,False,True,0.45,0.4252509443159317,1
CB_IN_2026_05315,True,False,True,False,True,True,True,0.9,0.910405899620184,1
CB_IN_2026_05132,False,False,True,False,True,True,True,0.88,0.8888424239924667,0
CB_IN_2026_07506,True,False,True,False,True,False,True,0.3,0.3306946244661967,0
CB_IN_2026_08453,False,True,True,False,True,False,True,0.55,0.5857786233751532,1
CB_IN_2026_02919,True,False,True,False,True,False,True,0.3,0.36456440336985857,1
CB_IN_2026_07795,True,True,True,False,True,False,True,0.55,0.6328796336986929,0
CB_IN_2026_07359,True,False,True,False,True,False,True,0.92,0.8726454471917713,1
CB_IN_2026_06999,True,True,False,False,False,False,True,0.25,0.24164424433277756,0
CB_IN_2026_03595,True,False,False,False,True,False,True,0.1,0.19080323329136106,0
CB_IN_2026_02916,True,False,True,False,True,False,True,0.1,0.19511418063142028,0
CB_IN_2026_08697,True,True,False,False,True,True,True,0.85,0.80257902679028,0
CB_IN_2026_06593,True,True,True,False,True,True,True,0.85,0.8103097945638431,1
CB_IN_2026_09928,True,True,True,False,False,False,True,0.75,0.7753813867500763,1
CB_IN_2026_07903,True,True,True,False,False,False,True,0.55,0.6261051624234754,1
CB_IN_2026_05651,True,True,True,False,False,True,False,0.08,0.08480860483954088,0
CB_IN_2026_00122,True,False,True,False,True,True,True,0.2,0.2437822407057037,0
CB_IN_2026_03422,False,True,False,False,True,False,True,0.9,0.7906747681166045,0
CB_IN_2026_07205,False,False,True,False,True,True,True,0.92,0.9142984852212364,1
CB_IN_2026_02861,True,False,True,False,True,False,True,0.18,0.20406152229469976,0
CB_IN_2026_06169,False,False,True,False,True,True,True,0.05,0.07843699414233271,0
CB_IN_2026_07696,True,False,True,False,True,False,True,0.55,0.685161084855618,0
CB_IN_2026_04471,True,False,False,False,True,False,True,0.9,0.851316506070195,1
CB_IN_2026_05455,True,False,False,False,True,True,True,0.45,0.4586093816174367,0
CB_IN_2026_06328,False,True,True,False,True,False,True,0.9,0.98,1
CB_IN_2026_09284,True,True,True,False,True,False,True,0.9,0.937910874126089,1
CB_IN_2026_09527,True,False,True,False,True,False,True,0.45,0.39122274831295867,0
CB_IN_2026_02888,False,True,True,False,True,True,True,0.88,0.74757137122096,1
CB_IN_2026_01840,False,False,True,False,True,True,True,0.55,0.3846746225799222,1
CB_IN_2026_03339,True,True,False,False,True,False,False,0.85,0.8407698596497111,1
CB_IN_2026_09826,False,True,True,False,True,True,True,0.55,0.4892193669978888,0
CB_IN_2026_06499,True,True,True,False,True,False,True,0.75,0.7887951162221131,1
CB_IN_2026_07117,True,True,False,False,False,False,True,0.85,0.8534194285510954,0
CB_IN_2026_03466,True,True,True,False,True,False,True,0.3,0.25000485315210524,0
CB_IN_2026_00508,True,True,True,False,True,False,True,0.9,0.98,1
CB_IN_2026_03960,False,True,False,True,True,False,False,0.03,0.06860581242027114,0
CB_IN_2026_01675,True,True,False,False,False,False,False,0.03,0.02,0
CB_IN_2026_05087,True,False,False,False,False,False,False,0.08,0.06205240675022698,0
CB_IN_2026_04205,True,False,True,False,False,True,True,0.92,0.98,1
CB_IN_2026_08095,True,True,True,False,False,False,True,0.3,0.2549935386873589,0
CB_IN_2026_03134,True,True,True,False,True,False,True,0.92,0.9584854885113209,1
CB_IN_2026_07229,False,False,True,False,True,False,False,0.08,0.03190605430676592,0
CB_IN_2026_03690,True,True,False,False,True,True,False,0.92,0.8806490153449636,1
CB_IN_2026_06072,True,True,True,False,False,True,True,0.12,0.2794849012356698,1
CB_IN_2026_02228,True,True,True,False,True,False,True,0.3,0.43738808217481256,0
CB_IN_2026_01574,False,True,False,False,False,True,True,0.15,0.18970523168211598,0
CB_IN_2026_04314,True,True,False,False,True,False,True,0.9,0.9187624745885895,0
CB_IN_2026_02815,True,False,False,False,True,False,False,0.08,0.11558783877622861,0
CB_IN_2026_06222,True,True,True,False,True,False,True,0.85,0.8408504272732815,1
CB_IN_2026_08604,True,False,True,False,False,False,True,0.45,0.43570413738317904,0
CB_IN_2026_06168,True,False,True,False,True,True,True,0.1,0.19013938952519963,0
CB_IN_2026_08867,True,False,True,False,True,True,True,0.9,0.98,1
CB_IN_2026_06070,True,False,True,False,True,True,True,0.55,0.5229805733394038,1
CB_IN_2026_02392,True,True,True,False,True,True,True,0.92,0.8675042330159839,0
CB_IN_2026_01347,False,False,False,False,True,False,False,0.08,0.10153313473350613,1
CB_IN_2026_05429,True,False,True,False,True,True,True,0.45,0.4789530133442686,0
CB_IN_2026_03217,True,True,True,False,False,True,True,0.92,0.7672386775226752,1
CB_IN_2026_01333,True,False,True,False,True,False,True,0.9,0.8182971888192053,1
CB_IN_2026_07492,True,True,False,False,True,False,True,0.18,0.1235550006418721,0
CB_IN_2026_01789,True,False,True,False,True,False,True,0.92,0.9649294217331817,1
CB_IN_2026_06868,True,False,False,False,False,True,False,0.08,0.0746683351464987,0
CB_IN_2026_01815,True,False,True,False,False,False,True,0.3,0.25604495328349774,1
CB_IN_2026_08516,True,False,True,False,False,False,True,0.1,0.1618216595602586,0
CB_IN_2026_05636,True,False,True,False,True,True,True,0.92,0.98,1
CB_IN_2026_02746,True,True,True,False,True,True,True,0.25,0.21195076943016428,0
CB_IN_2026_08045,True,False,False,False,False,True,False,0.92,0.9104971581883008,1
CB_IN_2026_02859,True,True,False,False,False,True,False,0.08,0.07122256608074416,0
CB_IN_2026_01072,False,True,True,False,True,True,True,0.85,0.7490405219351035,1
CB_IN_2026_02484,False,True,False,False,False,True,False,0.1,0.3198438744298836,1
CB_IN_2026_04578,True,False,False,False,True,False,False,0.08,0.07273935287711748,0
CB_IN_2026_02898,True,False,True,False,True,False,True,0.75,0.7615108348509567,1
CB_IN_2026_06641,True,True,True,False,True,False,True,0.85,0.8938011130964483,1
CB_IN_2026_05743,True,False,True,False,True,False,True,0.92,0.9012603103764434,1
CB_IN_2026_05224,True,False,True,False,True,False,True,0.55,0.515953174900199,1
CB_IN_2026_07671,True,True,False,False,False,False,False,0.1,0.14327083900585452,1
CB_IN_2026_09158,False,True,False,False,True,False,False,0.08,0.12771667019380212,0
CB_IN_2026_04538,True,False,True,False,False,False,True,0.75,0.7056943484650106,1
CB_IN_2026_07867,True,True,False,False,True,False,False,0.85,0.8328825105908317,1
CB_IN_2026_07012,True,False,True,False,True,False,True,0.92,0.8801950764498145,1
CB_IN_2026_03949,True,False,True,False,True,True,True,0.75,0.7765115346856882,1
CB_IN_2026_02790,True,False,False,False,True,True,True,0.1,0.07038144619832949,0
CB_IN_2026_08356,True,False,False,False,True,False,False,0.08,0.05060406983257354,0
CB_IN_2026_04208,True,True,False,False,True,False,True,0.18,0.17499188494057102,0
CB_IN_2026_09239,True,True,False,False,True,False,False,0.18,0.16807966755306755,0
CB_IN_2026_02979,True,False,True,False,True,False,True,0.9,0.9445820773621373,0
CB_IN_2026_08460,True,False,False,False,True,True,False,0.08,0.07244196672161136,0
CB_IN_2026_02276,True,False,True,False,True,False,True,0.9,0.8113058488031492,1
CB_IN_2026_00398,True,True,True,False,False,False,True,0.3,0.3181246606617576,0
CB_IN_2026_00148,True,True,True,False,True,False,True,0.75,0.6761976695220201,1
CB_IN_2026_08168,False,True,False,False,True,False,False,0.08,0.02,0
CB_IN_2026_03482,True,False,True,False,True,False,True,0.92,0.98,1
CB_IN_2026_03941,True,False,True,False,True,False,False,0.08,0.056856175547250795,0
CB_IN_2026_02864,True,True,True,False,True,False,True,0.3,0.3158394237390665,0
CB_IN_2026_03511,False,True,True,False,True,True,True,0.88,0.9351199255432419,1
CB_IN_2026_00816,True,True,True,False,True,False,True,0.75,0.7588541738336813,1
CB_IN_2026_08902,False,False,True,False,True,False,True,0.18,0.13862739009054023,0
CB_IN_2026_00334,True,True,False,False,True,False,False,0.08,0.12485272496136032,0
CB_IN_2026_03182,True,False,False,False,False,False,False,0.08,0.12120163778432853,0
CB_IN_2026_00052,True,True,True,False,False,False,True,0.75,0.7146307219649518,1
CB_IN_2026_08669,True,True,True,False,True,False,True,0.9,0.933755206202192,1
CB_IN_2026_03114,True,True,True,False,True,False,True,0.3,0.2861911955268682,0
CB_IN_2026_06512,True,True,True,False,True,False,True,0.92,0.9085393473760807,1
CB_IN_2026_04366,True,False,False,False,False,False,True,0.12,0.02,0
CB_IN_2026_00329,True,True,True,False,False,False,True,0.75,0.7553704613864514,0
CB_IN_2026_04541,True,False,True,False,True,True,True,0.92,0.8750870546668745,1
CB_IN_2026_05679,True,False,True,False,True,True,True,0.45,0.498857265768584,1
CB_IN_2026_03389,True,False,True,False,True,False,True,0.25,0.19385378457544356,0
CB_IN_2026_08805,True,True,True,False,True,False,True,0.9,0.98,1
CB_IN_2026_00313,True,True,False,False,True,False,False,0.08,0.0585287329816999,0
CB_IN_2026_01383,True,False,True,False,True,False,True,0.92,0.9081346320120873,1
CB_IN_2026_00073,True,False,True,False,True,False,True,0.1,0.1528633318329978,0
CB_IN_2026_02437,True,False,True,False,False,False,True,0.1,0.13028665834520625,0
CB_IN_2026_08070,False,True,True,False,False,True,True,0.15,0.08855273365562794,0
CB_IN_2026_00518,True,False,True,False,False,False,True,0.1,0.14748464493288757,0
CB_IN_2026_02114,True,True,True,False,True,True,True,0.9,0.9262359640653606,1
CB_IN_2026_06916,True,True,True,False,True,False,True,0.85,0.771169586440033,1
CB_IN_2026_06149,True,False,True,False,False,False,True,0.75,0.7408337962333014,0
CB_IN_2026_02952,False,True,True,False,True,True,True,0.05,0.11329984594549272,0
CB_IN_2026_07294,True,False,True,False,True,False,True,0.3,0.2890625870162612,1
CB_IN_2026_00700,True,True,False,False,True,False,False,0.03,0.0667993516206982,0
CB_IN_2026_07109,True,True,True,False,True,False,True,0.9,0.8563538996489246,1
CB_IN_2026_05623,False,True,True,False,True,False,True,0.9,0.9225638993457147,0
CB_IN_2026_04647,False,False,True,False,False,False,True,0.05,0.02,0
CB_IN_2026_00647,True,False,True,False,True,False,True,0.9,0.9429490759504099,1
CB_IN_2026_01101,True,True,True,False,True,True,True,0.2,0.30619086801703077,0
CB_IN_2026_08501,True,True,True,False,True,False,True,0.85,0.9206992551908202,1
CB_IN_2026_02315,True,True,True,False,False,False,True,0.55,0.5161291992182989,1
CB_IN_2026_02402,True,False,True,False,True,False,True,0.1,0.030349735220216736,0
CB_IN_2026_04418,True,True,True,True,True,True,True,0.9,0.8513490601189448,1
CB_IN_2026_01226,True,False,False,False,True,True,False,0.9,0.9453476405665158,1
CB_IN_2026_00612,True,False,True,False,False,True,True,0.55,0.45530748817994415,0
CB_IN_2026_03313,True,False,True,False,True,True,True,0.92,0.8832027474955725,1
CB_IN_2026_06517,True,True,True,False,True,True,True,0.88,0.911350712507637,1
CB_IN_2026_03127,False,True,True,False,True,True,True,0.92,0.9506186733131722,1
CB_IN_2026_08739,True,True,True,False,True,False,True,0.85,0.7195058550060032,0
CB_IN_2026_07582,True,True,False,False,False,False,False,0.08,0.06560771032246247,0
CB_IN_2026_05392,False,True,False,False,False,True,True,0.85,0.8349970289225327,1
CB_IN_2026_02216,True,True,False,False,True,True,False,0.92,0.8144050778233065,1
CB_IN_2026_02017,True,False,True,False,True,False,True,0.9,0.9599190681932276,1
CB_IN_2026_03819,True,False,True,False,False,False,True,0.55,0.4453546965937202,1
CB_IN_2026_07629,True,True,False,False,True,False,True,0.75,0.7168697094758938,1
CB_IN_2026_06101,True,True,False,False,True,False,False,0.08,0.02,0
CB_IN_2026_05973,True,False,True,False,True,False,True,0.3,0.31509508929353613,0
CB_IN_2026_02029,False,True,True,False,False,True,True,0.85,0.8247818486583509,1
CB_IN_2026_03541,True,False,True,False,True,True,True,0.75,0.6651074228761018,1
CB_IN_2026_00358,True,False,True,False,True,True,True,0.55,0.6466923154553408,1
CB_IN_2026_07396,True,False,False,False,True,False,False,0.1,0.07809904635166284,0
CB_IN_2026_00641,True,True,True,False,False,True,True,0.75,0.7356408175649839,1
CB_IN_2026_07180,True,True,True,False,True,True,True,0.9,0.9254179392365453,1
CB_IN_2026_08284,True,True,True,False,True,False,True,0.75,0.647315316791457,1
CB_IN_2026_07676,True,False,False,False,True,True,False,0.92,0.9732810398494758,1
CB_IN_2026_02777,True,True,True,True,True,False,True,0.18,0.11911910627031977,0
CB_IN_2026_00620,False,True,True,False,True,False,True,0.85,0.8396251938100955,1
CB_IN_2026_09489,False,False,True,False,False,False,True,0.55,0.6139528677407489,0
CB_IN_2026_08708,True,True,True,False,True,False,True,0.9,0.8259746971461044,1
CB_IN_2026_05810,True,False,True,False,True,True,True,0.55,0.4394042123840891,0
CB_IN_2026_04507,True,False,True,False,False,False,True,0.1,0.10010747551089536,0
CB_IN_2026_07099,True,True,False,False,True,False,False,0.08,0.0554729369107824,0
CB_IN_2026_05815,False,False,True,False,True,False,True,0.05,0.025748379935514418,0
CB_IN_2026_07527,True,True,True,False,True,True,True,0.75,0.7626619986552237,1
CB_IN_2026_09404,True,False,True,False,False,False,True,0.1,0.14793531396468423,1
CB_IN_2026_09397,True,False,False,False,True,False,False,0.9,0.9340452128310345,1
CB_IN_2026_02186,True,False,True,False,True,False,True,0.9,0.98,1
CB_IN_2026_01503,True,False,True,False,True,False,True,0.1,0.12576763767284477,0
CB_IN_2026_02175,False,False,True,False,True,False,True,0.05,0.02,0
CB_IN_2026_02703,True,False,True,False,True,False,True,0.9,0.9347648707361744,1
CB_IN_2026_06651,True,False,False,False,False,False,False,0.08,0.13112561688468155,0
CB_IN_2026_08630,True,True,True,False,True,False,True,0.18,0.16139597218408508,0
CB_IN_2026_06982,True,True,True,False,True,False,True,0.18,0.07147121536444677,0
CB_IN_2026_09311,True,True,True,False,True,True,True,0.92,0.9656036701685428,1
CB_IN_2026_06199,True,True,True,False,True,False,True,0.9,0.9200454449207391,1
CB_IN_2026_04260,True,False,True,False,True,False,True,0.1,0.11102912192244503,0
CB_IN_2026_06529,True,True,True,False,True,True,True,0.9,0.8135678703433843,1
CB_IN_2026_08964,True,False,True,False,True,False,True,0.1,0.02,0
CB_IN_2026_08509,True,True,True,False,True,False,True,0.85,0.9071424763710486,1
CB_IN_2026_06299,True,True,True,False,True,False,True,0.92,0.8198865461941778,1
CB_IN_2026_07817,True,True,True,False,True,False,True,0.92,0.8211114401450836,0
CB_IN_2026_09109,True,True,False,False,True,True,True,0.92,0.98,1
CB_IN_2026_01892,True,False,True,False,True,True,False,0.03,0.02,0
CB_IN_2026_06683,True,True,True,False,True,False,True,0.2,0.2588745774836869,0
CB_IN_2026_04671,True,True,True,False,True,False,True,0.75,0.6870654434305424,1
CB_IN_2026_01128,True,True,True,False,False,False,True,0.85,0.8311216582911825,1
CB_IN_2026_04315,True,True,True,False,True,False,True,0.9,0.9473129993526581,1
CB_IN_2026_03894,True,True,False,False,True,True,True,0.92,0.9318554206640918,1
CB_IN_2026_07357,True,True,False,False,True,False,True,0.25,0.21325865208031983,0
CB_IN_2026_06763,True,True,True,False,True,True,True,0.92,0.9417111542435426,1
CB_IN_2026_06866,True,True,True,False,True,True,True,0.9,0.9029067937013344,1
CB_IN_2026_07549,True,True,True,False,True,True,True,0.92,0.8973466316323233,1
CB_IN_2026_02970,True,False,True,False,True,False,True,0.3,0.374417972353688,1
CB_IN_2026_06030,True,True,True,False,True,True,True,0.85,0.8319133784751245,0
CB_IN_2026_06172,True,True,True,False,False,False,True,0.2,0.05554952211047806,0
CB_IN_2026_04733,True,False,True,False,True,False,True,0.92,0.8129152404857688,0
CB_IN_2026_07309,True,True,True,False,True,True,True,0.85,0.7656623846330096,1
CB_IN_2026_06052,False,True,False,False,True,False,False,0.05,0.02,0
CB_IN_2026_08290,True,False,True,False,True,False,True,0.18,0.18125952598445866,0
CB_IN_2026_00227,False,True,True,False,True,False,True,0.9,0.9751249813751507,1
CB_IN_2026_03677,True,False,True,False,True,False,True,0.75,0.8247012424849911,0
CB_IN_2026_04724,False,True,False,False,True,True,True,0.88,0.91364566604067,1
CB_IN_2026_08628,False,False,True,False,True,True,True,0.9,0.8790958234607442,1
CB_IN_2026_00155,True,False,True,False,True,False,True,0.1,0.02,0
CB_IN_2026_04481,False,False,True,False,False,True,True,0.92,0.9715021045242951,1
CB_IN_2026_02303,True,True,True,False,True,False,True,0.92,0.9647805046422149,1
CB_IN_2026_05624,True,True,True,False,False,False,True,0.85,0.98,1
CB_IN_2026_05645,True,False,True,False,False,False,True,0.18,0.15987071791086221,1
CB_IN_2026_02125,True,True,True,False,True,True,True,0.88,0.8255620343650186,0
CB_IN_2026_07065,True,False,True,False,True,False,True,0.3,0.3123347527129346,0
CB_IN_2026_02995,True,True,True,False,False,False,True,0.18,0.2504915155613755,0
CB_IN_2026_07019,True,False,True,False,True,False,True,0.9,0.9363823400660098,1
CB_IN_2026_06205,True,True,False,False,True,True,False,0.08,0.02,0
CB_IN_2026_05540,True,True,True,False,True,True,True,0.85,0.8323033241571147,0
CB_IN_2026_07050,True,True,True,False,True,True,True,0.92,0.9184134038804237,1
CB_IN_2026_01740,True,True,True,False,True,True,True,0.85,0.8156655227077272,1
CB_IN_2026_09804,True,False,False,False,True,True,False,0.08,0.2560559410195143,0
CB_IN_2026_04784,True,True,True,False,True,False,True,0.85,0.870182769480591,1
CB_IN_2026_08646,True,True,False,False,True,False,False,0.08,0.04104605145107655,0
CB_IN_2026_08032,True,True,True,False,True,True,True,0.9,0.9013978766077706,1
CB_IN_2026_08806,True,False,True,False,False,False,True,0.12,0.07240561518630091,0
CB_IN_2026_09081,True,True,True,False,True,False,True,0.9,0.8886062330503721,0
CB_IN_2026_09719,True,True,False,False,True,False,False,0.08,0.19795717456921436,0
CB_IN_2026_04955,True,True,True,False,True,False,True,0.9,0.7821899182295998,1
CB_IN_2026_04018,True,False,True,False,True,False,True,0.9,0.9436686659327946,1
CB_IN_2026_05332,True,True,True,False,False,False,True,0.3,0.35259038590701397,0
CB_IN_2026_05402,True,True,True,False,True,False,True,0.9,0.9718211263280094,1
CB_IN_2026_07496,True,True,True,False,True,True,True,0.85,0.7804910071279527,1
CB_IN_2026_00469,False,True,True,False,False,False,True,0.3,0.15251044357400886,0
CB_IN_2026_03620,True,False,True,False,True,False,True,0.3,0.3112565541428156,0
CB_IN_2026_06503,True,True,True,False,True,False,True,0.85,0.8811741354408464,1
CB_IN_2026_01407,True,False,True,False,True,True,True,0.92,0.9308378805577164,1
CB_IN_2026_00407,True,True,True,False,True,True,True,0.92,0.8638844136625852,1
CB_IN_2026_00909,True,True,False,False,True,True,False,0.08,0.16725308270739533,0
CB_IN_2026_01311,True,True,True,True,True,False,True,0.3,0.32718005709811565,0
CB_IN_2026_02400,True,False,True,False,True,False,True,0.9,0.9071641420436632,1
CB_IN_2026_06103,True,False,False,False,True,False,False,0.08,0.02,0
CB_IN_2026_07902,True,True,True,False,True,True,True,0.75,0.8310152983519967,1
CB_IN_2026_01558,True,False,True,False,True,False,True,0.55,0.5118851499706036,1
CB_IN_2026_01168,True,True,True,False,True,True,True,0.92,0.98,1
CB_IN_2026_09004,True,True,True,False,True,False,True,0.9,0.7987994528387312,1
CB_IN_2026_06410,True,True,True,False,True,True,True,0.85,0.7976941134318265,1
CB_IN_2026_05170,True,True,True,False,False,False,True,0.55,0.5906428945747995,1
CB_IN_2026_07318,True,True,True,False,True,False,True,0.75,0.6797304480113209,1
CB_IN_2026_01403,False,False,True,False,True,False,True,0.1,0.13281612772754384,0
CB_IN_2026_02679,True,True,True,False,True,False,True,0.55,0.5582846759817752,0
CB_IN_2026_08102,True,True,True,False,True,False,True,0.55,0.6549743446458262,1
CB_IN_2026_07711,False,True,True,False,False,True,True,0.1,0.0607153322838512,0
CB_IN_2026_04278,True,True,True,False,True,False,True,0.9,0.7933745722425324,1
CB_IN_2026_05304,True,False,True,False,False,True,True,0.92,0.9315367349511516,1
CB_IN_2026_03782,True,True,False,False,False,True,True,0.85,0.7360878643095474,1
CB_IN_2026_07439,True,True,False,False,True,True,False,0.88,0.848014111311917,1
CB_IN_2026_08927,True,True,True,False,False,False,True,0.3,0.3661099702808927,0
CB_IN_2026_09063,True,True,True,False,True,False,True,0.85,0.8495955193718666,0
CB_IN_2026_07843,True,True,True,False,True,False,True,0.85,0.9054917529678509,1
CB_IN_2026_02972,True,False,True,False,True,False,True,0.9,0.818482138253239,1
CB_IN_2026_05596,False,True,False,False,False,False,False,0.08,0.11855836459838218,0
CB_IN_2026_03362,True,False,True,False,True,False,True,0.1,0.02,0
CB_IN_2026_03631,True,True,False,False,True,False,False,0.08,0.13973574807083927,0
CB_IN_2026_09831,False,False,False,False,True,False,True,0.25,0.36370309545756724,0
CB_IN_2026_03293,True,True,False,False,False,False,False,0.08,0.04165599587035597,0
CB_IN_2026_04071,True,True,False,False,True,False,False,0.08,0.13726376715784455,0
CB_IN_2026_08010,True,False,True,False,False,True,True,0.92,0.8541390692416543,1
CB_IN_2026_08494,True,False,False,False,True,True,False,0.92,0.98,1
CB_IN_2026_04646,True,False,True,False,True,False,True,0.75,0.6469694387856961,1
CB_IN_2026_01222,False,False,False,False,True,True,False,0.9,0.9032717807829076,1
CB_IN_2026_07709,True,False,False,False,True,True,False,0.03,0.02,0
CB_IN_2026_03239,True,True,True,False,True,False,True,0.9,0.9469442042478531,0
CB_IN_2026_01889,False,True,False,False,False,True,False,0.85,0.8493926339728456,1
CB_IN_2026_04084,True,True,False,False,True,True,False,0.08,0.11468704988303273,0
CB_IN_2026_07569,True,False,True,False,True,False,True,0.9,0.9454266627841681,1
CB_IN_2026_07791,True,False,True,False,True,True,True,0.1,0.25949580112610227,1
CB_IN_2026_01817,True,False,False,False,True,True,True,0.25,0.31455012597495546,1
CB_IN_2026_03401,True,False,True,False,True,False,True,0.92,0.8208895513614971,1
CB_IN_2026_04383,True,False,True,False,True,False,True,0.55,0.48129226820881743,0
CB_IN_2026_07593,True,True,True,False,True,False,False,0.08,0.18394593945994336,0
CB_IN_2026_06185,False,False,True,False,False,True,True,0.05,0.02,0
CB_IN_2026_06596,True,True,False,False,True,False,False,0.08,0.10342780809207422,0
CB_IN_2026_06574,True,False,True,False,True,True,False,0.08,0.07086342245775823,0
CB_IN_2026_06527,True,True,False,False,True,True,False,0.92,0.8352606475475436,1
CB_IN_2026_03151,True,True,True,False,True,True,True,0.55,0.5789427547339965,0
CB_IN_2026_04883,True,True,False,False,True,False,False,0.85,0.9006675812083623,1
CB_IN_2026_02667,True,False,True,False,True,False,True,0.9,0.7979746893088482,1
CB_IN_2026_06891,True,False,True,False,True,True,True,0.92,0.8674670899948697,1
CB_IN_2026_07986,True,False,False,False,True,True,False,0.1,0.02,0
CB_IN_2026_02559,True,True,True,False,True,True,True,0.92,0.9334552032849653,1
CB_IN_2026_04808,False,False,True,False,True,False,True,0.05,0.040523942600056935,0
CB_IN_2026_07784,True,False,True,False,True,False,True,0.55,0.5841870158396796,1
CB_IN_2026_05242,True,True,True,False,True,False,True,0.85,0.8897670906570351,1
CB_IN_2026_05072,True,True,False,False,True,False,True,0.92,0.887223855289214,1
CB_IN_2026_05042,False,True,True,False,True,False,True,0.55,0.5414617014488132,0
CB_IN_2026_06865,True,False,True,False,True,False,True,0.92,0.8890759090753321,1
CB_IN_2026_09182,True,False,True,False,False,False,True,0.75,0.8046830828896304,1
CB_IN_2026_03526,False,False,True,False,True,True,True,0.9,0.8892628280154945,1
CB_IN_2026_08199,False,True,True,False,True,False,True,0.85,0.8553128730563356,1
CB_IN_2026_01477,True,True,True,False,False,True,True,0.1,0.17007488445303867,0
CB_IN_2026_01158,True,False,True,False,True,True,True,0.92,0.9716342821844784,1
CB_IN_2026_05970,False,True,True,False,True,True,True,0.75,0.7799227072448442,1
CB_IN_2026_03269,False,False,True,False,True,False,True,0.75,0.7821244224567192,1
CB_IN_2026_08685,True,False,True,False,True,True,True,0.55,0.5884222699387489,1
CB_IN_2026_01860,True,True,False,False,True,True,False,0.88,0.8146860748672405,1
CB_IN_2026_01050,False,True,False,False,False,False,False,0.08,0.1196394935335516,0
CB_IN_2026_04801,True,True,True,False,True,True,True,0.9,0.8906729432510803,1
CB_IN_2026_02059,True,False,False,False,True,True,False,0.92,0.9219760131834208,1
CB_IN_2026_08694,True,False,True,False,True,True,True,0.1,0.02,0
CB_IN_2026_01838,True,True,True,False,True,False,True,0.55,0.6230232997493947,0
CB_IN_2026_08698,True,True,False,False,False,False,False,0.08,0.03758404171584644,0
CB_IN_2026_08756,False,True,True,False,True,False,True,0.55,0.5707785998165196,1
CB_IN_2026_06240,True,True,False,False,True,False,False,0.3,0.3877950923022648,1
CB_IN_2026_08584,True,False,False,False,True,True,False,0.9,0.769388362446793,1
CB_IN_2026_09403,True,True,True,False,True,True,True,0.9,0.9200625196929607,1
CB_IN_2026_02438,True,True,False,False,False,False,False,0.08,0.04368996713866118,1
CB_IN_2026_01389,True,True,True,False,True,False,True,0.85,0.7992112978306661,1
CB_IN_2026_09344,True,True,True,False,True,False,True,0.55,0.6190422304662215,0
CB_IN_2026_07703,False,False,True,False,False,False,True,0.1,0.07950322561519126,0
CB_IN_2026_05453,True,False,True,False,False,False,False,0.3,0.3916157199231686,0
CB_IN_2026_08598,False,False,True,False,True,False,True,0.05,0.0569371312702819,0
CB_IN_2026_01743,True,True,True,False,False,False,True,0.12,0.08609570317901444,0
CB_IN_2026_00828,True,True,True,False,True,False,True,0.2,0.23066504340322494,0
CB_IN_2026_01709,True,False,True,False,True,True,True,0.92,0.9775659273857648,1
CB_IN_2026_00319,True,False,True,False,True,True,False,0.08,0.06118971257923764,0
CB_IN_2026_01343,True,False,False,False,False,True,True,0.2,0.13933487126390187,0
CB_IN_2026_09128,True,False,True,False,False,True,True,0.12,0.09014497733694939,0
CB_IN_2026_06717,True,True,True,False,True,True,True,0.55,0.5149984335344329,1
CB_IN_2026_00897,True,True,True,False,True,False,True,0.55,0.6375724125570311,1
CB_IN_2026_08444,False,False,True,False,True,False,True,0.9,0.98,1
CB_IN_2026_02459,True,True,True,False,True,False,True,0.85,0.8370457873061649,1
CB_IN_2026_09594,True,True,False,False,True,False,True,0.85,0.9637671390646232,1
CB_IN_2026_05058,True,False,False,True,True,True,False,0.03,0.02,0
CB_IN_2026_05678,True,True,True,False,False,True,True,0.88,0.8857049865645191,1
CB_IN_2026_06382,True,False,True,False,True,False,True,0.3,0.3626250830908152,1
CB_IN_2026_08871,True,True,True,False,True,False,True,0.85,0.8074090452111963,1
CB_IN_2026_04234,False,False,False,False,True,False,True,0.18,0.21414123875208263,0
CB_IN_2026_04161,True,True,True,False,False,False,False,0.08,0.09354518600826994,1
CB_IN_2026_06663,False,False,True,False,True,False,True,0.05,0.12753085434276232,0
CB_IN_2026_02027,True,True,False,False,True,False,True,0.3,0.21937989118160656,0
CB_IN_2026_07604,True,False,False,False,True,False,False,0.08,0.02,0
CB_IN_2026_09588,True,True,True,False,True,False,True,0.3,0.42485559398542394,0
CB_IN_2026_03052,False,False,True,False,True,False,True,0.9,0.9137205055727109,0
CB_IN_2026_04596,True,False,True,False,False,False,True,0.18,0.09674038736870273,0
CB_IN_2026_07035,False,False,True,False,True,True,True,0.9,0.91842749424341,1
CB_IN_2026_05940,True,True,False,False,True,False,True,0.85,0.8033751072133807,1
CB_IN_2026_06262,True,True,True,False,False,True,True,0.88,0.8820784684952856,1
CB_IN_2026_05329,True,True,True,False,True,False,True,0.3,0.24049299329134213,0
CB_IN_2026_03005,True,False,True,False,True,False,True,0.92,0.9109361287578821,1
CB_IN_2026_08359,True,False,False,False,False,True,False,0.08,0.02,0
CB_IN_2026_07325,True,True,True,False,True,False,True,0.9,0.900544129086382,1
CB_IN_2026_04303,True,True,False,False,True,False,False,0.08,0.07636481722140533,0
CB_IN_2026_01829,True,True,False,False,True,False,True,0.25,0.22164874197049703,0
CB_IN_2026_03662,True,False,True,False,True,True,True,0.92,0.9694276199751317,1
CB_IN_2026_02358,True,True,False,False,True,False,False,0.03,0.02,0
CB_IN_2026_08055,True,False,True,False,True,False,True,0.92,0.98,1
CB_IN_2026_03979,True,True,True,False,False,True,False,0.08,0.1455070019626761,0
CB_IN_2026_05563,False,True,False,False,True,False,False,0.08,0.1363209738270723,1
CB_IN_2026_00307,True,False,False,False,True,True,False,0.08,0.02,0
CB_IN_2026_04378,True,True,True,True,True,False,True,0.85,0.803262675178394,1
CB_IN_2026_04731,True,True,False,False,True,False,False,0.08,0.15490056557772192,1
CB_IN_2026_09693,True,False,True,False,True,False,True,0.45,0.49254459435772624,0
CB_IN_2026_04546,True,True,False,False,True,False,False,0.3,0.25418419912727225,0
CB_IN_2026_02718,True,False,True,False,True,False,True,0.9,0.904551878555072,1
CB_IN_2026_04134,True,False,True,False,True,False,True,0.9,0.98,1
CB_IN_2026_02141,False,False,False,False,True,True,False,0.9,0.9579760389761828,1
CB_IN_2026_08769,True,True,True,False,True,True,True,0.9,0.9133358503605012,1
CB_IN_2026_02669,False,True,False,False,True,False,False,0.08,0.08492192443245154,0
CB_IN_2026_04828,True,True,True,False,True,False,True,0.92,0.98,1
CB_IN_2026_08317,True,False,True,False,True,False,True,0.9,0.9030013375705014,1
CB_IN_2026_03771,True,False,True,False,False,False,True,0.15,0.06565458421330775,0
CB_IN_2026_03733,True,True,True,False,True,False,True,0.9,0.6784512742141584,1
CB_IN_2026_01599,True,False,True,False,False,False,True,0.92,0.98,1
CB_IN_2026_08986,True,True,False,False,False,True,False,0.75,0.7188740288141562,1
CB_IN_2026_07398,True,True,True,False,False,False,False,0.08,0.0773125825830057,0
CB_IN_2026_09275,False,True,False,False,True,False,True,0.85,0.9326570428134296,1
CB_IN_2026_08804,True,True,True,False,False,True,False,0.08,0.02,0
CB_IN_2026_06835,True,False,True,False,True,True,True,0.55,0.5320104373520348,0
CB_IN_2026_07335,True,False,True,False,True,True,True,0.9,0.98,1
CB_IN_2026_09499,True,False,False,False,False,True,True,0.92,0.8619854444237881,1
CB_IN_2026_02917,True,True,False,False,True,False,True,0.92,0.98,1
CB_IN_2026_02076,True,True,False,False,True,False,False,0.08,0.05487361595612815,0
CB_IN_2026_05176,True,True,True,False,True,False,True,0.85,0.7979852897016884,1
CB_IN_2026_07266,False,True,True,False,False,False,True,0.85,0.8168865459718339,1
CB_IN_2026_07837,True,False,True,False,True,False,True,0.1,0.0523503826278906,0
CB_IN_2026_02740,True,True,True,True,True,False,True,0.92,0.8706539190674467,1
CB_IN_2026_05296,False,True,True,False,True,False,True,0.75,0.7827078146453,1
CB_IN_2026_00939,False,True,True,False,True,False,False,0.08,0.09363885718062699,0
CB_IN_2026_05104,True,True,True,False,True,False,True,0.75,0.7025041100024904,0
CB_IN_2026_02792,True,False,True,False,True,False,True,0.9,0.8132448418894821,1
CB_IN_2026_00530,True,True,True,False,True,False,True,0.9,0.98,1
CB_IN_2026_09054,True,True,True,False,False,False,True,0.3,0.3092235762526743,0
CB_IN_2026_02760,True,True,True,False,True,False,True,0.55,0.46695164085950375,0
CB_IN_2026_07767,False,True,True,False,True,False,True,0.9,0.8831696840679677,1
CB_IN_2026_07546,True,True,True,False,False,True,True,0.15,0.17115959455085178,0
CB_IN_2026_00180,True,True,True,False,True,False,True,0.92,0.9187714785870503,1
CB_IN_2026_04753,True,True,True,False,True,False,True,0.3,0.28056751460938417,0
CB_IN_2026_07693,True,True,False,False,True,True,True,0.85,0.6792655234358675,1
CB_IN_2026_02828,True,True,False,False,True,True,False,0.85,0.7785514372623984,1
CB_IN_2026_09686,True,True,True,False,True,True,True,0.85,0.8862354312179619,1
CB_IN_2026_08860,True,True,True,False,True,True,True,0.55,0.5708193618310927,0
CB_IN_2026_06405,True,True,True,False,False,False,True,0.75,0.7796300635246224,1
CB_IN_2026_08536,False,True,False,False,True,False,False,0.08,0.1741707299346556,0
CB_IN_2026_03225,True,True,False,False,True,False,False,0.08,0.05280483699229015,0
CB_IN_2026_06211,True,False,False,False,True,True,False,0.08,0.10343899399014671,0
CB_IN_2026_03213,True,True,True,False,True,False,True,0.18,0.14642120819185742,0
CB_IN_2026_01667,False,True,False,False,True,False,True,0.9,0.9324459186118127,0
CB_IN_2026_08983,True,False,True,False,True,False,True,0.45,0.47025760424727814,0
CB_IN_2026_06696,True,True,True,False,False,True,True,0.92,0.864166315608531,1
CB_IN_2026_01040,True,False,False,False,True,False,True,0.3,0.2554080128358806,0
CB_IN_2026_03773,True,True,True,False,True,True,True,0.9,0.802224720886123,1
CB_IN_2026_03697,True,False,True,False,True,True,True,0.1,0.14790239377056952,0
CB_IN_2026_02893,True,True,True,False,True,False,True,0.9,0.7612989834375998,1
CB_IN_2026_06145,True,True,False,False,True,False,False,0.08,0.02,0
CB_IN_2026_00289,False,True,False,False,True,False,False,0.08,0.12759428685923807,0
CB_IN_2026_00262,True,True,True,False,True,False,True,0.92,0.8446839226631253,1
CB_IN_2026_00190,True,True,True,False,True,True,True,0.92,0.8382654614301204,1
CB_IN_2026_02495,True,False,True,False,True,True,True,0.9,0.8679892778161032,1
CB_IN_2026_00678,True,True,True,False,True,False,False,0.08,0.05016961550784935,0
CB_IN_2026_02793,False,True,True,False,True,False,True,0.18,0.14276412721055173,0
CB_IN_2026_07444,True,False,False,False,True,False,True,0.25,0.23686067955266796,0
CB_IN_2026_07460,True,False,True,False,True,False,True,0.55,0.5395238329186051,1
CB_IN_2026_05781,True,False,True,False,True,False,True,0.92,0.9228642587109301,1
CB_IN_2026_02296,False,True,True,False,True,False,True,0.3,0.3134074406521441,0
CB_IN_2026_01687,True,True,False,False,False,False,True,0.1,0.2262040207338933,1
CB_IN_2026_02362,True,True,True,False,True,False,True,0.92,0.8584694536207159,1
CB_IN_2026_07114,True,False,True,False,True,True,True,0.92,0.8728349208496086,1
CB_IN_2026_01417,True,True,True,False,True,True,True,0.85,0.8825643767295153,1
CB_IN_2026_01448,True,False,False,True,False,False,False,0.03,0.02,0
CB_IN_2026_06087,True,True,True,False,False,True,True,0.75,0.8115261554118864,1
CB_IN_2026_06918,False,False,True,False,False,False,True,0.18,0.1797505880020521,0
CB_IN_2026_06814,True,True,True,False,False,False,True,0.3,0.4032181832144023,0
CB_IN_2026_02747,True,False,True,False,True,False,True,0.9,0.6989962679474788,0
CB_IN_2026_07785,True,True,True,False,True,True,True,0.85,0.7509318518390792,0
CB_IN_2026_00698,True,True,False,False,True,False,True,0.9,0.9446452000605445,1
CB_IN_2026_09398,False,True,False,False,False,True,True,0.85,0.8665561533379402,1
CB_IN_2026_00082,True,False,True,False,True,True,True,0.92,0.98,1
CB_IN_2026_09361,False,False,True,False,True,False,True,0.75,0.7467908291588665,1
CB_IN_2026_05845,True,True,True,False,True,False,True,0.3,0.23228484733810692,0
CB_IN_2026_02167,True,True,True,False,False,False,True,0.1,0.02,0
CB_IN_2026_02172,True,True,False,False,False,False,False,0.08,0.02,0
CB_IN_2026_01909,True,True,False,False,False,False,False,0.08,0.0879164881209326,0
CB_IN_2026_06264,True,True,True,False,True,True,True,0.25,0.0926067951799183,0
CB_IN_2026_05047,True,True,True,False,True,False,True,0.85,0.9042956791302349,1
CB_IN_2026_08446,True,False,True,False,False,True,True,0.1,0.1077599005384483,0
CB_IN_2026_04351,False,True,True,False,True,False,True,0.85,0.898347219356445,1
CB_IN_2026_00393,False,True,True,False,True,True,True,0.92,0.8259075388917098,1
CB_IN_2026_09822,True,True,True,False,False,True,True,0.88,0.7828626299269338,1
CB_IN_2026_06950,True,False,True,False,True,False,True,0.18,0.1523547876285931,1
CB_IN_2026_05710,False,False,True,False,True,False,True,0.55,0.525774878990295,0
CB_IN_2026_05100,True,False,True,False,False,False,True,0.1,0.02,0
CB_IN_2026_06772,True,True,True,False,True,True,True,0.92,0.9640419928266846,1
CB_IN_2026_06556,True,True,True,False,True,True,True,0.92,0.98,1
CB_IN_2026_04287,True,False,True,False,True,False,True,0.75,0.6656192108133285,0
CB_IN_2026_03990,True,False,True,False,True,False,True,0.55,0.6713063216386861,0
CB_IN_2026_01256,True,True,False,False,True,True,False,0.08,0.17802908668060113,0
CB_IN_2026_05479,True,True,True,False,True,True,True,0.55,0.4898544306273762,1
CB_IN_2026_03958,True,False,True,False,True,True,True,0.92,0.98,1
CB_IN_2026_02579,True,True,False,False,False,False,False,0.08,0.12050453490202429,0
CB_IN_2026_03089,True,False,True,False,True,True,True,0.1,0.05002257065814516,0
CB_IN_2026_00339,False,True,True,False,True,False,True,0.2,0.03324082557668215,0
CB_IN_2026_05765,True,False,False,False,True,False,False,0.08,0.14443328377070175,0
CB_IN_2026_06787,True,False,True,False,True,True,True,0.92,0.8221584022783546,1
CB_IN_2026_03235,True,False,True,False,True,True,True,0.88,0.7910519272775997,1
CB_IN_2026_05288,True,False,True,False,True,False,True,0.9,0.9124764836158,1
CB_IN_2026_05631,True,True,True,False,False,False,True,0.85,0.9189808226094566,1
CB_IN_2026_00514,True,False,True,False,True,False,True,0.92,0.940549581941074,0
CB_IN_2026_04415,False,False,True,False,True,True,True,0.05,0.02,0
CB_IN_2026_06406,False,False,True,False,False,True,True,0.55,0.5814624928769554,1
CB_IN_2026_08059,True,True,True,False,True,False,True,0.85,0.8730157494336112,1
CB_IN_2026_02369,True,False,True,False,True,False,True,0.9,0.8176202042207553,1
CB_IN_2026_02779,True,False,False,False,True,True,True,0.92,0.9645315012262641,1
CB_IN_2026_08176,True,True,False,False,False,True,False,0.08,0.09215923004306552,0
CB_IN_2026_09464,True,True,True,False,True,True,True,0.2,0.183102320202904,1
CB_IN_2026_05535,True,False,False,False,True,True,False,0.2,0.05498416942874662,0
CB_IN_2026_05692,True,True,True,False,True,False,True,0.3,0.358765375028569,0
CB_IN_2026_00325,True,False,True,False,True,False,True,0.55,0.5263448019689649,1
CB_IN_2026_08910,True,True,True,False,True,False,True,0.85,0.9251632267995366,1
CB_IN_2026_04949,True,True,True,False,True,False,True,0.85,0.8532455167261089,1
CB_IN_2026_01308,True,False,True,False,True,True,True,0.9,0.7637339487894492,1
CB_IN_2026_07924,True,True,True,False,True,False,True,0.85,0.714196181397815,1
CB_IN_2026_06733,True,True,False,False,True,True,True,0.92,0.9114261456906194,1
CB_IN_2026_07392,False,False,True,False,True,False,True,0.75,0.8936229518414076,0
CB_IN_2026_00370,False,False,True,False,True,False,True,0.1,0.16685633761461272,1
CB_IN_2026_09113,True,False,True,False,True,False,True,0.1,0.09621168325570074,0
CB_IN_2026_09118,True,True,False,False,False,False,True,0.3,0.3060148891630277,0
CB_IN_2026_07833,True,False,True,True,True,False,True,0.45,0.47723078440478994,1
CB_IN_2026_05057,True,False,False,False,False,False,True,0.92,0.98,1
CB_IN_2026_09140,True,False,True,False,True,False,True,0.9,0.9195464428553856,1
CB_IN_2026_05086,False,True,True,False,True,False,True,0.9,0.98,1
CB_IN_2026_03397,True,True,True,False,True,False,True,0.3,0.29819214876091393,0
CB_IN_2026_00916,True,True,True,False,True,False,True,0.25,0.23203167229270355,0
CB_IN_2026_05774,True,True,True,False,True,False,True,0.9,0.9442335855698469,1
CB_IN_2026_09516,True,True,True,False,True,True,True,0.9,0.924891180720606,1
CB_IN_2026_05831,True,False,False,False,False,True,True,0.1,0.14999629713579765,0
CB_IN_2026_00760,True,False,True,False,False,True,True,0.55,0.6397327364903279,1
CB_IN_2026_00724,True,True,True,False,True,True,True,0.92,0.9034091731630457,1
CB_IN_2026_03528,True,True,True,False,True,True,True,0.92,0.9286574766893952,1
CB_IN_2026_02288,True,True,True,False,True,False,True,0.55,0.6356943094390959,1
CB_IN_2026_08796,True,False,True,False,True,False,True,0.92,0.7895533808330233,1
CB_IN_2026_01427,False,False,True,False,True,False,True,0.05,0.07571937183119862,0
CB_IN_2026_02526,True,True,False,False,True,False,False,0.08,0.02,0
CB_IN_2026_06577,True,True,True,False,True,True,True,0.75,0.8392709524437336,0
CB_IN_2026_09894,True,True,True,False,False,False,True,0.55,0.5849816972943891,1
CB_IN_2026_00156,True,True,True,False,True,True,False,0.08,0.020289447211909006,0
CB_IN_2026_01960,True,True,True,False,True,True,True,0.9,0.8584441597105513,1
CB_IN_2026_03889,False,True,False,False,True,False,False,0.05,0.13518580116698814,0
CB_IN_2026_01925,True,False,True,False,True,False,True,0.2,0.1452219048647424,0
CB_IN_2026_01924,True,True,False,False,False,True,True,0.85,0.98,1
CB_IN_2026_06644,True,False,False,False,True,True,False,0.92,0.8760289318123279,1
CB_IN_2026_06248,True,True,True,False,True,False,True,0.92,0.8584877509335658,1
CB_IN_2026_04685,True,True,False,False,True,True,False,0.08,0.03653711240640928,0
CB_IN_2026_00283,True,True,True,False,True,False,True,0.9,0.8391053495583611,1
CB_IN_2026_01809,True,False,False,False,False,True,False,0.08,0.08999130860733563,0
CB_IN_2026_01775,False,False,True,False,True,False,True,0.1,0.12896183057332344,0
CB_IN_2026_03669,True,False,True,False,True,True,True,0.2,0.2535359238579651,0
CB_IN_2026_09791,True,True,True,False,True,False,True,0.3,0.07279085999543763,0
CB_IN_2026_05449,True,True,True,False,True,False,True,0.85,0.7395879427381161,0
CB_IN_2026_06872,True,True,True,False,True,False,True,0.55,0.654855150816809,1
CB_IN_2026_00237,True,False,True,False,True,True,True,0.1,0.07396873812916048,0
CB_IN_2026_07094,True,False,True,False,True,False,True,0.75,0.7542268255742365,0
CB_IN_2026_04776,True,False,False,False,True,True,False,0.08,0.11636177670132969,0
CB_IN_2026_05415,False,True,False,False,False,True,False,0.1,0.16209598710906264,0
CB_IN_2026_07735,False,True,True,False,True,False,True,0.85,0.9521907529866808,1
CB_IN_2026_04296,True,True,True,False,True,False,True,0.9,0.9469908416866546,1
CB_IN_2026_02590,True,True,True,False,True,False,True,0.2,0.24207119484299958,0
CB_IN_2026_08043,True,False,True,False,True,False,True,0.55,0.566950999956549,0
CB_IN_2026_04394,True,True,True,False,True,True,True,0.92,0.8323891717608095,1
CB_IN_2026_06470,True,True,False,False,False,True,True,0.85,0.8727322035329796,1
CB_IN_2026_06516,True,True,True,False,True,False,True,0.3,0.3305783504608356,1
CB_IN_2026_07449,True,True,True,False,True,False,True,0.85,0.8806035100454896,1
CB_IN_2026_06784,True,False,True,False,True,False,True,0.3,0.3072538108925455,1
CB_IN_2026_04763,True,True,True,False,True,True,True,0.85,0.8610956596736087,1
CB_IN_2026_06672,True,False,True,False,True,False,True,0.9,0.8976642992351265,1
CB_IN_2026_07526,True,True,True,False,False,False,True,0.1,0.13031269609034826,0
CB_IN_2026_01618,True,False,True,False,True,False,True,0.18,0.17728872122479142,0
CB_IN_2026_00352,True,False,False,False,True,True,False,0.03,0.11428951761989241,0
CB_IN_2026_01041,False,False,True,False,True,False,True,0.05,0.029189299853507652,0
CB_IN_2026_06855,True,False,True,False,True,False,True,0.9,0.9417082352360258,1
CB_IN_2026_09465,False,False,True,False,False,False,True,0.1,0.1919788394505612,0
CB_IN_2026_04829,True,True,True,False,True,False,True,0.9,0.98,1
CB_IN_2026_01249,True,False,True,False,False,False,True,0.75,0.6720088272805813,0
CB_IN_2026_03152,False,True,False,False,False,False,False,0.08,0.10438515690788096,0
CB_IN_2026_09488,True,True,True,False,True,True,True,0.92,0.9262079434411551,1
CB_IN_2026_08876,True,True,False,False,True,True,False,0.08,0.02,0
CB_IN_2026_01397,True,False,True,False,True,False,True,0.92,0.9502344237304705,1
CB_IN_2026_07454,True,False,True,False,False,True,True,0.45,0.5406481871582145,0
CB_IN_2026_02785,True,True,True,False,True,False,True,0.9,0.9287985856671467,1
CB_IN_2026_01386,True,True,True,False,True,False,True,0.55,0.5772480297304239,1
CB_IN_2026_05301,True,True,True,False,True,False,True,0.85,0.8130519762090441,1
CB_IN_2026_01348,True,False,True,False,True,False,True,0.25,0.29118201573316976,1
CB_IN_2026_03586,True,True,True,False,False,True,True,0.88,0.7825882941783385,1
CB_IN_2026_04147,True,False,True,False,True,False,True,0.45,0.5281597920057725,1
CB_IN_2026_05677,True,False,True,False,False,True,True,0.92,0.98,1
CB_IN_2026_07561,True,True,True,False,True,True,True,0.92,0.9013361948531973,1
CB_IN_2026_02328,True,False,True,False,True,False,True,0.18,0.1769990311116384,1
CB_IN_2026_03323,True,True,True,False,True,False,True,0.85,0.8347513505541758,1
CB_IN_2026_04519,True,False,True,False,True,False,True,0.1,0.12750192919698713,1
CB_IN_2026_09102,True,True,True,False,False,True,True,0.92,0.9586064195583501,1
CB_IN_2026_09890,True,False,False,False,False,False,False,0.08,0.09223564556384521,0
CB_IN_2026_04556,True,False,True,False,True,True,True,0.92,0.8369030352305031,1
CB_IN_2026_09095,True,False,False,False,True,False,False,0.08,0.02,0
CB_IN_2026_08583,True,True,True,False,False,True,True,0.15,0.10918819085176298,0
CB_IN_2026_09818,True,True,True,False,True,True,True,0.85,0.808044179888063,1
CB_IN_2026_01310,True,False,False,False,True,False,False,0.08,0.08200094445118411,0
CB_IN_2026_03496,True,True,True,False,True,False,True,0.18,0.2583233039668936,1
CB_IN_2026_03056,True,False,True,False,True,False,True,0.55,0.5894851602012676,1
CB_IN_2026_04651,True,True,True,False,True,False,True,0.3,0.3754834555326652,0
CB_IN_2026_08470,True,False,True,False,True,False,True,0.3,0.18031497458736223,0
CB_IN_2026_03666,True,False,True,False,True,False,True,0.1,0.15321393408974435,0
CB_IN_2026_00762,True,True,True,False,True,False,True,0.9,0.9621184421813349,1
CB_IN_2026_09741,False,True,True,False,True,False,True,0.85,0.9492957620901994,1
CB_IN_2026_09811,True,False,True,False,True,False,True,0.9,0.8837731214312443,1
CB_IN_2026_07249,True,True,True,False,False,True,True,0.12,0.0839046689837691,0
CB_IN_2026_07200,True,False,True,False,True,False,True,0.3,0.3122891910314217,0
CB_IN_2026_09420,True,True,True,False,True,False,True,0.18,0.2251525458643044,0
CB_IN_2026_09417,True,False,True,False,False,False,True,0.2,0.26568005205569856,0
CB_IN_2026_00893,True,True,True,False,True,False,True,0.85,0.8698289606857925,1
CB_IN_2026_05874,True,False,False,False,True,False,True,0.1,0.02,0
CB_IN_2026_09342,True,False,True,False,True,False,True,0.9,0.8398058500639519,0
CB_IN_2026_02413,True,False,True,False,True,True,True,0.9,0.9309003622968849,1
CB_IN_2026_00466,True,True,False,False,True,False,True,0.85,0.8380059619126722,1
CB_IN_2026_03610,True,False,True,False,True,False,True,0.3,0.23699720973510224,0
CB_IN_2026_03931,True,True,True,False,True,False,True,0.75,0.5926997781757649,0
CB_IN_2026_05403,True,True,False,False,True,True,False,0.08,0.1521253782201709,0
CB_IN_2026_09718,True,False,True,False,False,False,False,0.18,0.23058682464386432,1
CB_IN_2026_09746,True,True,True,False,True,False,True,0.75,0.7898731470019952,1
CB_IN_2026_05647,False,True,False,False,False,False,True,0.15,0.18889937048413452,0
CB_IN_2026_03892,True,True,True,False,True,False,True,0.85,0.98,1
CB_IN_2026_09849,True,True,True,False,True,False,True,0.85,0.788645756828593,0
CB_IN_2026_00175,True,True,False,False,True,False,False,0.08,0.15414374436420547,0
CB_IN_2026_09934,True,False,True,False,True,False,True,0.9,0.9349263655796877,1
CB_IN_2026_03776,True,False,True,False,False,True,True,0.1,0.2462570427171755,1
CB_IN_2026_06920,True,True,False,False,False,False,False,0.92,0.98,1
CB_IN_2026_02780,True,True,True,False,True,False,True,0.92,0.9054922581438631,1
CB_IN_2026_09562,False,True,False,False,True,False,False,0.08,0.12873316499258353,0
CB_IN_2026_00364,True,False,True,False,False,False,True,0.55,0.5861686798660757,1
CB_IN_2026_07793,True,True,False,False,False,False,False,0.1,0.15131863496541995,0
CB_IN_2026_04057,True,True,True,False,True,True,True,0.9,0.9372526487127641,1
CB_IN_2026_06565,False,False,True,False,True,False,True,0.75,0.7780383179132089,0
CB_IN_2026_08753,True,True,False,False,False,True,False,0.08,0.11415028487957757,0
CB_IN_2026_05913,True,True,True,False,True,False,True,0.55,0.5184394198650495,1
CB_IN_2026_06121,False,True,True,False,False,False,True,0.05,0.19682769479276857,0
CB_IN_2026_03120,False,True,False,False,True,True,True,0.05,0.07336476514290619,0
CB_IN_2026_08002,True,True,True,False,True,False,True,0.85,0.8361524930702922,1
CB_IN_2026_08605,True,True,True,False,False,True,True,0.92,0.955773914039529,1
CB_IN_2026_08022,True,False,True,False,True,False,True,0.9,0.9393899072519607,1
CB_IN_2026_01897,True,True,True,False,False,False,True,0.75,0.7248971646947204,0
CB_IN_2026_03046,True,True,False,False,True,True,False,0.08,0.10282781162227446,0
CB_IN_2026_04601,True,True,True,False,True,False,False,0.03,0.02156169425873307,0
CB_IN_2026_02041,False,False,True,False,True,False,True,0.45,0.44243654038512736,1
CB_IN_2026_06608,True,False,False,False,True,False,True,0.25,0.29995199180819887,0
CB_IN_2026_08242,False,True,False,False,True,False,False,0.08,0.02,1
CB_IN_2026_08162,True,True,True,True,False,False,True,0.15,0.15838329841954113,0
CB_IN_2026_01488,True,True,True,False,False,False,True,0.1,0.038693696262376884,1
CB_IN_2026_06081,True,True,True,False,True,True,True,0.55,0.5460127131703754,1
CB_IN_2026_08736,True,False,True,False,True,False,True,0.1,0.11549438530279925,0
CB_IN_2026_08993,True,True,True,False,True,False,True,0.3,0.3901795939945657,1
CB_IN_2026_07769,True,True,False,False,False,False,True,0.15,0.2084722856188519,0
CB_IN_2026_07393,True,True,True,False,True,True,True,0.9,0.7944942511651761,0
CB_IN_2026_07367,True,True,True,False,True,True,True,0.9,0.8178436843104501,1
CB_IN_2026_09120,True,True,False,False,True,False,False,0.08,0.02,0
CB_IN_2026_01189,True,True,True,False,True,False,True,0.92,0.8231095260911715,1
CB_IN_2026_02607,True,True,True,False,False,True,True,0.75,0.7373207380857366,0
CB_IN_2026_07715,True,True,True,False,True,False,True,0.85,0.756635965116076,1
CB_IN_2026_07435,True,False,True,False,False,False,True,0.3,0.47558918171625486,0
CB_IN_2026_01058,True,True,False,False,True,False,False,0.08,0.02,0
CB_IN_2026_01353,False,False,True,False,True,False,True,0.3,0.2885551462957624,0
CB_IN_2026_08954,True,False,True,False,True,False,True,0.55,0.5831769787169343,1
CB_IN_2026_06583,True,True,True,False,True,False,True,0.9,0.8948404512806064,1
CB_IN_2026_02934,True,False,True,False,True,False,True,0.92,0.9499953640779011,1
CB_IN_2026_06926,True,False,False,False,True,False,False,0.08,0.09128366984655634,0
CB_IN_2026_02786,True,True,False,False,False,False,False,0.08,0.02,0
CB_IN_2026_07142,True,True,False,False,True,False,True,0.3,0.22502047166923095,0
CB_IN_2026_03687,True,False,True,False,True,False,False,0.9,0.9031692885531905,1
CB_IN_2026_07217,True,True,True,False,True,False,True,0.2,0.16654275350049227,0
CB_IN_2026_03195,True,True,True,False,True,False,True,0.9,0.8563971704589195,1
CB_IN_2026_03065,True,False,True,False,False,False,True,0.92,0.98,1
CB_IN_2026_07564,True,True,True,False,True,False,True,0.9,0.7585539018975913,0
CB_IN_2026_03086,True,True,True,False,True,True,True,0.85,0.8545381992442672,1
CB_IN_2026_03563,True,True,True,False,True,False,True,0.3,0.27834328289360033,0
CB_IN_2026_07163,True,True,True,False,True,True,True,0.88,0.8050096408594081,0
CB_IN_2026_06714,True,True,True,False,False,True,True,0.88,0.8741960012076655,1
CB_IN_2026_03033,True,True,False,True,True,False,False,0.03,0.19717906817489114,0
CB_IN_2026_03284,True,True,True,False,False,True,True,0.92,0.98,0
CB_IN_2026_07776,False,True,True,False,True,True,True,0.9,0.9080547026803116,0
CB_IN_2026_00301,False,False,True,False,True,False,True,0.9,0.9436558710861689,1
CB_IN_2026_05559,True,False,False,False,True,False,True,0.75,0.8134982638156183,1
CB_IN_2026_04890,True,True,True,False,True,True,True,0.92,0.882873477957649,1
CB_IN_2026_05564,True,False,True,False,True,True,False,0.08,0.02,0
CB_IN_2026_09899,True,True,True,False,True,False,True,0.85,0.9049239431083884,1
CB_IN_2026_05290,True,True,False,False,False,False,True,0.85,0.98,1
CB_IN_2026_08802,True,True,True,False,False,True,True,0.85,0.9182398916333577,1
CB_IN_2026_08678,True,True,True,False,False,True,True,0.92,0.8868127181042647,1
CB_IN_2026_09715,True,True,True,False,True,False,True,0.55,0.558300134080883,0
CB_IN_2026_09762,True,True,True,False,True,False,True,0.75,0.8011178940709154,1
CB_IN_2026_04643,True,True,True,False,True,False,True,0.92,0.9235414429095992,1
CB_IN_2026_04634,True,True,True,False,True,True,True,0.92,0.98,1
CB_IN_2026_00235,True,False,True,False,False,False,True,0.3,0.2830620935399815,0
CB_IN_2026_09851,True,False,True,False,True,False,False,0.08,0.04185489121231534,0
CB_IN_2026_05571,False,False,True,False,False,False,True,0.3,0.28827732678562534,0
CB_IN_2026_04493,True,True,False,False,False,True,False,0.08,0.02,0
CB_IN_2026_00178,True,True,True,False,True,False,True,0.92,0.8826549385493839,1
CB_IN_2026_02096,False,True,True,False,True,True,False,0.08,0.12863128323710474,0
CB_IN_2026_00074,True,True,True,False,True,False,True,0.9,0.8886776104096374,1
CB_IN_2026_00158,True,False,True,False,False,False,True,0.2,0.10410048223215668,0
CB_IN_2026_05271,True,True,True,False,True,False,True,0.92,0.98,1
CB_IN_2026_06016,True,False,False,False,True,False,True,0.9,0.8142544575443008,1
CB_IN_2026_04867,True,True,True,False,True,False,True,0.85,0.761307843557537,1
CB_IN_2026_01026,True,True,True,False,True,False,False,0.08,0.1395649559637968,1
CB_IN_2026_02768,True,True,True,False,True,False,True,0.85,0.9010389336752413,1
CB_IN_2026_02731,True,True,True,False,True,False,True,0.85,0.8442806973918618,1
CB_IN_2026_01015,True,False,True,False,True,False,True,0.18,0.18720587925422238,0
CB_IN_2026_02658,True,False,False,False,True,False,False,0.3,0.2929282873206161,0
CB_IN_2026_00890,True,True,True,False,True,False,True,0.75,0.7746069686197564,0
CB_IN_2026_05854,True,True,False,False,False,False,False,0.08,0.07584082172773908,0
CB_IN_2026_05028,True,False,True,False,True,False,True,0.3,0.34371845930690303,1
CB_IN_2026_08271,False,False,True,False,True,True,True,0.1,0.1680678411039719,0
CB_IN_2026_02543,True,False,False,False,True,True,False,0.08,0.02,0
CB_IN_2026_06092,True,True,True,False,True,False,True,0.92,0.9278179270091834,1
CB_IN_2026_09483,True,True,True,False,False,True,True,0.12,0.07920393811424939,1
CB_IN_2026_01224,True,True,True,False,True,False,True,0.85,0.8735243497735854,1
CB_IN_2026_02116,True,True,True,False,True,True,True,0.85,0.7800418832143996,1
CB_IN_2026_03391,True,True,True,False,True,False,True,0.85,0.8572129790295542,1
CB_IN_2026_06769,True,True,True,False,True,False,True,0.3,0.33432693273199404,0
CB_IN_2026_03887,True,False,True,False,True,False,True,0.03,0.02,0
CB_IN_2026_08361,True,False,True,False,True,True,True,0.92,0.98,1
CB_IN_2026_05871,True,False,False,False,True,False,True,0.25,0.2744843345559123,0
CB_IN_2026_09443,True,False,True,False,True,False,False,0.08,0.02,0
CB_IN_2026_02018,True,True,True,False,True,True,True,0.55,0.5449001367291467,1
CB_IN_2026_03173,True,True,True,False,True,False,True,0.9,0.98,1
CB_IN_2026_05506,True,False,True,True,False,False,True,0.1,0.19264417214357007,0
CB_IN_2026_06263,True,False,True,False,True,True,True,0.92,0.9013809859725215,1
CB_IN_2026_05081,True,False,True,False,True,False,True,0.1,0.05200838711688835,0
CB_IN_2026_04051,True,False,True,False,True,False,True,0.1,0.062469350551371455,0
CB_IN_2026_07183,True,True,True,False,True,False,True,0.85,0.8757659175803709,1
CB_IN_2026_00272,True,True,True,False,True,False,True,0.9,0.98,1
CB_IN_2026_07285,True,False,True,False,True,False,True,0.3,0.2624051512896171,0
CB_IN_2026_07213,True,True,False,False,True,False,True,0.25,0.1942336606424922,1
CB_IN_2026_03640,True,False,True,False,True,True,True,0.92,0.98,1
CB_IN_2026_09340,True,False,True,False,True,False,True,0.9,0.8138615102265115,1
CB_IN_2026_03117,True,False,True,False,True,False,True,0.3,0.3123871543404401,0
CB_IN_2026_05747,True,True,False,False,False,False,False,0.08,0.15849191371394938,0
CB_IN_2026_03475,True,True,True,False,True,False,True,0.55,0.48808419016870896,0
CB_IN_2026_01337,True,False,False,False,True,False,False,0.03,0.07034703700204531,0
CB_IN_2026_02771,True,False,True,False,False,False,True,0.92,0.8717044937374501,1
CB_IN_2026_04399,False,True,True,False,True,True,True,0.03,0.03852081190526179,0
CB_IN_2026_02506,True,True,True,False,True,True,True,0.92,0.9606734030130293,1
CB_IN_2026_00104,True,False,False,False,False,False,True,0.1,0.193495970381374,0
CB_IN_2026_06487,True,True,True,False,True,False,True,0.3,0.3343681428623241,0
CB_IN_2026_04369,True,False,True,False,True,True,True,0.9,0.8482733065182204,0
CB_IN_2026_04991,True,True,True,False,True,True,True,0.92,0.9314820588826528,0
CB_IN_2026_00259,False,True,True,False,False,True,True,0.55,0.6472399713386796,1
CB_IN_2026_03064,True,True,False,False,True,False,False,0.85,0.8341333732495725,1
CB_IN_2026_02536,True,True,True,False,True,False,True,0.92,0.8999052683623465,1
CB_IN_2026_04988,True,False,True,False,True,True,True,0.92,0.881717977979742,1
CB_IN_2026_03807,True,False,False,False,False,False,False,0.08,0.14778034849320731,1
CB_IN_2026_04681,True,False,False,False,False,False,False,0.08,0.0651588629187186,0
CB_IN_2026_05971,False,True,False,False,True,False,False,0.08,0.02,0
CB_IN_2026_00622,True,False,False,False,True,False,False,0.92,0.9202437585466217,1
CB_IN_2026_01819,False,True,True,False,True,False,True,0.85,0.852870101122218,1
CB_IN_2026_06947,True,False,True,False,True,True,True,0.88,0.9134724694832616,1
CB_IN_2026_01265,False,True,True,False,False,True,True,0.2,0.13597157290212242,0
CB_IN_2026_03234,False,False,True,False,True,False,True,0.05,0.02098129879397009,0
CB_IN_2026_09998,True,True,True,False,True,False,True,0.85,0.8396923180197234,1
CB_IN_2026_06189,True,True,True,False,True,False,True,0.92,0.8404543561978335,0
CB_IN_2026_08915,True,False,True,False,False,True,True,0.92,0.98,1
CB_IN_2026_05736,True,True,True,False,False,False,True,0.55,0.6493134971385693,1
CB_IN_2026_08750,False,False,False,False,True,False,False,0.08,0.0946193371438299,0
CB_IN_2026_02468,True,True,False,False,False,False,False,0.3,0.36245539019794637,1
CB_IN_2026_08858,True,False,True,False,False,False,True,0.45,0.40276635591342347,1
CB_IN_2026_05344,True,True,True,False,True,False,True,0.9,0.8717329842705446,1
CB_IN_2026_03621,True,True,True,False,False,False,True,0.85,0.8746344925162376,1
CB_IN_2026_04473,True,False,True,False,False,True,True,0.75,0.8211051171944252,1
CB_IN_2026_03624,True,True,True,False,True,True,True,0.85,0.8960018816010883,0
CB_IN_2026_02454,False,True,True,False,True,False,True,0.85,0.8147599870440587,1
CB_IN_2026_09652,True,True,False,False,True,False,True,0.92,0.8031260403352722,1
CB_IN_2026_01398,True,False,False,False,True,False,False,0.1,0.06962296123949208,0
CB_IN_2026_09523,True,False,True,False,True,False,True,0.1,0.1678169635254001,0
CB_IN_2026_01373,True,True,False,False,True,True,True,0.85,0.8606199360033577,1
CB_IN_2026_06038,True,True,True,True,True,False,True,0.3,0.3065371214626299,0
CB_IN_2026_05771,True,False,True,False,True,True,False,0.08,0.02,0
CB_IN_2026_01125,True,False,True,False,False,False,True,0.1,0.02,0
CB_IN_2026_01196,True,True,True,False,True,False,True,0.9,0.9665165686647336,1
CB_IN_2026_02028,True,False,True,False,True,True,True,0.1,0.13162117970172163,0
CB_IN_2026_06614,True,False,True,False,True,False,True,0.3,0.24975556960944284,0
CB_IN_2026_03374,True,True,False,False,True,False,False,0.85,0.8579621709979642,1
CB_IN_2026_04221,True,False,False,False,True,True,False,0.9,0.9427121032359179,1
CB_IN_2026_04570,True,False,True,False,True,False,True,0.55,0.6134370867086383,0
CB_IN_2026_00979,True,False,True,False,False,False,True,0.3,0.386300372475007,1
CB_IN_2026_08307,True,False,True,False,False,False,True,0.1,0.13292597711870946,1
CB_IN_2026_02039,True,True,False,False,True,False,False,0.08,0.021598576888861985,0
CB_IN_2026_03346,False,True,True,False,True,False,True,0.3,0.28151191393980984,0
CB_IN_2026_07627,True,True,True,False,True,False,True,0.3,0.36006131907691674,1
CB_IN_2026_05469,True,True,False,False,False,True,True,0.15,0.17914601488842127,1
CB_IN_2026_03777,True,True,True,False,True,False,True,0.3,0.2125690788367191,1
CB_IN_2026_09222,False,True,True,False,True,True,True,0.9,0.9245806010924918,1
CB_IN_2026_05519,True,True,True,False,True,False,True,0.92,0.8697692183862492,1
CB_IN_2026_02185,True,True,False,False,True,False,True,0.9,0.98,1
CB_IN_2026_07646,True,True,False,False,True,False,False,0.08,0.12984197461040586,0
CB_IN_2026_07611,True,True,True,False,True,True,True,0.85,0.8369922845290118,0
CB_IN_2026_05483,True,True,True,False,True,False,True,0.9,0.8377902934286144,1
CB_IN_2026_00941,True,False,False,False,True,True,True,0.92,0.9411977597784976,1
CB_IN_2026_09172,True,True,True,False,False,True,True,0.55,0.5688553716513102,1
CB_IN_2026_09907,True,True,True,False,True,False,True,0.9,0.9001878363859361,1
CB_IN_2026_06619,True,False,True,False,True,False,True,0.18,0.192980046887314,0
CB_IN_2026_07771,True,True,True,False,True,False,True,0.9,0.8893606806221966,1
CB_IN_2026_02104,True,True,True,False,True,False,True,0.85,0.9154307575674454,1
CB_IN_2026_05277,True,False,True,False,True,True,True,0.92,0.8960962253105118,1
CB_IN_2026_09090,True,True,True,False,True,False,True,0.55,0.5710579659396338,0
CB_IN_2026_00926,True,True,True,False,True,False,True,0.9,0.8417949811729961,1
CB_IN_2026_04384,False,False,False,False,True,True,False,0.9,0.8114906862877821,1
CB_IN_2026_00938,True,False,True,False,False,False,True,0.25,0.26573398787320374,0
CB_IN_2026_03575,True,False,True,False,False,False,True,0.15,0.11622132714736588,1
CB_IN_2026_03420,True,False,True,False,True,False,True,0.18,0.11611947224302067,0
CB_IN_2026_04930,True,False,False,False,True,False,False,0.08,0.049643132705480014,0
CB_IN_2026_09259,True,True,False,False,True,True,False,0.08,0.08247046194210034,0
CB_IN_2026_02516,True,False,True,False,True,True,True,0.1,0.028270443881678306,0
CB_IN_2026_07311,True,True,False,False,False,False,False,0.3,0.240935619109879,0
CB_IN_2026_01329,False,False,False,False,False,False,False,0.08,0.02,0
CB_IN_2026_05091,True,False,True,False,True,False,True,0.92,0.942137655116672,1
CB_IN_2026_00590,True,True,True,False,True,False,True,0.9,0.98,1
CB_IN_2026_06500,True,True,True,False,True,True,True,0.85,0.8655194849596443,1
CB_IN_2026_07337,True,False,True,False,True,True,True,0.55,0.6887358485623841,1
CB_IN_2026_05079,True,False,True,False,True,False,True,0.45,0.35923579053613497,0
CB_IN_2026_02550,True,True,True,False,True,False,True,0.3,0.2153655935850933,0
CB_IN_2026_01197,True,False,False,False,True,True,False,0.1,0.12247914350145299,0
CB_IN_2026_05526,True,True,True,False,True,False,True,0.9,0.9491761276388967,1
CB_IN_2026_03453,False,True,False,False,True,False,True,0.25,0.3835521405919293,1
CB_IN_2026_09313,True,True,True,False,False,False,True,0.85,0.9760720216716579,1
CB_IN_2026_01395,True,True,True,False,True,True,True,0.55,0.6745957351551084,1
CB_IN_2026_00484,True,True,False,False,True,False,False,0.08,0.22067644743171094,0
CB_IN_2026_03743,True,True,True,False,True,True,True,0.92,0.7626564955476032,1
CB_IN_2026_04408,True,True,True,False,True,False,True,0.9,0.9498878415384427,1
CB_IN_2026_01759,True,True,True,False,True,True,True,0.92,0.9268280130218733,1
CB_IN_2026_04436,True,True,True,False,True,False,True,0.9,0.9117096043182012,1
CB_IN_2026_01799,True,False,True,False,True,True,True,0.1,0.068537840876347,0
CB_IN_2026_03082,True,True,False,False,True,True,True,0.92,0.9626482683072023,1
CB_IN_2026_01826,True,False,True,False,True,False,True,0.45,0.44466495548962715,1
CB_IN_2026_08117,True,True,True,False,True,True,True,0.88,0.8626383614999106,1
CB_IN_2026_05715,True,True,True,False,True,False,True,0.75,0.8131553709311089,1
CB_IN_2026_09817,False,True,False,False,False,False,True,0.18,0.05575202737178821,0
CB_IN_2026_03026,False,True,True,False,True,False,True,0.55,0.5600502497277821,1
CB_IN_2026_05615,True,True,True,False,False,True,True,0.85,0.98,1
CB_IN_2026_04499,False,True,True,False,True,False,True,0.85,0.9221522201823736,1
CB_IN_2026_02211,True,True,True,False,True,False,True,0.3,0.27173623190666146,1
CB_IN_2026_09940,True,True,True,False,True,False,True,0.55,0.5717766676252485,0
CB_IN_2026_04559,True,True,False,False,True,False,True,0.25,0.31621099717989376,0
CB_IN_2026_08407,True,True,True,False,True,False,True,0.9,0.9369286448190962,1
CB_IN_2026_00365,True,True,True,False,True,False,True,0.85,0.8139960561590162,1
CB_IN_2026_05658,True,False,False,False,True,True,False,0.08,0.03349055809431854,0
CB_IN_2026_03115,True,True,True,False,False,False,True,0.3,0.33730201420958994,1
CB_IN_2026_08731,True,True,True,False,True,False,True,0.2,0.02,0
CB_IN_2026_03121,True,False,False,False,True,True,False,0.08,0.06441856291319764,0
CB_IN_2026_06140,True,True,True,False,True,False,True,0.85,0.8527032350315091,1
CB_IN_2026_01630,True,False,True,False,False,True,True,0.88,0.9305922865354362,1
CB_IN_2026_02578,True,True,True,False,True,True,True,0.85,0.9304276982948173,1
CB_IN_2026_09339,True,False,True,False,True,True,True,0.92,0.8645160028591347,0
CB_IN_2026_06824,True,True,True,False,False,False,True,0.3,0.32358830120076937,0
CB_IN_2026_00010,True,True,True,False,True,False,True,0.75,0.7376270883904168,1
CB_IN_2026_02603,True,True,False,False,False,False,True,0.85,0.8703953515056522,1
CB_IN_2026_07930,True,True,True,False,True,False,True,0.9,0.9219049078960742,0
CB_IN_2026_01552,True,False,False,False,True,False,False,0.9,0.9430259022137892,1
CB_IN_2026_04353,True,False,True,False,False,False,True,0.1,0.11644459528847836,0
CB_IN_2026_01423,True,True,False,False,True,False,False,0.3,0.27683116996166496,1
CB_IN_2026_06917,True,True,True,False,True,False,True,0.85,0.98,1
CB_IN_2026_05499,True,True,True,False,True,True,True,0.75,0.6601490402982064,1
CB_IN_2026_05842,True,False,True,False,True,True,True,0.1,0.09101225877193962,0
CB_IN_2026_05570,True,False,True,False,False,True,True,0.75,0.7230073433700911,1
CB_IN_2026_02639,True,False,True,False,False,False,True,0.1,0.16096727124410035,0
CB_IN_2026_02339,False,True,False,False,True,False,False,0.08,0.08587997883503036,0
CB_IN_2026_08197,True,True,True,False,False,False,True,0.1,0.08347692085155164,0
CB_IN_2026_09537,True,True,True,False,True,False,True,0.9,0.9145835905258085,1
CB_IN_2026_02208,False,True,True,False,False,True,True,0.85,0.9445097772982725,1
CB_IN_2026_00918,True,True,True,False,False,True,True,0.92,0.9221425866968407,1
CB_IN_2026_02728,True,True,True,False,True,True,True,0.92,0.9237391257702958,1
CB_IN_2026_07663,True,True,True,False,True,False,True,0.9,0.8250652140634116,1
CB_IN_2026_03759,False,False,False,False,True,False,True,0.1,0.0732301595459396,0
CB_IN_2026_00931,True,False,True,False,True,True,True,0.45,0.3048317623943289,0
CB_IN_2026_06830,True,True,True,False,False,False,True,0.3,0.2825012242822539,0
CB_IN_2026_01918,True,True,True,False,False,False,False,0.08,0.07496811704632614,0
CB_IN_2026_05447,True,False,True,False,True,True,True,0.1,0.23644497268519715,0
CB_IN_2026_03506,True,False,True,False,True,False,True,0.3,0.2718167984898625,0
CB_IN_2026_02435,True,False,True,False,True,True,True,0.88,0.8674622853404541,1
CB_IN_2026_08673,True,True,False,False,True,False,True,0.75,0.6881613443594392,0
CB_IN_2026_06426,True,True,False,False,True,False,False,0.08,0.02,0
CB_IN_2026_00323,True,True,False,False,True,False,True,0.25,0.3175101199431123,0
CB_IN_2026_03849,True,True,False,False,False,False,False,0.08,0.10102205684686742,0
CB_IN_2026_03803,True,False,True,False,True,False,True,0.1,0.036426838485517254,0
CB_IN_2026_04876,True,False,True,False,False,True,True,0.55,0.5713651894958816,0
CB_IN_2026_01777,True,False,True,False,False,False,True,0.3,0.2277915665454006,1
CB_IN_2026_03189,True,True,True,False,False,True,True,0.88,0.9121282519759478,0
CB_IN_2026_08537,True,False,True,False,False,False,True,0.75,0.8790826904497517,1
CB_IN_2026_08984,True,True,False,False,True,False,True,0.92,0.8897193736469231,1
CB_IN_2026_08987,True,False,False,False,True,False,True,0.25,0.3235067668700961,0
CB_IN_2026_03402,True,True,False,False,False,False,True,0.85,0.8734567804226928,1
CB_IN_2026_05790,True,False,False,False,True,True,False,0.9,0.9076587253959759,1
CB_IN_2026_04984,True,False,True,False,True,False,True,0.9,0.9525689695493647,0
CB_IN_2026_06397,True,True,True,False,True,True,True,0.9,0.98,1
CB_IN_2026_02891,True,True,True,False,True,True,True,0.92,0.9338738929323929,1
CB_IN_2026_02405,True,True,True,False,True,False,False,0.08,0.02,0
CB_IN_2026_02383,True,True,True,False,True,False,True,0.3,0.34290151567960314,1
CB_IN_2026_01206,True,True,True,False,True,False,True,0.9,0.9730638737332693,1
CB_IN_2026_00018,False,True,True,False,False,True,True,0.55,0.5734945040400853,1
CB_IN_2026_07130,True,True,False,False,True,False,True,0.9,0.9152693635112468,1
CB_IN_2026_03592,True,False,True,False,True,True,True,0.88,0.9151510266281654,1
CB_IN_2026_06834,True,True,True,False,True,False,True,0.9,0.8325058751300516,0
CB_IN_2026_00157,True,True,False,False,True,True,True,0.25,0.3566199406377507,0
CB_IN_2026_06858,True,False,False,False,False,False,True,0.15,0.07800327900518042,0
CB_IN_2026_03839,False,False,False,False,True,False,False,0.9,0.9052210902398407,1
CB_IN_2026_06961,True,True,True,False,True,True,True,0.9,0.98,1
CB_IN_2026_09871,True,True,False,False,False,False,False,0.08,0.07963309713066989,0
CB_IN_2026_09268,True,True,False,False,True,False,False,0.92,0.98,1
CB_IN_2026_00410,True,False,True,False,True,True,True,0.9,0.9472537031203804,1
CB_IN_2026_09996,False,False,True,True,True,True,True,0.03,0.024231996537862094,0
CB_IN_2026_09279,True,False,True,False,True,True,True,0.1,0.22349323336743157,0
CB_IN_2026_05154,True,False,True,False,True,False,True,0.3,0.41065864454922696,0
CB_IN_2026_03679,True,False,True,False,True,False,True,0.45,0.4731646697256648,0
CB_IN_2026_07095,False,True,True,False,True,False,True,0.18,0.07779837237045804,0
CB_IN_2026_06873,True,True,True,False,False,True,True,0.75,0.7356045339603885,1
CB_IN_2026_09942,True,True,True,False,True,False,True,0.9,0.9176917396479876,1
CB_IN_2026_05981,True,True,True,False,False,False,True,0.2,0.1544856486019883,0
CB_IN_2026_08135,True,True,True,False,True,False,True,0.9,0.9446688544613926,1
CB_IN_2026_02121,True,False,True,False,True,False,True,0.45,0.5608647171327785,0
CB_IN_2026_01867,True,True,True,False,False,True,True,0.55,0.5309031955594882,1
CB_IN_2026_01466,True,False,True,False,True,False,False,0.08,0.02,0
CB_IN_2026_06719,True,True,True,False,False,True,True,0.85,0.8218191216324293,1
CB_IN_2026_01305,False,True,True,False,False,False,False,0.08,0.021173944261911354,1
CB_IN_2026_04846,False,True,True,False,True,True,True,0.85,0.8384531392743968,1
CB_IN_2026_01541,False,True,True,False,True,False,False,0.08,0.2122795563695722,0
CB_IN_2026_03282,True,False,True,False,False,True,True,0.92,0.8969093085454543,1
CB_IN_2026_03183,True,True,True,False,False,False,True,0.55,0.5860382998765569,1
CB_IN_2026_07377,True,True,True,False,False,True,True,0.85,0.902129733311052,1
CB_IN_2026_08065,True,True,True,False,False,False,True,0.1,0.17064233204931634,0
CB_IN_2026_01681,True,True,True,False,True,True,True,0.55,0.6233418903787189,1
CB_IN_2026_09108,True,True,True,False,True,False,True,0.9,0.98,1
CB_IN_2026_08313,True,False,False,False,True,False,False,0.08,0.11911968829105625,0
CB_IN_2026_05061,True,True,True,False,True,True,True,0.55,0.5788325238578903,0
CB_IN_2026_03110,True,True,True,False,False,True,True,0.55,0.5952829526778016,1
CB_IN_2026_07982,True,True,True,False,True,False,True,0.9,0.7827305066158818,0
CB_IN_2026_04046,True,False,True,False,True,False,True,0.25,0.17552695249091643,0
CB_IN_2026_00955,True,False,True,False,False,True,True,0.75,0.6943851123067181,1
CB_IN_2026_01947,True,False,False,False,True,True,False,0.08,0.02,0
CB_IN_2026_09194,False,False,True,False,True,True,True,0.05,0.07420330920537935,0
CB_IN_2026_03169,True,True,False,False,False,False,True,0.92,0.9242065020217828,1
CB_IN_2026_04674,True,False,True,False,True,False,True,0.55,0.3907079449399805,1
CB_IN_2026_01475,True,True,False,False,True,False,False,0.08,0.05995010357945876,0
CB_IN_2026_09548,True,True,True,False,True,False,True,0.75,0.7788626664225162,0
CB_IN_2026_00303,True,True,False,False,True,False,False,0.9,0.8678848176206191,1
CB_IN_2026_00232,True,False,True,False,False,False,True,0.2,0.18857640576798113,0
CB_IN_2026_02095,True,True,True,False,False,True,True,0.55,0.41593301325582765,1
CB_IN_2026_09793,True,True,True,False,False,False,True,0.55,0.6093382600894999,1
CB_IN_2026_06625,True,True,False,False,True,False,False,0.3,0.3886607477582658,1
CB_IN_2026_04607,True,False,True,False,True,True,True,0.92,0.8837538738940518,1
CB_IN_2026_08568,True,True,True,False,True,True,True,0.92,0.8446517080033147,1
CB_IN_2026_08391,True,True,True,False,False,False,True,0.18,0.2674451547889902,0
CB_IN_2026_05503,True,False,True,False,False,False,True,0.18,0.12093543512164928,1
CB_IN_2026_09640,True,False,False,False,True,False,False,0.03,0.02,0
CB_IN_2026_08684,False,True,False,False,True,True,False,0.08,0.0232240169609782,0
CB_IN_2026_08392,False,True,False,False,True,False,False,0.08,0.02,0
CB_IN_2026_09833,True,True,True,False,True,False,True,0.9,0.9523020380576118,1
CB_IN_2026_01964,True,True,True,False,False,False,True,0.3,0.38441688730922824,1
CB_IN_2026_01737,True,True,True,False,False,False,True,0.92,0.9628084589996807,1
CB_IN_2026_03629,True,True,True,False,True,True,True,0.9,0.9173280956758941,1
CB_IN_2026_01668,True,False,True,False,False,False,True,0.92,0.9084899171115297,1
CB_IN_2026_09663,True,True,True,False,True,True,False,0.85,0.7895076183154285,1
CB_IN_2026_00224,True,False,True,False,False,False,False,0.08,0.1306420764763246,1
CB_IN_2026_07037,True,True,True,False,True,False,True,0.55,0.4776899690701574,1
CB_IN_2026_04654,True,True,True,False,True,True,True,0.85,0.9310903019196233,1
CB_IN_2026_01390,True,True,True,False,False,True,True,0.55,0.4980011910509515,0
CB_IN_2026_03562,False,True,True,False,True,True,True,0.05,0.03595941600583182,0
CB_IN_2026_03814,True,False,True,False,True,False,True,0.3,0.2794470850892342,0
CB_IN_2026_05096,False,True,True,False,True,False,True,0.85,0.9493817731482743,1
CB_IN_2026_03436,False,False,True,False,True,False,True,0.45,0.2746806348904347,1
CB_IN_2026_01001,True,True,True,False,True,True,True,0.55,0.558072109987088,1
CB_IN_2026_02845,True,True,False,False,False,False,False,0.08,0.059323935828704745,0
CB_IN_2026_08012,False,True,True,False,True,False,True,0.9,0.8757645492242382,1
CB_IN_2026_05018,True,False,True,False,True,False,True,0.55,0.5699925978600282,0
CB_IN_2026_03493,True,False,True,False,False,False,True,0.1,0.1346248975278892,0
CB_IN_2026_00062,True,False,False,False,True,False,True,0.3,0.3618166224669088,0
CB_IN_2026_09013,True,True,True,False,True,False,True,0.03,0.0335230797677569,0
CB_IN_2026_02310,True,True,False,False,True,False,True,0.92,0.98,1
CB_IN_2026_00752,True,True,False,False,True,False,True,0.3,0.32611380841720505,1
CB_IN_2026_04239,True,True,False,False,False,True,False,0.08,0.19148345098196104,0
CB_IN_2026_04242,True,True,False,False,False,False,False,0.75,0.6664679898720284,1
CB_IN_2026_02909,True,True,True,False,True,False,True,0.2,0.13343540657642639,0
CB_IN_2026_07175,True,True,True,False,True,False,True,0.9,0.8872349024471845,1
CB_IN_2026_06902,True,False,True,False,True,False,True,0.45,0.37409851163498425,1
CB_IN_2026_05524,True,False,False,False,True,True,True,0.92,0.9662210706584896,1
CB_IN_2026_04518,True,True,True,False,False,False,True,0.18,0.09364895644110702,1
CB_IN_2026_07411,False,False,False,False,True,False,True,0.1,0.02,0
CB_IN_2026_04627,True,False,False,False,True,False,False,0.08,0.06244374468515962,0
CB_IN_2026_09480,True,True,False,False,True,True,True,0.85,0.7170235807826968,1
CB_IN_2026_00606,False,True,True,False,True,True,True,0.05,0.02,0
CB_IN_2026_09475,True,True,False,False,True,False,False,0.08,0.02,0
CB_IN_2026_06504,True,False,True,False,True,False,True,0.55,0.7516661730155828,0
CB_IN_2026_01939,True,True,True,False,True,False,True,0.3,0.2782805350201979,0
CB_IN_2026_07868,True,True,False,False,True,False,True,0.3,0.3073609587077261,0
CB_IN_2026_06340,True,True,True,False,False,False,False,0.08,0.03253823737916273,0
CB_IN_2026_05500,False,True,True,False,True,False,True,0.9,0.8446473677141177,1
CB_IN_2026_06564,True,True,True,False,False,True,True,0.75,0.8334681118790992,0
CB_IN_2026_00225,True,False,True,False,True,False,True,0.3,0.2084750779774921,1
CB_IN_2026_02206,True,True,True,False,True,False,True,0.75,0.7215208207050862,0
CB_IN_2026_08282,False,True,True,False,True,False,True,0.55,0.5328172409926547,1
CB_IN_2026_00032,True,False,True,False,True,False,True,0.75,0.8271714239190673,1
CB_IN_2026_06446,True,False,False,False,True,False,True,0.9,0.9436593144888967,0
CB_IN_2026_02962,True,False,True,False,True,True,True,0.9,0.785749099375248,1
CB_IN_2026_04522,True,True,True,False,False,True,True,0.75,0.6935809287656045,1
CB_IN_2026_04614,True,True,True,False,True,False,True,0.3,0.351891574567167,1
CB_IN_2026_03044,True,False,True,False,False,False,True,0.45,0.47153925471709224,1
CB_IN_2026_01730,True,True,True,False,True,False,True,0.9,0.8808399826975195,1
CB_IN_2026_03204,True,True,True,False,True,True,True,0.92,0.98,1
CB_IN_2026_05187,True,True,False,False,True,False,False,0.3,0.351094436487102,0
CB_IN_2026_05836,True,False,True,False,False,False,True,0.75,0.7751747138750206,1
CB_IN_2026_07803,True,True,True,False,True,False,True,0.55,0.6345566448162544,1
CB_IN_2026_01899,True,False,False,False,True,False,False,0.08,0.12719361833899567,1
CB_IN_2026_00546,True,True,True,False,True,True,True,0.88,0.797298012174651,1
CB_IN_2026_00815,True,True,True,False,True,False,True,0.3,0.4021651651555272,0
CB_IN_2026_00502,True,True,True,False,False,False,True,0.1,0.03608121959481295,0
CB_IN_2026_06745,True,False,True,False,True,False,True,0.3,0.3516084404008286,1
CB_IN_2026_09622,True,False,False,False,True,True,True,0.1,0.02,0
CB_IN_2026_01548,True,True,False,False,True,False,False,0.3,0.26050534839685635,0
CB_IN_2026_00746,True,False,True,True,True,False,True,0.75,0.8070801807826142,1
CB_IN_2026_03933,True,False,True,False,True,False,True,0.9,0.7241836955774542,1
CB_IN_2026_09154,False,True,False,False,True,False,False,0.18,0.1826054000780639,0
CB_IN_2026_05148,True,False,True,False,True,False,True,0.18,0.19180103096646497,0
CB_IN_2026_01595,True,False,True,False,False,False,True,0.15,0.1323297170652727,0
CB_IN_2026_05348,True,False,True,False,True,True,False,0.08,0.20228672962810534,0
CB_IN_2026_01872,True,True,False,False,True,False,True,0.85,0.912937766992515,1
CB_IN_2026_07578,True,True,False,False,True,False,True,0.25,0.3919452009511383,1
CB_IN_2026_08549,True,False,False,False,True,False,False,0.08,0.06261408112068101,0
CB_IN_2026_04138,False,False,True,False,True,False,True,0.05,0.050712529519043044,0
CB_IN_2026_05406,True,True,True,False,True,False,True,0.9,0.7362040171855351,1
CB_IN_2026_05099,True,True,True,False,False,True,True,0.55,0.6114306610266524,1
CB_IN_2026_09238,True,True,False,False,False,False,False,0.18,0.1997600317661357,0
CB_IN_2026_00366,True,True,True,False,True,True,True,0.9,0.8275939642957335,0
CB_IN_2026_06809,True,True,True,False,True,True,True,0.55,0.47426767748299986,0
CB_IN_2026_07935,True,True,True,False,True,False,True,0.9,0.9468241985533603,1
CB_IN_2026_00820,False,True,False,False,False,True,False,0.92,0.9592817622277602,1
CB_IN_2026_09138,True,False,True,False,True,True,True,0.88,0.8396150156718168,1
CB_IN_2026_02830,True,True,True,False,True,False,True,0.85,0.7826611857471175,1
CB_IN_2026_00060,True,True,False,False,True,False,False,0.08,0.0635564616170661,0
CB_IN_2026_08033,True,True,True,False,True,False,True,0.55,0.46568716199776516,0
CB_IN_2026_07371,True,False,True,False,True,False,True,0.45,0.4534198349467904,0
CB_IN_2026_03817,True,True,True,False,False,True,True,0.92,0.8869916693627944,1
CB_IN_2026_00971,True,True,False,False,True,False,True,0.18,0.13758003789896892,0
CB_IN_2026_03386,False,True,True,False,True,False,True,0.05,0.02,0
CB_IN_2026_03523,True,False,True,False,True,False,True,0.75,0.8213166552554826,1
CB_IN_2026_02858,True,False,False,False,True,True,True,0.1,0.15916963882812762,0
CB_IN_2026_00246,True,False,True,False,True,False,True,0.25,0.2214213731728185,1
CB_IN_2026_03253,True,True,True,False,True,False,True,0.85,0.8229638059572209,1
CB_IN_2026_00242,True,True,True,False,True,False,True,0.85,0.8605323016551115,1
CB_IN_2026_01778,True,True,True,True,True,False,True,0.75,0.7203853096350675,0
CB_IN_2026_03668,False,True,True,False,False,True,True,0.2,0.11656597278605213,0
CB_IN_2026_01955,False,False,True,True,True,False,True,0.9,0.8595330198028648,1
CB_IN_2026_00359,True,True,True,False,True,False,True,0.92,0.9656902261556958,1
CB_IN_2026_00221,True,False,False,False,True,False,False,0.9,0.9507426801784664,1
CB_IN_2026_07518,False,True,False,False,True,False,True,0.18,0.20458408460171107,0
CB_IN_2026_03021,True,True,True,False,True,False,True,0.75,0.8078911350343585,1
CB_IN_2026_00468,True,True,True,False,True,False,True,0.9,0.8737926619251672,1
CB_IN_2026_01519,True,True,True,False,True,False,True,0.75,0.8268056816189995,1
CB_IN_2026_01483,True,True,True,False,True,False,True,0.3,0.4044619137083999,1
CB_IN_2026_00179,True,True,True,True,False,False,True,0.1,0.11057976744042684,0
CB_IN_2026_01480,True,True,True,False,True,False,True,0.92,0.8582492931061125,1
CB_IN_2026_08865,True,False,False,True,True,False,False,0.03,0.02,0
CB_IN_2026_02153,True,True,True,False,True,False,True,0.92,0.8288479422612758,1
CB_IN_2026_08872,True,True,False,False,False,True,True,0.92,0.933818826682632,1
CB_IN_2026_08267,True,True,True,False,False,False,True,0.3,0.260874130104526,0
CB_IN_2026_07442,True,True,False,False,True,False,True,0.75,0.7665168911570177,1
CB_IN_2026_00562,True,True,False,False,True,False,False,0.08,0.054255069363255894,0
CB_IN_2026_08260,True,False,True,False,False,True,True,0.1,0.12371242086266804,1
CB_IN_2026_03553,True,True,False,False,False,True,False,0.08,0.02,0
CB_IN_2026_03278,True,False,False,False,True,False,False,0.1,0.14057634680933342,0
CB_IN_2026_00934,True,True,True,False,True,False,True,0.85,0.8615061940947697,1
CB_IN_2026_05551,True,False,True,False,True,False,True,0.1,0.0626288446337126,0
CB_IN_2026_04004,False,True,True,False,True,False,True,0.9,0.8589109165652441,1
CB_IN_2026_06259,False,True,False,False,False,False,False,0.1,0.04093593982424821,0
CB_IN_2026_04270,True,False,True,False,False,True,True,0.92,0.9082771724925358,1
CB_IN_2026_04271,False,True,False,False,True,False,False,0.85,0.9266917070562766,1
CB_IN_2026_06158,True,True,False,False,True,False,False,0.08,0.038111787892503926,0
CB_IN_2026_05884,True,True,False,False,True,False,True,0.9,0.9423075245100838,1
CB_IN_2026_03987,True,True,False,False,False,False,False,0.85,0.7663597668937383,1
CB_IN_2026_06258,True,True,True,False,True,True,True,0.55,0.454683157411914,0
CB_IN_2026_05683,True,False,True,False,True,False,True,0.9,0.8373284910991446,1
CB_IN_2026_06890,True,False,True,False,True,False,True,0.92,0.9730893389735582,1
CB_IN_2026_05256,True,False,True,True,True,False,True,0.9,0.8830391347989041,1
CB_IN_2026_04583,True,False,True,False,False,False,True,0.1,0.02,0
CB_IN_2026_05569,True,False,True,False,True,True,True,0.1,0.05709312676176774,0
CB_IN_2026_05633,False,True,True,False,True,False,True,0.05,0.06956771696680666,0
CB_IN_2026_05471,False,False,True,False,False,True,True,0.1,0.12051270607020514,1
CB_IN_2026_04040,True,True,True,False,True,False,False,0.08,0.0928406244811756,1
CB_IN_2026_05669,True,True,False,False,True,False,False,0.08,0.02,0
CB_IN_2026_05426,True,True,True,False,True,True,True,0.92,0.9147811281988661,1
CB_IN_2026_06427,True,True,True,False,True,False,True,0.3,0.390169905632477,0
CB_IN_2026_05416,True,True,False,False,True,False,False,0.08,0.1562448292768867,0
CB_IN_2026_05162,False,True,True,False,False,False,False,0.85,0.98,1
CB_IN_2026_02120,True,False,False,False,False,True,True,0.1,0.11904977001596315,0
CB_IN_2026_07964,True,True,True,False,True,True,True,0.92,0.9737912675817129,1
CB_IN_2026_07248,True,True,True,False,False,False,True,0.15,0.1316597010211346,0
CB_IN_2026_07252,True,True,True,False,True,False,True,0.85,0.9128218132016581,1
CB_IN_2026_08340,True,True,True,False,True,False,True,0.92,0.904655593901992,1
CB_IN_2026_01408,True,True,False,False,True,True,False,0.92,0.9565397232180002,1
CB_IN_2026_06474,False,True,True,False,False,False,True,0.15,0.27011101295905315,0
CB_IN_2026_00953,True,False,False,False,True,False,False,0.08,0.09248350518741882,0
CB_IN_2026_07537,False,False,True,False,True,True,True,0.75,0.7233945565899529,1
CB_IN_2026_01516,True,True,True,False,True,False,True,0.85,0.8421846137383922,1
CB_IN_2026_04965,True,False,True,False,False,True,True,0.1,0.11803876649522427,0
CB_IN_2026_08157,True,True,True,False,True,False,True,0.55,0.5535722153074191,1
CB_IN_2026_04357,True,True,True,False,True,False,True,0.85,0.7964463151808963,1
CB_IN_2026_02614,False,False,False,False,True,False,True,0.75,0.8322712704619327,1
CB_IN_2026_06724,True,True,True,False,True,True,True,0.9,0.9235559520080415,1
CB_IN_2026_07113,True,True,True,False,True,False,True,0.2,0.15092412502337488,0
CB_IN_2026_01121,True,True,False,False,True,False,False,0.08,0.032230749415311254,0
CB_IN_2026_09103,True,True,True,False,True,True,True,0.85,0.8031240207017155,1
CB_IN_2026_09236,True,False,False,False,True,False,True,0.3,0.28877862533392157,0
CB_IN_2026_00668,True,False,True,False,True,False,True,0.9,0.8971313317946191,1
CB_IN_2026_04748,True,True,False,False,True,True,False,0.08,0.021526056547066297,0
CB_IN_2026_04193,True,False,True,False,True,False,True,0.9,0.9155826667329237,1
CB_IN_2026_01583,True,True,True,False,True,True,True,0.9,0.863129264693128,1
CB_IN_2026_08238,True,False,False,False,True,True,False,0.08,0.06611674728753181,0
CB_IN_2026_07177,True,True,True,False,False,True,True,0.85,0.8901955369723132,0
CB_IN_2026_00731,True,True,True,False,True,False,True,0.75,0.8846321764602632,1
CB_IN_2026_01084,True,True,True,False,True,False,True,0.9,0.7875411714838114,0
CB_IN_2026_03030,True,False,True,False,True,False,True,0.45,0.48153101763877326,0
CB_IN_2026_08228,True,True,True,False,False,False,True,0.15,0.06319767673845411,0
CB_IN_2026_04513,True,True,True,False,True,False,True,0.55,0.4243946559117331,0
CB_IN_2026_09711,True,True,False,False,True,True,False,0.08,0.02,0
CB_IN_2026_08064,True,True,True,False,False,True,True,0.92,0.9611002752597271,1
CB_IN_2026_04158,True,True,True,False,True,True,True,0.75,0.98,1
CB_IN_2026_03970,True,False,False,False,False,False,False,0.08,0.18254255328932756,0
CB_IN_2026_05859,True,True,False,False,False,False,False,0.3,0.337993246612539,0
CB_IN_2026_08729,True,True,False,False,False,False,True,0.3,0.24943470092588968,0
CB_IN_2026_02424,False,True,True,False,True,True,True,0.05,0.05470793752939956,0
CB_IN_2026_02539,True,True,False,False,True,False,False,0.08,0.11944036377068896,1
CB_IN_2026_05505,True,False,True,False,True,True,True,0.9,0.98,1
CB_IN_2026_02007,True,True,True,False,True,False,True,0.75,0.7710559964142494,1
CB_IN_2026_04737,True,False,False,False,True,False,False,0.75,0.8384603094449791,1
CB_IN_2026_09193,True,True,True,False,False,True,True,0.25,0.30898305183023184,0
CB_IN_2026_04252,True,False,True,False,True,False,True,0.1,0.02,0
CB_IN_2026_02673,True,True,True,False,False,True,True,0.55,0.5300738320016777,1
CB_IN_2026_08634,True,False,True,False,True,False,True,0.45,0.49742813446942236,1
CB_IN_2026_02774,False,True,True,False,True,False,True,0.85,0.7296535919880649,1
CB_IN_2026_08981,True,False,True,False,False,False,True,0.15,0.06824807517866648,0
CB_IN_2026_09551,False,True,False,False,True,True,False,0.08,0.10166076563145277,0
CB_IN_2026_09792,False,False,True,False,True,False,True,0.3,0.3291250263169026,0
CB_IN_2026_01853,False,True,False,False,True,True,True,0.9,0.9439515908549281,1
CB_IN_2026_07815,True,True,True,False,True,True,True,0.55,0.5096595910068713,1
CB_IN_2026_00273,True,True,False,False,True,False,False,0.08,0.02,0
CB_IN_2026_03350,True,True,True,False,True,False,False,0.2,0.14394765588683184,0
CB_IN_2026_06729,True,True,False,False,True,False,True,0.3,0.283828689816942,0
CB_IN_2026_08893,True,False,False,False,True,False,True,0.3,0.33078597264172316,0
CB_IN_2026_00330,True,True,True,False,True,True,True,0.9,0.9444928108908263,1
CB_IN_2026_07966,True,True,True,False,False,False,True,0.15,0.1546190714877556,0
CB_IN_2026_02732,True,False,True,False,True,True,True,0.92,0.8765194504375479,1
CB_IN_2026_05383,True,False,True,False,False,False,True,0.15,0.20063568687605757,0
CB_IN_2026_01705,True,False,True,False,True,False,True,0.92,0.9097227618634037,1
CB_IN_2026_06469,True,True,True,False,True,True,True,0.55,0.6626258213562708,1
CB_IN_2026_02126,True,True,True,False,False,False,True,0.55,0.4886133209388048,1
CB_IN_2026_04754,True,False,True,False,True,False,True,0.1,0.11848677457480314,0
CB_IN_2026_06188,True,True,False,False,True,False,True,0.92,0.8627202009065176,1
CB_IN_2026_05146,True,True,False,False,True,False,False,0.9,0.9142847180486446,1
CB_IN_2026_00769,False,False,True,False,False,False,True,0.3,0.28740086117404073,0
CB_IN_2026_07985,True,True,True,False,True,False,True,0.85,0.7565122549214591,1
CB_IN_2026_00692,True,True,False,False,True,False,False,0.18,0.17538220408062433,1
CB_IN_2026_01451,False,True,True,False,True,True,True,0.05,0.13358645774881256,0
CB_IN_2026_02182,True,True,True,False,True,True,True,0.92,0.9349486847545914,1
CB_IN_2026_09828,True,True,True,False,True,False,True,0.18,0.2977875942427277,0
CB_IN_2026_01478,True,True,True,False,True,True,True,0.85,0.8579030881020813,1
CB_IN_2026_09836,True,False,True,False,False,True,True,0.92,0.8975729206672313,1
CB_IN_2026_07556,True,False,False,False,True,True,True,0.1,0.04157859087751421,0
CB_IN_2026_05088,True,False,True,True,True,False,True,0.3,0.33673183635012904,0
CB_IN_2026_09119,True,True,True,False,True,True,True,0.9,0.8956300880055276,1
CB_IN_2026_02770,True,False,True,False,True,False,True,0.9,0.8784849477158525,1
CB_IN_2026_09086,True,False,False,False,True,False,True,0.25,0.33513753887738773,0
CB_IN_2026_04325,True,True,True,False,True,False,True,0.75,0.7716074267425799,1
CB_IN_2026_00030,True,False,False,False,True,False,True,0.25,0.35960429876161365,0
CB_IN_2026_09541,True,True,False,False,True,False,False,0.3,0.24660024178077056,0
CB_IN_2026_02323,True,False,True,False,True,False,True,0.3,0.18261237197538083,0
CB_IN_2026_03411,True,True,False,False,True,False,False,0.03,0.2109203435881421,0
CB_IN_2026_01059,True,True,True,False,True,False,True,0.9,0.8519492189315189,1
CB_IN_2026_08545,False,True,True,False,True,True,True,0.05,0.14145135335993672,1
CB_IN_2026_04356,True,True,True,False,True,False,True,0.9,0.98,1
CB_IN_2026_07667,True,False,True,False,False,True,True,0.92,0.8175462891531221,0
CB_IN_2026_08814,True,True,True,False,True,False,True,0.3,0.28618074171073976,0
CB_IN_2026_07928,True,True,False,False,True,False,False,0.85,0.8012202958227989,1
CB_IN_2026_08784,True,True,True,False,False,True,True,0.75,0.7897358489029322,1
CB_IN_2026_00326,True,True,False,False,True,True,False,0.85,0.8876704502844042,1
CB_IN_2026_09807,True,False,True,False,False,False,True,0.55,0.5017221231634288,1
CB_IN_2026_01170,True,True,True,False,False,False,True,0.15,0.05562357144008567,0
CB_IN_2026_09073,True,False,False,False,True,False,False,0.1,0.14827369738799812,0
CB_IN_2026_07946,True,False,False,False,True,False,True,0.1,0.14807726195253307,0
CB_IN_2026_08473,True,False,True,False,True,False,True,0.45,0.5489736307092644,0
CB_IN_2026_07020,True,True,True,False,True,False,True,0.85,0.9462919549743061,1
CB_IN_2026_02054,True,True,True,False,True,True,True,0.9,0.9569209084147857,1
CB_IN_2026_07714,True,False,True,False,True,False,True,0.45,0.46146693884693396,0
CB_IN_2026_09577,True,True,False,False,True,True,False,0.08,0.11835588562914928,0
CB_IN_2026_03582,False,True,False,False,True,True,False,0.08,0.06805996051150169,1
CB_IN_2026_06680,True,False,True,False,True,False,True,0.18,0.16353701669349469,0
CB_IN_2026_04985,False,False,True,False,True,False,True,0.45,0.43948562461767393,1
CB_IN_2026_05016,True,False,False,False,False,False,True,0.3,0.3270964814718471,0
CB_IN_2026_06656,True,False,True,False,True,False,True,0.3,0.34079364135375123,0
CB_IN_2026_01834,True,False,True,False,False,True,True,0.92,0.8002656338678444,0
CB_IN_2026_05196,True,True,False,False,False,True,False,0.15,0.02,0
CB_IN_2026_02246,True,False,True,False,True,False,True,0.55,0.4954968593915694,0
CB_IN_2026_04663,True,False,True,False,True,False,True,0.3,0.385782377078453,0
CB_IN_2026_00774,True,True,True,False,True,False,True,0.55,0.4897204939101237,0
CB_IN_2026_01501,True,True,False,False,True,False,True,0.75,0.7658246830484693,1
CB_IN_2026_05292,True,True,True,False,True,False,True,0.92,0.7887202804895417,1
CB_IN_2026_07744,True,True,True,False,True,False,True,0.85,0.8145226901046931,1
CB_IN_2026_09867,True,True,True,False,True,False,True,0.3,0.43482307943016646,0
CB_IN_2026_03820,True,False,False,False,True,False,False,0.08,0.04707237308709439,0
CB_IN_2026_02407,True,True,False,False,True,False,False,0.08,0.02,0
CB_IN_2026_04110,False,True,True,False,True,True,True,0.9,0.9377314381824565,1
CB_IN_2026_09308,True,True,True,False,True,True,True,0.75,0.735830273533047,1
CB_IN_2026_03612,True,True,True,False,True,False,True,0.85,0.778567995829504,0
CB_IN_2026_04464,True,False,True,False,True,False,True,0.9,0.8258569475318751,1
CB_IN_2026_09753,True,False,True,False,True,True,True,0.92,0.9279129173161254,1
CB_IN_2026_03077,True,False,True,False,True,True,True,0.92,0.9169068062096554,1
CB_IN_2026_09623,False,True,True,False,True,False,True,0.9,0.767607947347283,1
CB_IN_2026_05529,True,False,True,False,True,True,True,0.92,0.8780972736216515,1
CB_IN_2026_08816,False,True,True,False,True,False,False,0.08,0.02,0
CB_IN_2026_00463,True,False,True,False,True,False,True,0.18,0.2047417644017328,0
CB_IN_2026_00959,False,False,True,False,True,False,True,0.75,0.746453005564254,1
CB_IN_2026_06908,True,False,True,False,True,False,True,0.75,0.8629067861630606,1
CB_IN_2026_03450,True,True,False,False,False,False,True,0.15,0.24208409714041285,0
CB_IN_2026_01958,True,True,True,False,False,False,True,0.3,0.3039506395229087,0
CB_IN_2026_02681,True,True,True,False,True,False,True,0.9,0.9363816563079689,1
CB_IN_2026_00065,False,False,True,False,True,False,True,0.05,0.11628900738060959,0
CB_IN_2026_00310,True,True,True,False,True,True,True,0.9,0.9623428665078577,1
CB_IN_2026_07722,True,True,False,False,True,True,False,0.08,0.02,0
CB_IN_2026_04859,True,False,True,False,True,False,True,0.9,0.905604484826983,1
CB_IN_2026_00936,True,False,False,False,True,False,True,0.2,0.20398585729387092,0
CB_IN_2026_04080,True,False,True,False,True,True,True,0.55,0.6028973780694579,1
CB_IN_2026_01931,True,True,False,False,True,True,False,0.92,0.9728252575691873,1
CB_IN_2026_01806,True,False,True,False,True,False,True,0.9,0.98,1
CB_IN_2026_01200,False,True,False,False,True,False,False,0.08,0.24554297864029034,0
CB_IN_2026_05989,False,False,True,False,False,True,True,0.92,0.8695354346887983,1
CB_IN_2026_03124,True,True,False,False,False,True,False,0.08,0.19985182394107714,0
CB_IN_2026_04555,True,True,True,False,True,False,True,0.85,0.8268772494353256,1
CB_IN_2026_05126,True,True,True,False,False,True,True,0.92,0.9253475377528932,1
CB_IN_2026_08966,True,False,True,False,False,True,True,0.55,0.49590584244515834,1
CB_IN_2026_02225,True,True,True,False,True,False,True,0.3,0.26801875600543673,1
CB_IN_2026_00806,True,True,False,False,True,True,True,0.85,0.760271975490106,1
CB_IN_2026_01271,True,True,True,False,True,False,True,0.03,0.02,0
CB_IN_2026_01683,True,False,False,False,False,True,True,0.25,0.26652135413347033,0
CB_IN_2026_09802,False,False,True,False,False,True,True,0.92,0.7149418091157581,0
CB_IN_2026_04426,True,False,True,False,False,True,True,0.1,0.09326220361537407,0
CB_IN_2026_09037,False,True,False,False,False,False,True,0.3,0.3695767312140484,0
CB_IN_2026_06843,True,True,True,False,True,False,True,0.9,0.9652886748852745,1
CB_IN_2026_01742,True,False,False,False,True,False,False,0.1,0.17209494626563113,0
CB_IN_2026_00624,True,True,True,False,True,False,True,0.9,0.98,1
CB_IN_2026_00810,True,False,True,False,True,True,True,0.92,0.8036392868182015,1
CB_IN_2026_04460,False,False,True,False,True,False,True,0.9,0.8487294520350419,1
CB_IN_2026_09390,False,True,True,False,True,True,True,0.2,0.22225272703985585,0
CB_IN_2026_04313,True,True,True,False,False,True,True,0.85,0.736753000008369,1
CB_IN_2026_07188,True,False,True,False,True,True,False,0.08,0.17860786898610853,0
CB_IN_2026_05507,True,True,False,False,True,False,True,0.85,0.7558016600119813,1
CB_IN_2026_00498,True,False,True,False,True,True,True,0.1,0.2331671456106109,0
CB_IN_2026_07204,False,True,False,False,True,False,False,0.08,0.13310033605501081,0
CB_IN_2026_06018,False,False,True,False,False,False,True,0.12,0.0511076867071838,0
CB_IN_2026_08714,True,False,True,False,False,True,True,0.55,0.4493259863791338,1
CB_IN_2026_02899,True,False,False,False,False,False,False,0.08,0.08502886598075796,0
CB_IN_2026_03957,False,True,True,False,True,True,True,0.85,0.8166051259820828,1
CB_IN_2026_03560,True,True,False,False,False,False,False,0.08,0.02,0
CB_IN_2026_04800,True,False,False,False,True,True,True,0.9,0.9305461550040255,1
CB_IN_2026_06490,False,True,False,False,True,False,False,0.08,0.02,0
CB_IN_2026_07390,True,True,False,False,True,True,True,0.9,0.8592832239004728,1
CB_IN_2026_08513,True,True,True,False,True,False,True,0.75,0.8287066022003605,1
CB_IN_2026_08891,True,False,True,False,False,True,True,0.45,0.45945580767337135,1
CB_IN_2026_03780,True,True,True,False,True,False,True,0.9,0.9331625817970156,1
CB_IN_2026_08418,False,False,True,False,True,True,True,0.9,0.8408412992844183,1
CB_IN_2026_02260,True,False,True,False,False,False,True,0.12,0.172526074796646,0
CB_IN_2026_06998,True,False,True,False,True,True,True,0.9,0.98,1
CB_IN_2026_03906,True,False,True,False,True,False,True,0.18,0.055649714063829486,0
CB_IN_2026_08462,True,True,True,False,True,False,True,0.92,0.8992142820950005,1
CB_IN_2026_08275,True,True,True,False,True,True,True,0.92,0.7955904427716369,1
CB_IN_2026_08371,True,True,True,False,True,False,True,0.9,0.8569659492964468,1
CB_IN_2026_06237,True,False,True,False,True,False,True,0.18,0.2068209395942326,0
CB_IN_2026_08916,True,True,False,False,True,False,False,0.85,0.8373074558376484,1
CB_IN_2026_07522,True,True,True,False,True,False,True,0.85,0.92204199017025,1
CB_IN_2026_04565,True,True,False,False,False,False,False,0.08,0.02,0
CB_IN_2026_06878,True,False,False,False,True,False,False,0.08,0.1677932789603731,0
CB_IN_2026_05377,True,True,True,False,True,False,True,0.9,0.9128961947697509,1
CB_IN_2026_02063,False,True,True,False,False,False,True,0.05,0.027408852215567072,0
CB_IN_2026_02215,True,True,False,False,True,False,True,0.85,0.8264108164207769,0
CB_IN_2026_08887,True,False,True,False,True,True,True,0.9,0.9575602474922633,1
CB_IN_2026_00120,True,False,True,False,False,False,True,0.55,0.6168437011485853,0
CB_IN_2026_01024,True,False,False,False,True,True,True,0.1,0.1070002197398467,0
CB_IN_2026_06804,True,True,True,False,True,False,True,0.75,0.7471076746247837,1
CB_IN_2026_06965,True,True,True,False,False,False,True,0.92,0.8766672867012008,1
CB_IN_2026_03915,True,True,True,False,True,True,True,0.9,0.9252663702590436,1
CB_IN_2026_07287,True,True,True,False,True,True,True,0.55,0.596033687424906,1
CB_IN_2026_00258,True,True,True,False,True,False,True,0.75,0.7510561265986152,0
CB_IN_2026_00200,True,True,True,False,False,True,True,0.92,0.88456032773168,0
CB_IN_2026_02933,True,True,True,False,True,True,True,0.85,0.8394338554044133,1
CB_IN_2026_09189,True,True,False,False,True,True,True,0.92,0.98,1
CB_IN_2026_01928,True,False,True,False,True,False,True,0.45,0.48951697917464365,0
CB_IN_2026_07329,False,True,True,False,True,True,True,0.55,0.5055286144391251,1
CB_IN_2026_09122,False,False,True,True,True,True,True,0.03,0.02,0
CB_IN_2026_07851,True,False,True,False,False,False,True,0.12,0.16392466434013397,0
CB_IN_2026_04772,True,True,True,False,True,False,True,0.85,0.827303401025852,1
CB_IN_2026_01074,True,True,True,True,True,False,True,0.85,0.8327703422426703,1
CB_IN_2026_09190,False,True,True,False,True,False,True,0.9,0.7241165699463138,1
CB_IN_2026_01825,False,False,True,False,True,False,True,0.1,0.0654314698802329,0
CB_IN_2026_03140,False,False,False,False,True,True,False,0.88,0.9192852155566076,1
CB_IN_2026_04308,True,True,True,False,True,True,True,0.55,0.5136830446283339,0
CB_IN_2026_06889,True,True,True,False,True,False,False,0.08,0.10727495361015887,0
CB_IN_2026_05841,False,True,True,False,False,True,True,0.88,0.8888188794456142,1
CB_IN_2026_06155,True,False,False,False,True,True,False,0.45,0.5288611803376895,0
CB_IN_2026_09438,True,True,True,False,True,True,True,0.9,0.9566521146255652,1
CB_IN_2026_09126,True,True,True,False,True,False,True,0.18,0.18499020845262992,1
CB_IN_2026_01843,True,False,True,False,True,True,True,0.92,0.8462681030288376,1
CB_IN_2026_00829,True,True,True,False,True,False,True,0.3,0.2511193907645598,1
CB_IN_2026_03188,True,True,True,False,True,True,True,0.88,0.7321297345299731,1
CB_IN_2026_03298,True,False,True,False,True,False,True,0.45,0.43480703441452734,0
CB_IN_2026_09427,True,False,True,False,True,False,True,0.45,0.49997078056211974,0
CB_IN_2026_05397,True,True,True,False,True,True,True,0.9,0.9425873520821417,1
CB_IN_2026_01110,True,True,True,False,True,False,True,0.92,0.939737890467632,1
CB_IN_2026_00070,True,True,True,False,True,False,True,0.18,0.16896198847256944,0
CB_IN_2026_05221,True,True,True,False,True,True,True,0.88,0.8807251482555923,1
CB_IN_2026_00507,True,True,False,False,True,True,True,0.92,0.98,1
CB_IN_2026_03804,True,True,True,False,False,False,True,0.15,0.17002355981758532,0
CB_IN_2026_09742,True,True,True,False,True,True,True,0.92,0.8957887560448237,1
CB_IN_2026_05702,True,True,True,False,True,False,True,0.85,0.9313225706567863,1
CB_IN_2026_01529,True,True,True,False,False,True,True,0.92,0.8920162084990962,1
CB_IN_2026_05685,True,False,True,False,True,False,True,0.9,0.7259219873012943,0
CB_IN_2026_04606,False,True,True,False,True,False,True,0.9,0.9748646131804203,1
CB_IN_2026_06955,True,True,True,False,True,False,True,0.85,0.817663801607116,1
CB_IN_2026_07279,True,False,False,False,False,False,False,0.08,0.15892166785930356,0
CB_IN_2026_08635,False,False,True,False,True,False,True,0.3,0.3347037399697095,0
CB_IN_2026_07605,True,True,True,True,True,False,True,0.85,0.7448607126885172,1
CB_IN_2026_02143,False,True,True,False,True,False,False,0.08,0.03208888500945815,0
CB_IN_2026_08942,True,False,True,False,True,False,True,0.1,0.14936813600076632,1
CB_IN_2026_06712,True,False,False,False,True,False,True,0.3,0.3854778340882966,0
CB_IN_2026_03100,False,False,False,False,True,False,False,0.08,0.05908549338201422,0
CB_IN_2026_09679,True,True,True,False,True,True,True,0.88,0.8072777598217893,1
CB_IN_2026_08508,True,False,False,False,True,True,True,0.25,0.18758268508914455,0
CB_IN_2026_02031,False,False,True,False,True,False,True,0.1,0.15008412731684662,0
CB_IN_2026_04210,True,True,True,False,True,False,True,0.55,0.6387608939998115,0
CB_IN_2026_03524,True,False,True,False,True,False,True,0.3,0.2748895425656454,1
CB_IN_2026_02540,True,True,True,False,True,True,True,0.55,0.7632749443165328,1
CB_IN_2026_06294,True,True,False,False,True,True,False,0.08,0.22258130570459744,1
CB_IN_2026_00691,False,True,False,False,False,False,False,0.08,0.02,0
CB_IN_2026_07651,True,True,False,False,False,True,False,0.08,0.05601725656300205,0
CB_IN_2026_05713,False,True,True,False,True,False,True,0.75,0.729180147268274,1
CB_IN_2026_02941,False,True,True,False,True,False,True,0.05,0.10009760224866927,0
CB_IN_2026_02528,True,True,True,False,True,False,True,0.92,0.7471169611203248,1
CB_IN_2026_04577,True,True,True,False,False,True,True,0.92,0.906093451143994,1
CB_IN_2026_01126,True,True,True,False,True,False,True,0.9,0.98,1
CB_IN_2026_08677,False,True,True,False,True,False,True,0.18,0.05150305866399704,0
CB_IN_2026_04449,True,True,True,False,False,False,True,0.18,0.06918994271897749,0
CB_IN_2026_04993,True,True,True,False,True,False,True,0.85,0.7717124169023976,1
CB_IN_2026_01736,True,True,True,False,False,True,True,0.92,0.9779002857655857,1
CB_IN_2026_06045,True,True,True,False,False,False,True,0.92,0.8881389428455233,1
CB_IN_2026_01034,True,False,True,False,True,False,True,0.9,0.8341991059162364,1
CB_IN_2026_01902,True,True,True,False,False,True,True,0.92,0.8632797818099776,1
CB_IN_2026_05514,True,True,True,False,False,False,True,0.85,0.81259466991444,1
CB_IN_2026_05305,True,True,True,False,False,True,False,0.08,0.17028476838804255,0
CB_IN_2026_05515,True,True,True,False,True,False,False,0.08,0.03408095165327419,0
CB_IN_2026_05160,True,True,True,True,True,False,True,0.85,0.8981179875474665,1
CB_IN_2026_03929,True,False,True,False,True,True,True,0.92,0.8994520202021656,1
CB_IN_2026_02363,True,False,False,False,True,False,False,0.03,0.027659991087341664,0
CB_IN_2026_06576,True,True,True,False,True,True,True,0.9,0.8878330613269452,1
CB_IN_2026_08790,True,True,True,False,False,True,True,0.92,0.8471764753802584,1
CB_IN_2026_04282,True,True,True,False,True,False,True,0.92,0.8344273502784169,0
CB_IN_2026_04618,True,True,True,False,True,False,True,0.9,0.9735452855009938,1
CB_IN_2026_02247,True,True,False,False,True,False,True,0.25,0.24854091048627674,0
CB_IN_2026_09482,True,True,False,False,True,True,True,0.92,0.9565303964690176,1
CB_IN_2026_06750,True,False,True,False,True,True,True,0.9,0.9204970040877011,1
CB_IN_2026_08857,True,True,True,False,False,False,True,0.12,0.19470374850893019,0
CB_IN_2026_02704,True,False,True,False,True,False,True,0.25,0.31427254998250387,0
CB_IN_2026_00569,True,True,True,False,True,False,True,0.3,0.31840116679144764,0
CB_IN_2026_04750,True,True,False,False,False,False,False,0.08,0.16195799828112228,0
CB_IN_2026_09704,True,True,True,False,True,False,True,0.9,0.8542560541394866,0
CB_IN_2026_06756,True,False,True,False,True,True,True,0.1,0.12464572937020171,0
CB_IN_2026_00588,True,True,True,False,True,False,True,0.9,0.98,1
CB_IN_2026_06051,False,True,False,False,False,False,False,0.3,0.22879071359292444,0
CB_IN_2026_04680,True,False,True,False,True,True,True,0.92,0.95859179542975,1
CB_IN_2026_04026,True,True,True,False,True,False,True,0.92,0.887225019566865,1
CB_IN_2026_04007,True,True,False,False,True,False,False,0.3,0.2881358369583995,1
CB_IN_2026_01848,True,False,True,False,True,True,True,0.1,0.04760962489541169,0
CB_IN_2026_09487,False,False,True,False,True,False,True,0.55,0.5224044534507314,0
CB_IN_2026_02580,True,False,True,False,True,False,False,0.9,0.921320116564255,1
CB_IN_2026_06897,False,False,True,False,False,False,True,0.45,0.3770418873463458,1
CB_IN_2026_02592,True,False,True,False,False,True,True,0.45,0.5156795798619991,1
CB_IN_2026_01378,False,False,True,False,True,False,True,0.55,0.5782521890992551,1
CB_IN_2026_04251,True,False,True,False,False,True,True,0.2,0.27229503189411197,0
CB_IN_2026_05316,True,False,True,False,False,True,True,0.55,0.6556296907939255,0
CB_IN_2026_03813,True,False,False,False,True,True,False,0.08,0.06106988541330081,0
CB_IN_2026_04925,True,True,True,False,True,False,True,0.55,0.5831568388588547,0
CB_IN_2026_05289,True,False,True,False,True,False,True,0.9,0.8019840375171374,0
CB_IN_2026_00608,True,False,True,False,False,True,True,0.1,0.11137441214554977,0
CB_IN_2026_09979,True,False,True,False,True,False,True,0.1,0.10216317498054665,0
CB_IN_2026_06552,True,True,True,False,False,False,False,0.08,0.02,0
CB_IN_2026_05421,True,False,True,False,True,True,True,0.92,0.8408916933312762,1
CB_IN_2026_01240,True,True,True,False,True,True,True,0.55,0.4941865164982575,1
CB_IN_2026_03870,True,True,True,False,True,False,True,0.9,0.8781457743959767,0
CB_IN_2026_01259,True,False,True,False,True,False,True,0.55,0.4014557187741303,1
CB_IN_2026_02135,True,True,True,False,True,False,True,0.85,0.8647362368528704,1
CB_IN_2026_04961,False,True,False,False,False,False,True,0.1,0.02,0
CB_IN_2026_02511,True,True,True,False,False,True,True,0.12,0.1673650260381567,0
CB_IN_2026_09654,True,False,True,False,True,False,True,0.3,0.3644787564059554,0
CB_IN_2026_01773,True,False,True,False,True,True,True,0.55,0.5226233175228778,0
CB_IN_2026_04551,False,True,True,False,True,False,True,0.55,0.5071423461874502,1
CB_IN_2026_00681,True,True,True,False,True,True,True,0.88,0.8140112841615325,1
CB_IN_2026_09712,True,False,False,False,True,False,False,0.1,0.053002937738770406,0
CB_IN_2026_06325,True,False,True,False,False,False,True,0.55,0.43336020595720964,0
CB_IN_2026_08180,False,True,True,False,True,True,True,0.75,0.7593276428687508,1
CB_IN_2026_05491,True,True,False,False,True,False,False,0.08,0.10982446825486296,0
CB_IN_2026_01085,True,True,True,False,True,False,True,0.85,0.8113478211561543,1
CB_IN_2026_08034,True,False,False,False,True,True,False,0.9,0.9340434585031578,0
CB_IN_2026_09253,True,False,True,False,True,False,True,0.45,0.5057208967293182,0
CB_IN_2026_04569,True,True,True,False,True,False,True,0.85,0.7739443601300704,0
CB_IN_2026_02403,True,True,False,False,False,True,False,0.08,0.0886390807866114,0
CB_IN_2026_03719,True,True,False,False,True,True,False,0.08,0.02,0
CB_IN_2026_03458,True,False,True,False,True,False,True,0.9,0.8595014029042449,1
CB_IN_2026_08088,True,False,False,False,True,False,True,0.45,0.3409187525194902,1
CB_IN_2026_04181,True,False,True,False,True,False,True,0.45,0.4389144988171045,1
CB_IN_2026_06109,True,True,False,False,False,True,False,0.08,0.02,0
CB_IN_2026_07685,False,True,True,False,True,False,True,0.9,0.98,1
CB_IN_2026_00428,True,False,True,False,True,True,True,0.55,0.4214637215661279,0
CB_IN_2026_07673,True,False,False,False,False,True,False,0.08,0.02,0
CB_IN_2026_07842,True,True,True,False,True,False,True,0.9,0.8970530996363046,1
CB_IN_2026_05672,True,True,False,False,True,False,True,0.25,0.2474429602278595,0
CB_IN_2026_06754,True,False,True,False,True,True,True,0.92,0.9347817891880935,1
CB_IN_2026_05321,True,True,True,False,True,True,True,0.9,0.8918709583824488,1
CB_IN_2026_04437,True,True,True,False,True,False,True,0.85,0.98,1
CB_IN_2026_08160,False,True,True,False,True,False,True,0.05,0.06659707930166142,1
CB_IN_2026_09660,True,False,False,False,True,False,False,0.9,0.8912687496015248,1
CB_IN_2026_06632,True,False,True,False,True,False,True,0.3,0.2596156836781198,0
CB_IN_2026_07030,True,False,True,False,True,False,True,0.3,0.21198506890625626,0
CB_IN_2026_08701,True,True,True,False,False,False,True,0.15,0.14698760533985009,0
CB_IN_2026_04624,True,True,True,False,False,False,True,0.85,0.8988053671930172,1
CB_IN_2026_02275,True,True,True,False,True,False,True,0.85,0.98,1
CB_IN_2026_07770,True,True,True,False,False,False,True,0.1,0.20328978727964747,0
CB_IN_2026_06588,True,True,False,False,True,True,False,0.08,0.05121451392612818,0
CB_IN_2026_00907,True,True,True,False,True,False,True,0.85,0.6726875345453157,0
CB_IN_2026_01663,True,True,True,False,True,True,True,0.9,0.877661655632747,1
CB_IN_2026_07088,True,False,True,False,False,True,True,0.92,0.9361443385073761,1
CB_IN_2026_04505,True,False,True,False,True,False,True,0.1,0.05808250136758019,0
CB_IN_2026_08447,True,True,True,False,True,True,True,0.85,0.7895345939886771,1
CB_IN_2026_00381,True,True,True,False,False,True,True,0.1,0.17619773941669886,0
CB_IN_2026_09789,True,True,True,False,True,False,True,0.92,0.9029124199860851,1
CB_IN_2026_08461,True,True,True,False,True,False,True,0.9,0.9160287595307405,1
CB_IN_2026_07145,True,True,True,False,True,False,True,0.92,0.8142250532239379,1
CB_IN_2026_06418,True,True,False,False,True,True,False,0.9,0.9651989385690324,1
CB_IN_2026_01044,False,False,True,False,False,True,True,0.1,0.04799091241013264,0
CB_IN_2026_04757,True,False,False,False,True,True,False,0.92,0.9608105448102936,1
CB_IN_2026_01157,True,True,False,False,True,True,False,0.08,0.059727898670237735,0
CB_IN_2026_00648,True,True,True,False,True,False,True,0.9,0.9179368092973162,1
CB_IN_2026_02366,True,True,False,False,True,False,True,0.9,0.9109345612887025,1
CB_IN_2026_07662,False,False,True,False,True,False,True,0.9,0.9069383203731267,1
CB_IN_2026_06244,True,True,True,False,False,False,True,0.3,0.3063005300500474,1
CB_IN_2026_07535,False,False,True,False,True,False,True,0.75,0.7936478095008722,0
CB_IN_2026_06673,True,False,True,False,True,False,True,0.9,0.8493329770290587,0
CB_IN_2026_00642,True,True,False,False,True,False,True,0.85,0.9220711417939023,1
CB_IN_2026_06736,False,True,True,False,False,False,True,0.3,0.3856850191213417,0
CB_IN_2026_08266,True,True,True,False,True,True,True,0.92,0.9778821012229358,1
CB_IN_2026_07004,True,True,False,False,True,False,False,0.75,0.6722253898530867,1
CB_IN_2026_04945,True,True,True,False,True,False,True,0.9,0.8273717396464898,0
CB_IN_2026_07811,False,True,False,False,True,True,False,0.08,0.039603041385481284,0
CB_IN_2026_07462,True,False,True,False,True,False,True,0.92,0.8355480806807153,1
CB_IN_2026_02181,True,True,True,False,True,False,True,0.75,0.7061956494015401,1
CB_IN_2026_03875,True,True,True,False,False,False,True,0.55,0.49451366377310946,0
CB_IN_2026_09459,True,False,False,False,True,False,False,0.08,0.0756724480338241,0
CB_IN_2026_00686,False,True,False,False,False,False,False,0.85,0.9170595009279375,1
CB_IN_2026_06991,True,False,True,False,True,True,True,0.45,0.47218952505470213,1
CB_IN_2026_06989,True,True,True,False,True,False,True,0.9,0.838158269455683,1
CB_IN_2026_03664,True,True,True,False,True,False,True,0.85,0.8584600408354542,1
CB_IN_2026_01406,True,True,True,False,True,False,True,0.55,0.5692137652193324,1
CB_IN_2026_08395,False,True,True,False,True,True,True,0.05,0.06629618410946653,0
CB_IN_2026_01035,True,True,True,False,False,True,True,0.88,0.8297258587083821,1
CB_IN_2026_04108,True,True,False,False,True,True,True,0.9,0.8850391429062882,1
CB_IN_2026_08169,True,True,False,False,True,True,True,0.85,0.7525820821931101,0
CB_IN_2026_05307,False,False,True,False,True,True,True,0.88,0.9389526056927089,1
CB_IN_2026_04990,True,False,True,False,True,True,True,0.88,0.8448498488013911,1
CB_IN_2026_01754,True,True,True,False,True,False,True,0.85,0.918537007774755,0
CB_IN_2026_05035,True,True,False,False,False,False,False,0.15,0.27747562478430104,0
CB_IN_2026_09757,True,True,True,False,True,False,True,0.3,0.43201078954992567,0
CB_IN_2026_06379,True,False,True,False,True,False,True,0.18,0.12737606907860138,0
CB_IN_2026_06404,True,False,True,False,True,False,True,0.75,0.859880560247095,1
CB_IN_2026_02312,False,True,True,False,False,False,True,0.85,0.9001625882517186,1
CB_IN_2026_08104,False,True,True,False,True,False,True,0.85,0.8124884888783451,1
CB_IN_2026_09879,True,True,True,False,True,False,True,0.55,0.5873409502451122,0
CB_IN_2026_02320,True,True,True,False,False,True,True,0.85,0.7106337252212971,1
CB_IN_2026_04109,False,True,True,False,True,True,True,0.25,0.21520290998736294,0
CB_IN_2026_06098,False,True,True,False,True,False,True,0.85,0.8106998843466159,0
CB_IN_2026_03625,True,True,True,False,False,False,True,0.85,0.9295324598139423,1
CB_IN_2026_01492,True,False,True,False,True,False,True,0.1,0.07549722136634249,0
CB_IN_2026_03190,False,False,True,False,True,True,True,0.9,0.906214160436368,1
CB_IN_2026_04633,True,True,True,False,True,False,True,0.92,0.8835883775373445,1
CB_IN_2026_01712,True,False,False,False,False,False,True,0.92,0.9399795284438639,1
CB_IN_2026_05601,True,False,False,False,True,True,True,0.9,0.7343378912910772,1
CB_IN_2026_09766,True,False,True,True,True,False,True,0.1,0.02,0
CB_IN_2026_00075,True,True,True,False,True,False,True,0.25,0.3077723949593444,0
CB_IN_2026_07418,True,True,False,False,True,False,True,0.3,0.4833272565052664,1
CB_IN_2026_02927,True,False,True,False,True,True,True,0.92,0.8697822874316616,1
CB_IN_2026_02529,True,False,True,False,True,False,True,0.55,0.4968604378200214,0
CB_IN_2026_09617,True,False,False,False,True,False,True,0.1,0.08841550624350564,0
CB_IN_2026_08624,True,True,True,False,False,True,True,0.88,0.9709919135317999,1
CB_IN_2026_01966,True,False,False,False,False,False,True,0.2,0.09625107386724055,1
CB_IN_2026_00611,True,False,True,False,True,True,True,0.9,0.98,1
CB_IN_2026_04290,True,True,True,True,True,False,True,0.9,0.98,1
CB_IN_2026_08256,True,False,False,False,True,True,False,0.08,0.09168940073171432,0
CB_IN_2026_08611,True,True,False,False,True,False,False,0.08,0.1175220979284778,0
CB_IN_2026_00597,True,True,False,False,True,True,False,0.92,0.9551535460791188,1
CB_IN_2026_08772,True,True,True,False,True,False,True,0.9,0.9731882176925245,1
CB_IN_2026_05648,False,True,False,False,True,True,False,0.08,0.09820561410856293,0
CB_IN_2026_06300,True,False,True,False,False,False,True,0.1,0.1430528116708483,0
CB_IN_2026_07845,True,True,True,False,True,False,True,0.25,0.15239370806910368,0
CB_IN_2026_03358,True,False,True,False,True,True,True,0.75,0.8292470630903506,1
CB_IN_2026_07430,True,True,True,True,True,True,True,0.88,0.8155442826286713,1
CB_IN_2026_07426,True,True,True,False,True,False,False,0.08,0.02,0
CB_IN_2026_08203,True,True,True,False,False,False,True,0.15,0.17822881712425548,0
CB_IN_2026_04954,True,True,True,False,False,False,True,0.3,0.38434949934054746,1
CB_IN_2026_06107,True,True,True,False,True,False,True,0.9,0.7694182272346388,1
CB_IN_2026_01913,True,True,True,False,True,True,True,0.88,0.8333447819126616,1
CB_IN_2026_06914,True,False,False,False,True,False,True,0.25,0.23989470364371776,1
CB_IN_2026_07705,False,True,True,False,True,False,True,0.9,0.7888824784198825,0
CB_IN_2026_02350,True,False,True,False,False,False,True,0.92,0.98,1
CB_IN_2026_05489,True,False,False,False,False,False,False,0.92,0.8581439155170969,1
CB_IN_2026_02036,False,True,True,False,False,True,True,0.55,0.6105739289206337,1
CB_IN_2026_04073,True,False,False,False,False,False,True,0.18,0.18602514510231277,0
CB_IN_2026_08715,False,True,True,False,True,False,True,0.9,0.9691229066044256,1
CB_IN_2026_03090,True,False,True,False,True,False,True,0.55,0.4721343257145537,0
CB_IN_2026_04969,True,False,False,False,True,True,True,0.92,0.9402913406485504,1
CB_IN_2026_07465,True,True,False,False,True,False,True,0.92,0.8357414639682386,1
CB_IN_2026_07612,True,True,True,False,True,False,True,0.9,0.8894385634607889,0
CB_IN_2026_05742,True,False,False,False,True,True,False,0.88,0.8857875450149132,1
CB_IN_2026_06686,True,True,True,False,True,True,True,0.85,0.8843104875286266,1
CB_IN_2026_05691,True,False,True,False,True,False,True,0.92,0.8925766249941155,1
CB_IN_2026_03097,True,False,True,False,True,False,True,0.55,0.680197488982591,1
CB_IN_2026_08830,True,True,True,False,True,False,True,0.75,0.5702160008733813,0
CB_IN_2026_03133,False,True,True,False,True,True,True,0.85,0.7116449909226883,1
CB_IN_2026_06160,True,True,True,False,False,False,True,0.3,0.3882548977749246,0
CB_IN_2026_02158,False,False,False,False,True,False,True,0.45,0.3654410635016583,0
CB_IN_2026_09797,True,True,True,False,False,False,True,0.03,0.02,0
CB_IN_2026_04543,True,True,True,False,True,False,False,0.85,0.7787626633826348,1
CB_IN_2026_04535,True,True,True,False,True,True,False,0.08,0.02,0
CB_IN_2026_08932,True,True,True,False,False,True,True,0.92,0.8161221531061327,1
CB_IN_2026_01459,True,False,True,False,True,True,True,0.75,0.8053939632846104,1
CB_IN_2026_04534,True,False,True,False,False,False,True,0.1,0.21007316524835595,0
CB_IN_2026_09810,True,True,False,False,True,True,False,0.08,0.032066106075791065,0
CB_IN_2026_07112,True,True,True,False,True,False,True,0.85,0.7209572823635244,0
CB_IN_2026_09824,True,False,True,False,False,True,True,0.1,0.09732869436658043,0
CB_IN_2026_02542,True,True,True,False,False,True,True,0.88,0.8231780186378186,1
CB_IN_2026_03490,False,False,True,False,True,False,True,0.75,0.6712551050170174,1
CB_IN_2026_08211,False,False,True,False,True,False,True,0.55,0.5281428173026739,1
CB_IN_2026_05870,True,True,True,False,True,False,True,0.85,0.8203168014044653,1
CB_IN_2026_03492,True,True,False,False,True,True,False,0.08,0.13158366111544256,0
CB_IN_2026_03913,False,True,True,False,False,True,True,0.75,0.7518369060302278,0
CB_IN_2026_06195,True,False,True,False,True,False,True,0.3,0.3585859257758867,0
CB_IN_2026_05956,True,True,True,False,False,False,True,0.1,0.16084313370783584,0
CB_IN_2026_03456,True,True,True,False,True,True,True,0.25,0.2826093353078609,0
CB_IN_2026_09208,False,False,False,False,True,False,False,0.1,0.17666392902096584,0
CB_IN_2026_06856,True,True,False,False,True,False,True,0.92,0.9318912361987772,1
CB_IN_2026_06907,True,True,False,True,True,False,False,0.03,0.0677047560922105,0
CB_IN_2026_07366,True,True,True,False,True,False,True,0.9,0.9261446894256461,0
CB_IN_2026_01008,True,True,False,False,True,False,True,0.92,0.9547970284560937,1
CB_IN_2026_06545,True,False,True,False,True,False,True,0.3,0.3402697276379074,0
CB_IN_2026_08807,True,False,False,False,False,True,False,0.08,0.0484423672689284,0
CB_IN_2026_03331,True,False,True,False,False,True,True,0.45,0.415609903345945,1
CB_IN_2026_09017,True,False,True,False,True,True,True,0.55,0.43368531726615284,1
CB_IN_2026_06225,True,True,True,False,True,False,True,0.18,0.15579107942201714,0
CB_IN_2026_09759,True,True,True,False,True,False,True,0.85,0.8453842705301747,1
CB_IN_2026_04301,True,True,True,False,True,False,True,0.92,0.9207389628401261,0
CB_IN_2026_03306,True,True,True,False,True,False,True,0.3,0.2707581965912756,0
CB_IN_2026_05437,True,True,True,False,False,False,True,0.55,0.5725180492265213,1
CB_IN_2026_00485,True,True,True,False,True,True,False,0.9,0.8489924932191518,1
CB_IN_2026_07327,True,True,False,False,True,False,False,0.08,0.10409358611303388,1
CB_IN_2026_02410,True,True,True,False,True,False,True,0.92,0.98,1
CB_IN_2026_04039,False,True,False,False,True,False,False,0.08,0.11166323611663624,0
CB_IN_2026_09570,True,False,False,False,True,True,True,0.92,0.9107657533362508,1
CB_IN_2026_04423,False,True,False,False,True,False,False,0.08,0.17842717262103708,0
CB_IN_2026_03791,True,False,True,False,True,False,True,0.55,0.37619623390439455,0
CB_IN_2026_04447,False,False,False,False,True,True,False,0.92,0.9089942703171229,1
CB_IN_2026_03928,True,True,True,False,True,False,False,0.9,0.8724533831506966,1
CB_IN_2026_04465,True,False,True,False,False,False,True,0.1,0.17341092968226443,0
CB_IN_2026_05847,True,True,True,False,False,False,True,0.1,0.03977115883494782,0
CB_IN_2026_03597,True,False,True,False,False,True,True,0.55,0.618780751387131,1
CB_IN_2026_03945,True,True,True,False,False,True,True,0.88,0.7955673919647372,1
CB_IN_2026_08037,True,True,True,False,True,True,True,0.9,0.9633810486041333,1
CB_IN_2026_03031,True,True,True,False,True,True,True,0.85,0.850215471853066,1
CB_IN_2026_01585,True,False,True,False,False,False,True,0.92,0.9177949331133834,0
CB_IN_2026_02219,True,True,True,False,True,False,True,0.85,0.7687512011764435,0
CB_IN_2026_04939,True,True,True,False,False,True,True,0.1,0.23080648662200448,0
CB_IN_2026_09002,True,False,False,False,True,False,False,0.08,0.05612105950326054,0
CB_IN_2026_08535,True,True,True,False,False,False,True,0.3,0.41099995201979866,1
CB_IN_2026_01071,True,False,False,False,True,False,True,0.18,0.2481952241017139,1
CB_IN_2026_01792,True,False,True,False,True,False,True,0.9,0.8163135503857567,1
CB_IN_2026_08320,True,False,True,False,True,False,True,0.55,0.4173189107171542,0
CB_IN_2026_03725,True,False,True,False,True,True,True,0.88,0.8346317768382798,1
CB_IN_2026_06034,True,True,True,False,True,False,True,0.9,0.9643605356087734,1
CB_IN_2026_09200,True,True,False,False,True,True,False,0.03,0.112507612220554,0
CB_IN_2026_06912,False,True,True,False,True,True,True,0.88,0.7932327910713779,0
CB_IN_2026_08449,True,True,True,False,True,False,True,0.85,0.7929375949279543,1
CB_IN_2026_08237,False,False,False,False,True,False,False,0.08,0.08886781555165653,0
CB_IN_2026_05199,True,False,True,False,True,False,True,0.3,0.256803212987639,0
CB_IN_2026_01372,True,True,True,False,True,False,True,0.9,0.7953311756248472,1
CB_IN_2026_05968,True,True,True,False,False,True,True,0.85,0.9173211321832995,1
CB_IN_2026_09433,True,True,True,False,True,True,True,0.85,0.7779625185596613,1
CB_IN_2026_00743,True,False,False,False,True,False,True,0.3,0.2912530555002098,1
CB_IN_2026_04231,True,True,False,False,True,True,False,0.9,0.9327330866841395,1
CB_IN_2026_09724,True,False,False,False,False,False,False,0.08,0.02,0
CB_IN_2026_07983,True,False,True,False,True,False,True,0.55,0.5811936899906516,0
CB_IN_2026_05456,True,True,True,False,True,False,True,0.2,0.0878869959497401,0
CB_IN_2026_05262,True,True,False,False,True,True,True,0.92,0.98,1
CB_IN_2026_01510,True,False,False,False,True,True,False,0.08,0.10147508585450943,0
CB_IN_2026_02908,True,False,True,False,True,False,True,0.9,0.8794881308902488,1
CB_IN_2026_01172,True,True,True,False,True,True,True,0.88,0.8436410965304681,1
CB_IN_2026_02741,True,True,True,False,True,False,True,0.3,0.26989684426164606,0
CB_IN_2026_02532,True,True,True,False,True,True,False,0.08,0.03636741440229243,0
CB_IN_2026_06162,False,False,True,False,False,False,True,0.05,0.02,0
CB_IN_2026_01654,True,True,True,False,False,True,True,0.75,0.782164579670103,1
CB_IN_2026_03241,True,True,True,False,False,False,False,0.08,0.12263595870788507,0
CB_IN_2026_07745,True,True,False,False,True,False,True,0.25,0.12508523293556276,0
CB_IN_2026_07999,True,True,True,False,True,False,True,0.9,0.8991461660902904,1
CB_IN_2026_03976,False,False,True,False,True,False,True,0.3,0.3858594240878228,1
CB_IN_2026_05331,True,True,True,False,True,False,True,0.18,0.2864873632456302,0
CB_IN_2026_09621,True,True,True,False,True,True,True,0.92,0.9105403288246875,1
CB_IN_2026_03325,True,True,False,False,True,False,False,0.08,0.02,0
CB_IN_2026_09006,True,True,True,False,True,False,True,0.9,0.951351799313398,1
CB_IN_2026_00509,True,True,True,False,True,True,True,0.55,0.5869466932119607,1
CB_IN_2026_01944,True,True,False,False,True,False,False,0.18,0.09825284653021739,0
CB_IN_2026_07720,True,True,False,False,True,True,False,0.75,0.6036526752930574,1
CB_IN_2026_04970,False,False,True,False,False,False,True,0.12,0.02,0
CB_IN_2026_01062,True,True,True,False,False,False,True,0.75,0.6640493105312937,1
CB_IN_2026_05906,True,True,True,False,True,True,True,0.88,0.98,1
CB_IN_2026_05895,True,True,True,False,True,False,True,0.85,0.7777695092527661,1
CB_IN_2026_00978,True,False,True,False,False,False,True,0.1,0.02,0
CB_IN_2026_08506,True,True,True,False,True,False,True,0.3,0.2944168881510738,1
CB_IN_2026_06144,False,True,True,False,True,False,True,0.85,0.9012158407924941,1
CB_IN_2026_02750,True,False,False,False,True,False,True,0.25,0.22661077855378173,0
CB_IN_2026_01688,True,True,True,False,True,False,True,0.85,0.9219134836063708,1
CB_IN_2026_09436,True,True,True,False,True,False,True,0.85,0.8610887950346143,1
CB_IN_2026_00717,True,True,False,False,True,False,False,0.08,0.0785061202871367,0
CB_IN_2026_09627,True,False,True,False,True,False,True,0.92,0.9182861460348839,1
CB_IN_2026_00711,True,True,True,False,True,False,True,0.85,0.7785074626150215,1
CB_IN_2026_08062,True,False,True,False,False,False,True,0.2,0.19709383014581588,0
CB_IN_2026_09350,True,False,True,False,True,False,False,0.08,0.02,0
CB_IN_2026_00709,True,False,False,False,True,True,True,0.25,0.21487454421539706,0
CB_IN_2026_04377,True,True,True,False,False,False,True,0.92,0.8620094677711777,1
CB_IN_2026_06455,True,False,False,False,False,True,True,0.12,0.1508791878852736,0
CB_IN_2026_04374,True,True,True,False,False,True,True,0.88,0.8950744817817697,1
CB_IN_2026_04184,True,True,True,False,True,False,True,0.3,0.2419980578477453,0
CB_IN_2026_08571,True,True,True,False,True,True,True,0.85,0.8278215004364136,1
CB_IN_2026_00822,True,True,True,False,True,False,True,0.18,0.22605987800659427,0
CB_IN_2026_09650,True,False,True,False,True,False,True,0.45,0.43917167782270694,0
CB_IN_2026_05150,True,True,True,False,False,False,True,0.1,0.1865723822437561,1
CB_IN_2026_03060,True,False,True,False,True,False,True,0.9,0.9492747015310145,1
CB_IN_2026_00836,False,True,True,False,True,False,True,0.3,0.32236990818624334,0
CB_IN_2026_02958,True,False,True,False,True,False,True,0.1,0.21769116562380686,0
CB_IN_2026_08614,True,True,True,False,True,False,True,0.9,0.8637680703134539,1
CB_IN_2026_00450,True,False,True,False,False,False,True,0.1,0.09655139708406127,0
CB_IN_2026_00676,True,False,True,False,True,False,True,0.75,0.6745823158576779,1
CB_IN_2026_07978,True,False,False,False,True,False,True,0.45,0.4013783220816885,0
CB_IN_2026_02615,True,True,True,False,True,True,True,0.92,0.98,1
CB_IN_2026_00494,True,False,True,False,True,False,True,0.92,0.8975627637915702,1
CB_IN_2026_07708,True,True,True,False,True,True,True,0.75,0.7287749563290246,1
CB_IN_2026_05587,True,True,True,False,True,False,True,0.85,0.8791936204165752,1
CB_IN_2026_01521,True,True,True,False,True,True,True,0.55,0.7402038131871211,0
CB_IN_2026_04889,True,False,False,False,True,False,True,0.18,0.0746728780479072,1
CB_IN_2026_03847,True,True,True,False,True,False,True,0.85,0.7597116513799407,1
CB_IN_2026_08795,True,True,False,False,True,True,False,0.92,0.806958377085794,0
CB_IN_2026_06747,True,False,True,False,True,False,True,0.55,0.6086519608322752,0
CB_IN_2026_03488,False,False,True,False,True,False,True,0.55,0.414660200311356,0
CB_IN_2026_07023,True,False,True,False,True,True,True,0.55,0.6382458912620703,1
CB_IN_2026_00207,False,True,False,False,True,False,False,0.03,0.02,0
CB_IN_2026_00315,True,False,True,False,False,False,True,0.3,0.3854248226958325,0
CB_IN_2026_03462,True,True,True,False,False,False,True,0.85,0.9186840649709703,1
CB_IN_2026_03909,True,False,True,False,True,False,True,0.03,0.023127801320593652,0
CB_IN_2026_07110,True,True,False,False,True,False,True,0.9,0.98,1
CB_IN_2026_03460,False,False,True,False,True,True,True,0.9,0.9288751777196138,1
CB_IN_2026_03177,True,True,False,False,True,False,True,0.85,0.8532237625533183,1
CB_IN_2026_05681,False,True,True,False,True,True,False,0.08,0.1552744004412987,0
CB_IN_2026_09887,True,False,True,False,False,False,True,0.1,0.05624765252361795,0
CB_IN_2026_01547,True,False,False,False,True,False,True,0.18,0.21306234195340684,0
CB_IN_2026_03674,True,False,True,False,True,False,True,0.9,0.9219497559109687,1
CB_IN_2026_08907,True,False,True,False,True,False,False,0.9,0.8929495383557826,1
CB_IN_2026_03838,False,True,True,False,False,False,True,0.85,0.8304731800015677,1
CB_IN_2026_09486,True,True,False,False,True,False,True,0.9,0.9258286506716114,1
CB_IN_2026_07299,True,False,True,False,True,False,True,0.9,0.8591801821029831,1
CB_IN_2026_08254,True,True,True,False,True,False,True,0.9,0.9181417815806624,1
CB_IN_2026_03395,True,True,True,False,True,False,True,0.55,0.4869221202381885,1
CB_IN_2026_09114,True,False,True,False,True,True,True,0.1,0.11497629108734025,0
CB_IN_2026_09457,True,True,False,False,True,False,False,0.03,0.02,0
CB_IN_2026_06329,True,False,True,False,True,False,True,0.18,0.3654936424699585,0
CB_IN_2026_06229,True,False,True,False,True,False,True,0.9,0.8528938658971603,0
CB_IN_2026_00086,False,False,True,False,True,False,True,0.9,0.7479565958988906,1
CB_IN_2026_03972,True,True,True,False,True,False,True,0.9,0.8611606715626621,1
CB_IN_2026_05282,True,True,True,False,True,True,True,0.88,0.8594220371150124,1
CB_IN_2026_05119,True,True,False,False,True,False,False,0.3,0.2317642448205512,0
CB_IN_2026_08712,True,True,False,False,False,True,False,0.12,0.20703659491687298,1
CB_IN_2026_01512,True,True,True,False,False,False,True,0.75,0.7083950837296658,1
CB_IN_2026_02929,True,False,True,False,True,True,True,0.9,0.9024122835653366,1
CB_IN_2026_02910,True,True,True,False,False,False,True,0.3,0.2563892396238717,0
CB_IN_2026_08770,True,False,False,False,True,True,False,0.92,0.8953325663634417,1
CB_IN_2026_03261,False,True,True,False,True,True,True,0.85,0.8237490907311008,1
CB_IN_2026_05411,True,True,True,False,True,False,True,0.3,0.28974048818456677,0
CB_IN_2026_05085,True,True,False,False,True,True,False,0.08,0.0655542945617452,0
CB_IN_2026_01616,True,True,True,False,False,False,True,0.85,0.7970857835014743,1
CB_IN_2026_05899,False,True,False,False,True,False,False,0.08,0.05367539908169825,0
CB_IN_2026_09756,True,True,True,False,True,False,True,0.55,0.48202010813128676,0
CB_IN_2026_05758,True,True,True,False,True,True,True,0.55,0.5144025409269034,1
CB_IN_2026_02071,True,True,True,False,True,True,True,0.85,0.8215246683649062,1
CB_IN_2026_09761,False,True,True,False,True,True,True,0.9,0.8892813093743829,1
CB_IN_2026_01282,True,True,True,False,True,True,True,0.9,0.98,1
CB_IN_2026_08300,True,True,False,False,True,False,False,0.92,0.9231050189159848,1
CB_IN_2026_07835,True,True,True,False,True,True,True,0.25,0.15695353372592824,0
CB_IN_2026_06083,False,True,False,False,True,False,False,0.9,0.930319106625032,1
CB_IN_2026_03176,True,True,True,False,True,False,True,0.9,0.7184491479715611,0
CB_IN_2026_01950,True,True,False,False,True,False,False,0.9,0.954946174463388,1
CB_IN_2026_02419,False,True,True,False,True,False,True,0.85,0.892977088784416,1
CB_IN_2026_06831,True,True,True,False,True,True,True,0.55,0.5250940910932069,1
CB_IN_2026_08192,True,True,False,False,True,False,True,0.25,0.15366108631001404,0
CB_IN_2026_06245,True,True,True,False,True,True,True,0.85,0.8048431361335773,1
CB_IN_2026_09061,True,True,True,False,True,True,True,0.9,0.8392618487115059,1
CB_IN_2026_03585,True,True,False,False,True,False,False,0.08,0.23788554818046437,0
CB_IN_2026_03959,True,True,True,False,True,False,True,0.85,0.7809156411952102,1
CB_IN_2026_00161,True,True,True,False,True,True,True,0.92,0.7322206948382451,1
CB_IN_2026_03900,True,False,False,False,True,False,False,0.08,0.07934493649585393,0
CB_IN_2026_06380,True,True,False,False,True,True,False,0.08,0.08049253296809296,0
CB_IN_2026_07101,False,True,True,False,True,False,True,0.9,0.8198516478360576,0
CB_IN_2026_08052,True,True,True,False,True,False,True,0.9,0.7903987367412002,0
CB_IN_2026_01250,True,False,True,False,True,False,True,0.3,0.18418998361996747,0
CB_IN_2026_02441,True,False,True,False,True,False,True,0.92,0.7920088050802712,1
CB_IN_2026_01890,True,True,True,False,False,True,True,0.92,0.8597355108152247,1
CB_IN_2026_05626,False,False,True,False,False,False,True,0.05,0.08809190704378828,0
CB_IN_2026_01452,False,False,False,False,False,False,False,0.08,0.1099686104804075,1
CB_IN_2026_06471,False,True,True,False,True,False,True,0.3,0.18811044533401539,0
CB_IN_2026_03119,True,True,False,False,True,True,True,0.25,0.25510110473786934,0
CB_IN_2026_04475,True,False,True,False,True,True,True,0.92,0.9129241692130632,1
CB_IN_2026_06424,True,False,True,False,True,True,True,0.92,0.98,1
CB_IN_2026_02576,True,False,False,False,True,False,False,0.08,0.11598785106390236,0
CB_IN_2026_02346,True,True,False,False,True,False,False,0.08,0.11309797970938057,0
CB_IN_2026_09664,True,False,True,False,True,True,True,0.92,0.9508235906906947,1
CB_IN_2026_08346,False,False,True,False,False,False,True,0.1,0.12307985092203572,0
CB_IN_2026_05858,True,False,True,False,True,True,True,0.55,0.49435640632490974,1
CB_IN_2026_00522,True,False,True,False,True,False,True,0.75,0.7158128713048948,1
CB_IN_2026_07276,True,False,True,False,True,False,True,0.3,0.29299928075745274,1
CB_IN_2026_00984,False,False,True,False,True,False,False,0.1,0.02,0
CB_IN_2026_01363,True,True,False,False,True,True,True,0.85,0.8182128920230662,0
CB_IN_2026_01202,True,False,True,False,False,False,True,0.92,0.8450516706111723,1
CB_IN_2026_04874,True,False,True,False,True,True,True,0.9,0.9765078133637549,1
CB_IN_2026_04726,True,True,True,False,True,False,True,0.3,0.3651101831632251,1
CB_IN_2026_02912,True,True,True,False,True,False,True,0.9,0.9541664919095226,1
CB_IN_2026_06990,False,False,False,False,True,True,False,0.08,0.02,0
CB_IN_2026_05149,True,True,True,False,True,False,True,0.55,0.5449943266261096,0
CB_IN_2026_00482,True,True,True,False,False,False,True,0.1,0.05000132058751901,0
CB_IN_2026_00873,True,True,True,False,True,True,True,0.85,0.8977171698187862,1
CB_IN_2026_04563,True,False,True,False,True,False,True,0.9,0.8853671409861543,0
CB_IN_2026_09862,False,False,False,False,False,False,True,0.25,0.3661986437956046,0
CB_IN_2026_00652,True,False,True,False,False,False,True,0.15,0.1851197371657511,0
CB_IN_2026_02240,True,True,False,False,True,False,False,0.08,0.10113585749442112,0
CB_IN_2026_00632,True,True,True,False,True,True,True,0.55,0.5123011309898382,1
CB_IN_2026_03766,True,False,False,False,True,False,False,0.08,0.07317238879422235,0
CB_IN_2026_00617,True,True,False,False,False,False,False,0.75,0.6699310038646163,0
CB_IN_2026_08547,True,True,True,False,False,True,True,0.85,0.9451309918044049,0
CB_IN_2026_02530,True,False,False,False,True,True,True,0.25,0.17440352963412448,0
CB_IN_2026_03530,False,True,True,False,False,True,True,0.88,0.9782489468852983,1
CB_IN_2026_08644,True,False,True,False,True,False,True,0.9,0.9426256493541761,1
CB_IN_2026_05950,True,False,True,False,True,False,True,0.18,0.12561098922305025,0
CB_IN_2026_08072,True,False,True,False,False,False,True,0.75,0.7491659169514445,0
CB_IN_2026_00896,True,True,True,False,True,False,True,0.55,0.5422203152471103,0
CB_IN_2026_03707,False,False,False,False,True,True,False,0.08,0.15185776106609483,0
CB_IN_2026_07849,True,True,False,False,False,False,False,0.15,0.20203184954683154,0
CB_IN_2026_04036,True,False,False,False,True,False,True,0.1,0.06358684178109995,1
CB_IN_2026_07844,True,False,True,False,True,True,True,0.9,0.98,1
CB_IN_2026_08658,True,True,False,False,True,False,True,0.3,0.17757929749157034,0
CB_IN_2026_05440,True,True,False,False,False,False,True,0.75,0.8935634291084937,1
CB_IN_2026_03711,True,True,False,False,True,False,False,0.08,0.02,0
CB_IN_2026_00248,False,False,True,False,True,False,True,0.9,0.9094947412473916,1
CB_IN_2026_04306,True,True,False,False,False,False,False,0.08,0.0570991831192082,0
CB_IN_2026_09510,True,True,False,False,True,False,True,0.3,0.3573911358696373,0
CB_IN_2026_02461,True,False,True,False,True,False,True,0.9,0.98,1
CB_IN_2026_05046,True,False,True,False,True,False,False,0.08,0.14445050943763432,0
CB_IN_2026_00146,True,True,True,False,True,True,True,0.9,0.98,1
CB_IN_2026_05726,False,False,True,False,False,True,True,0.1,0.08926371620036719,0
CB_IN_2026_08721,True,True,True,False,True,True,True,0.9,0.7443718506652892,1
CB_IN_2026_04625,False,False,True,False,True,True,True,0.92,0.7629027405634388,1
CB_IN_2026_04180,True,True,True,False,True,False,False,0.03,0.036053169067305595,0
CB_IN_2026_00327,True,True,True,False,False,False,True,0.25,0.26678996222920576,0
CB_IN_2026_03159,True,False,True,False,False,True,True,0.03,0.02,0
CB_IN_2026_03083,True,True,True,False,True,False,True,0.9,0.8737717308452798,1
CB_IN_2026_04151,False,False,True,False,True,False,True,0.2,0.30668293847116357,0
CB_IN_2026_05725,True,False,False,False,False,False,False,0.08,0.15110883204786296,0
CB_IN_2026_05907,True,True,False,False,True,False,False,0.08,0.02,0
CB_IN_2026_06445,True,False,True,False,True,True,True,0.88,0.831415829132422,0
CB_IN_2026_00008,True,True,True,False,True,True,True,0.9,0.9181366548392043,1
CB_IN_2026_06119,True,False,False,False,False,False,False,0.08,0.11906078255012562,0
CB_IN_2026_03251,True,False,True,False,True,False,True,0.45,0.472783235316975,0
CB_IN_2026_00101,True,False,True,False,True,True,True,0.92,0.98,1
CB_IN_2026_06020,True,True,True,False,True,False,True,0.3,0.2969121073823089,0
CB_IN_2026_00899,True,False,True,False,True,False,True,0.1,0.11535071134772061,0
CB_IN_2026_01316,True,False,False,False,True,False,True,0.92,0.98,1
CB_IN_2026_03750,True,True,False,False,False,False,False,0.08,0.13589488920428755,0
CB_IN_2026_02421,True,False,True,False,True,False,True,0.45,0.5019395525231778,0
CB_IN_2026_04249,True,True,False,False,False,True,False,0.12,0.14100097084551255,0
CB_IN_2026_03891,True,True,True,False,True,True,True,0.9,0.903665164073982,1
CB_IN_2026_00171,True,False,True,False,True,False,True,0.55,0.4634323506952023,1
CB_IN_2026_07914,True,False,False,False,False,False,False,0.08,0.08677830320532512,0
CB_IN_2026_06289,False,True,False,False,True,False,False,0.08,0.07060764263864654,0
CB_IN_2026_00889,True,False,True,False,False,True,True,0.55,0.6183082680574418,1
CB_IN_2026_01614,True,True,True,False,True,False,False,0.08,0.021918206659181434,0
CB_IN_2026_07575,True,True,False,False,True,True,True,0.9,0.98,1
CB_IN_2026_09586,True,False,True,False,False,False,True,0.15,0.18325300273408535,0
CB_IN_2026_04857,True,False,False,False,True,False,True,0.92,0.8640499452606181,1
CB_IN_2026_02284,True,True,True,False,True,False,True,0.85,0.9485575804783084,1
CB_IN_2026_00994,True,True,False,False,False,False,False,0.2,0.16020916211194816,0
CB_IN_2026_09873,True,False,True,False,False,True,True,0.1,0.1433180639699374,0
CB_IN_2026_04173,True,False,True,False,True,True,True,0.9,0.8590640833582154,1
CB_IN_2026_01187,True,False,True,False,True,False,True,0.92,0.9632478363548795,1
CB_IN_2026_06646,True,True,True,False,False,True,True,0.88,0.8763299654328955,1
CB_IN_2026_03502,True,True,True,False,True,False,True,0.55,0.5220093752907718,0
CB_IN_2026_05265,True,True,True,False,False,True,True,0.85,0.9489528325928465,1
CB_IN_2026_06946,False,True,False,False,False,False,True,0.75,0.6474187614641924,1
CB_IN_2026_00601,False,True,False,False,True,False,False,0.08,0.07769624744807185,0
CB_IN_2026_07247,True,False,True,False,False,True,True,0.15,0.16576203864294067,0
CB_IN_2026_07353,True,True,True,False,False,True,False,0.08,0.02,0
CB_IN_2026_01303,True,True,True,False,True,False,True,0.25,0.23535122953507362,0
CB_IN_2026_01770,True,False,False,False,True,False,False,0.08,0.037704319039354055,0
CB_IN_2026_01156,True,False,False,False,True,True,False,0.88,0.8017796434054544,0
CB_IN_2026_03601,True,True,True,False,False,False,True,0.55,0.5085882159745023,1
CB_IN_2026_02783,True,True,True,False,True,False,False,0.08,0.12978873219806342,0
CB_IN_2026_02397,True,True,True,False,True,True,True,0.25,0.26548196292597437,0
CB_IN_2026_02666,True,False,True,False,False,False,True,0.15,0.13733681009929197,0
CB_IN_2026_06331,True,True,True,False,True,False,True,0.92,0.935947824527025,1
CB_IN_2026_05892,True,False,True,False,True,True,True,0.75,0.6702897223533324,1
CB_IN_2026_04893,True,True,True,False,True,True,True,0.9,0.9210970776929802,1
CB_IN_2026_07001,True,False,True,False,True,False,True,0.92,0.8608996165250266,1
CB_IN_2026_09853,True,True,True,False,True,False,True,0.3,0.1453535240196275,0
CB_IN_2026_07352,True,False,True,False,True,False,True,0.92,0.8905103607640965,1
CB_IN_2026_09125,True,True,True,False,True,False,True,0.3,0.414643632377348,1
CB_IN_2026_01884,True,True,True,False,True,False,True,0.9,0.98,1
CB_IN_2026_08761,True,True,True,False,True,True,True,0.55,0.6147142502757713,1
CB_IN_2026_09055,False,True,True,False,True,False,True,0.9,0.98,1
CB_IN_2026_08607,False,True,True,False,True,False,True,0.55,0.4509132907788048,0
CB_IN_2026_05875,True,True,True,False,True,True,True,0.75,0.7513747139602202,1
CB_IN_2026_07610,True,True,True,False,True,False,True,0.25,0.368054564058551,0
CB_IN_2026_08949,True,True,True,False,False,True,True,0.92,0.9042367694738422,1
CB_IN_2026_01147,True,False,True,True,True,True,True,0.1,0.02,0
CB_IN_2026_01253,True,True,True,False,True,False,True,0.75,0.6792687439527129,1
CB_IN_2026_02606,True,False,True,False,False,True,True,0.92,0.8569787100722828,1
CB_IN_2026_05496,True,True,False,False,True,True,True,0.85,0.9023676191404332,1
CB_IN_2026_00558,True,False,True,False,False,True,True,0.1,0.12460682656364874,1
CB_IN_2026_00965,True,False,True,False,True,False,False,0.08,0.08566344488189784,0
CB_IN_2026_05056,True,False,True,False,False,False,True,0.55,0.6315148400134807,1
CB_IN_2026_01695,True,False,True,False,True,True,True,0.1,0.1663480530171022,0
CB_IN_2026_06479,True,True,True,False,False,True,True,0.92,0.9546198155336149,1
CB_IN_2026_06132,False,True,True,False,True,False,True,0.75,0.6997657147361755,1
CB_IN_2026_02386,True,True,True,False,True,True,True,0.9,0.9204218821206247,0
CB_IN_2026_00591,True,True,True,False,True,False,True,0.92,0.98,1
CB_IN_2026_05325,False,True,True,False,True,True,True,0.92,0.98,1
CB_IN_2026_09869,True,False,False,True,False,False,True,0.92,0.8642389448934339,1
CB_IN_2026_03956,True,True,False,False,True,True,False,0.08,0.11359777259137487,0
CB_IN_2026_06605,True,False,False,False,True,True,False,0.92,0.9143995278614573,1
CB_IN_2026_04461,True,True,False,False,True,True,True,0.9,0.940142565689522,1
CB_IN_2026_07097,True,True,True,False,True,False,True,0.55,0.5201793137753017,0
CB_IN_2026_01881,True,False,False,False,False,False,False,0.08,0.1175466954713874,0
CB_IN_2026_02332,False,True,True,False,True,False,True,0.2,0.12835092830382683,1
CB_IN_2026_09315,True,False,True,False,True,False,False,0.9,0.9587995498528303,1
CB_IN_2026_08056,True,True,True,False,True,True,True,0.75,0.7923135308752205,0
CB_IN_2026_02960,True,True,False,False,True,True,False,0.08,0.04197429271059005,0
CB_IN_2026_07529,True,True,True,False,True,False,True,0.3,0.4058388265354483,1
CB_IN_2026_07147,False,False,True,False,True,False,True,0.03,0.09251626391305345,0
CB_IN_2026_04944,True,False,True,False,True,False,True,0.55,0.46738758009984566,0
CB_IN_2026_09247,True,False,False,False,True,True,False,0.08,0.02,0
CB_IN_2026_05930,False,True,True,False,True,True,True,0.55,0.5249256648844008,1
CB_IN_2026_05967,True,False,True,False,True,True,True,0.92,0.9074518453699807,1
CB_IN_2026_08153,True,True,False,False,True,True,False,0.08,0.14571989175371516,0
CB_IN_2026_06465,True,True,False,False,True,False,False,0.08,0.02,0
CB_IN_2026_08797,True,True,False,False,True,False,False,0.75,0.6653060182860397,1
CB_IN_2026_01596,True,True,True,False,True,True,True,0.92,0.928540065524566,1
CB_IN_2026_02939,True,False,True,False,False,False,True,0.45,0.4954439978275986,0
CB_IN_2026_05872,True,True,True,False,False,True,True,0.92,0.8211476617576519,1
CB_IN_2026_06319,True,True,True,False,True,False,True,0.3,0.3347142210988149,0
CB_IN_2026_03484,True,False,True,False,False,False,True,0.15,0.14711870205333005,0
CB_IN_2026_03469,True,True,False,False,True,True,True,0.85,0.9238731906264648,1
CB_IN_2026_09437,True,True,False,False,True,True,False,0.08,0.13778728124012868,0
CB_IN_2026_03369,True,False,True,False,True,True,True,0.1,0.05822545868907964,0
CB_IN_2026_05992,True,False,True,False,True,False,True,0.9,0.98,1
CB_IN_2026_05110,True,False,True,False,False,False,True,0.1,0.055913082224242835,0
CB_IN_2026_06919,True,False,True,False,True,False,True,0.9,0.9097709741216627,1
CB_IN_2026_03885,True,True,True,False,True,True,True,0.88,0.8504795605642799,1
CB_IN_2026_02967,True,True,True,False,True,True,True,0.9,0.919764853548267,1
CB_IN_2026_07788,True,True,False,False,False,True,False,0.08,0.21110703103436712,0
CB_IN_2026_02791,True,True,True,False,True,True,True,0.55,0.5653852414211714,1
CB_IN_2026_00017,False,True,True,False,True,True,False,0.08,0.0904100375599794,0
CB_IN_2026_03328,True,True,True,False,True,False,True,0.85,0.8359043557157553,1
CB_IN_2026_03085,True,True,False,False,True,False,False,0.08,0.08085923031383278,0
CB_IN_2026_02572,True,True,True,False,True,False,False,0.08,0.02,0
CB_IN_2026_07122,True,False,False,False,True,True,False,0.08,0.02,0
CB_IN_2026_07027,True,True,True,False,True,True,True,0.9,0.8952608361668327,1
CB_IN_2026_08615,True,True,True,False,True,False,True,0.92,0.98,1
CB_IN_2026_05591,True,True,False,False,True,False,True,0.92,0.7847072174058437,1
CB_IN_2026_04688,True,True,True,False,True,True,True,0.88,0.9343124770931972,1
CB_IN_2026_09534,False,True,False,False,True,True,False,0.08,0.02,0
CB_IN_2026_04807,False,True,False,False,True,False,False,0.9,0.9559470464611123,1
CB_IN_2026_03228,True,True,True,False,True,False,False,0.08,0.13628724558198763,0
CB_IN_2026_08459,True,True,True,False,False,True,True,0.92,0.8764048424596473,1
CB_IN_2026_05581,True,True,True,False,False,False,True,0.85,0.9019972831515484,1
CB_IN_2026_08265,True,True,True,False,True,True,True,0.9,0.923520286038872,1
CB_IN_2026_00118,True,True,True,False,True,False,True,0.55,0.4944732476561625,1
CB_IN_2026_01801,False,True,True,False,False,False,True,0.85,0.8896636110276444,1
CB_IN_2026_07089,False,True,True,True,False,True,True,0.12,0.12804736780261852,1
CB_IN_2026_06732,True,False,False,False,False,True,False,0.08,0.02,0
CB_IN_2026_06591,True,False,True,False,True,False,True,0.9,0.8434515647420623,0
CB_IN_2026_09864,True,True,False,False,False,True,False,0.1,0.10065511719904238,0
CB_IN_2026_00041,True,True,True,False,False,False,True,0.55,0.5402045839328823,0
CB_IN_2026_02127,True,True,True,False,True,False,True,0.9,0.8325549934292397,1
CB_IN_2026_07385,True,True,True,False,True,False,True,0.9,0.8319329369122709,1
CB_IN_2026_08220,True,False,True,False,False,False,True,0.1,0.06528088582212382,0
CB_IN_2026_04155,True,False,True,False,True,False,True,0.9,0.939562904965424,1
CB_IN_2026_00167,True,False,True,False,False,True,True,0.45,0.4251381080856096,0
CB_IN_2026_04434,True,True,False,False,True,False,True,0.18,0.1488196106612621,0
CB_IN_2026_04295,True,False,False,False,True,False,True,0.9,0.8445923908092414,1
CB_IN_2026_01468,True,True,True,False,True,False,True,0.55,0.574975407650963,1
CB_IN_2026_03514,False,False,True,False,True,False,True,0.55,0.6106018138812602,0
CB_IN_2026_09597,True,False,True,False,False,False,True,0.1,0.02,0
CB_IN_2026_07588,False,False,True,False,True,True,True,0.1,0.05676134728409415,0
CB_IN_2026_08311,True,True,True,False,True,True,True,0.75,0.8533825103822921,1
CB_IN_2026_00433,False,False,True,False,False,False,True,0.1,0.02,0
CB_IN_2026_00408,True,True,True,False,True,False,True,0.92,0.9140495340901764,1
CB_IN_2026_06223,True,False,True,False,True,False,True,0.3,0.3423300523386902,0
CB_IN_2026_01560,True,True,False,False,True,True,False,0.85,0.8073226646404508,1
CB_IN_2026_04931,True,True,False,False,False,False,True,0.3,0.35927901632670667,0
CB_IN_2026_03338,True,True,True,False,True,False,True,0.85,0.9354662508851423,1
CB_IN_2026_05075,True,True,True,False,True,False,True,0.3,0.2845923805609692,0
CB_IN_2026_02161,True,False,False,False,True,False,True,0.92,0.9234321644735235,1
CB_IN_2026_01099,True,True,False,False,True,False,False,0.9,0.8772873056113359,1
CB_IN_2026_04761,True,True,False,False,False,False,False,0.75,0.6187333810533713,1
CB_IN_2026_07808,True,False,True,False,True,False,True,0.45,0.46638757515826595,1
CB_IN_2026_07051,True,False,False,False,True,True,False,0.08,0.026969010765663992,0
CB_IN_2026_03713,True,False,True,False,True,True,True,0.55,0.5523771261962277,1
CB_IN_2026_00228,True,False,False,False,False,False,True,0.25,0.3413712823116451,1
CB_IN_2026_04706,True,True,True,False,True,False,False,0.3,0.24930575323094917,0
CB_IN_2026_09794,True,False,True,False,True,True,True,0.92,0.8956173734655266,1
CB_IN_2026_09496,True,False,True,False,True,True,True,0.75,0.6790428413094705,0
CB_IN_2026_05885,True,True,False,False,True,False,False,0.08,0.02,0
CB_IN_2026_09914,False,False,False,False,True,True,False,0.08,0.2473619372184278,0
CB_IN_2026_01781,True,True,True,False,True,False,True,0.3,0.2852398935807178,1
CB_IN_2026_03042,True,True,True,False,True,False,True,0.18,0.14567791445410627,0
CB_IN_2026_05454,True,False,False,False,True,True,False,0.08,0.09563061289040409,0
CB_IN_2026_06029,True,True,False,False,False,False,False,0.75,0.7534653738589759,0
CB_IN_2026_01075,True,True,True,False,False,True,True,0.92,0.830433581773802,1
CB_IN_2026_00039,True,False,True,False,False,False,True,0.55,0.5298034927009291,1
CB_IN_2026_01136,True,True,True,False,True,False,True,0.85,0.8461569356308103,1
CB_IN_2026_06290,False,True,True,False,True,True,True,0.85,0.7550146445860232,1
CB_IN_2026_06369,True,True,False,False,True,False,False,0.08,0.10919510301003107,0
CB_IN_2026_03926,True,False,False,False,True,False,False,0.08,0.04017123024074479,0
CB_IN_2026_09287,True,True,False,False,True,True,False,0.08,0.05529779809167602,0
CB_IN_2026_08189,True,True,True,False,True,False,True,0.18,0.02,0
CB_IN_2026_06927,True,True,True,False,True,True,True,0.55,0.5855102655337424,0
CB_IN_2026_07618,True,True,True,False,True,False,True,0.18,0.20623624196972998,1
CB_IN_2026_04096,True,False,True,False,True,True,True,0.92,0.721710939473482,0
CB_IN_2026_03617,True,True,True,False,True,False,True,0.85,0.788575396950475,0
CB_IN_2026_00311,True,True,True,False,False,False,True,0.85,0.8187592318878072,1
CB_IN_2026_08716,True,True,True,False,True,False,True,0.3,0.29105670666440336,0
CB_IN_2026_05680,True,True,True,False,True,True,True,0.9,0.9189622747980483,0
CB_IN_2026_06243,True,False,True,False,False,False,False,0.08,0.1473700130354479,0
CB_IN_2026_04490,True,False,False,False,True,True,True,0.75,0.7653152840207434,1
CB_IN_2026_06279,False,True,True,False,False,True,True,0.05,0.12849263122433524,0
CB_IN_2026_01769,True,True,False,False,True,False,False,0.08,0.09004798842729637,0
CB_IN_2026_01436,True,False,True,False,False,False,True,0.3,0.2632345607953856,0
CB_IN_2026_00134,True,True,True,False,True,False,False,0.08,0.1706984429983269,0
CB_IN_2026_07977,True,False,False,False,True,False,False,0.03,0.13052458441637516,0
CB_IN_2026_00675,True,True,True,False,False,False,True,0.1,0.06863595024977728,0
CB_IN_2026_05873,True,True,True,False,True,False,True,0.3,0.2905572298364402,1
CB_IN_2026_09953,True,True,True,False,True,False,True,0.92,0.875923602515311,1
CB_IN_2026_03670,True,True,True,False,True,True,True,0.55,0.5801142636229031,1
CB_IN_2026_00316,True,True,True,False,True,True,True,0.85,0.8479131383538233,1
CB_IN_2026_08478,True,True,True,False,True,True,True,0.92,0.9064247546962416,1
CB_IN_2026_04128,True,True,True,False,True,False,True,0.92,0.98,1
CB_IN_2026_05557,True,True,True,False,True,True,True,0.75,0.7620602822421011,1
CB_IN_2026_09566,True,True,True,False,False,False,True,0.85,0.7811282711096262,1
CB_IN_2026_00197,True,False,True,False,False,False,True,0.1,0.2525481635752865,0
CB_IN_2026_09720,True,True,True,False,False,False,True,0.3,0.19154092228580227,0
CB_IN_2026_03923,True,True,True,False,False,True,False,0.08,0.038275587589869146,0
CB_IN_2026_02365,True,True,True,False,False,True,True,0.55,0.5081768134620687,0
CB_IN_2026_03384,True,False,True,False,False,False,True,0.45,0.53540044095928,0
CB_IN_2026_00927,True,True,False,False,True,False,False,0.85,0.98,1
CB_IN_2026_07108,True,True,True,False,True,True,True,0.9,0.9568039002406599,1
CB_IN_2026_01852,True,True,True,False,True,True,True,0.75,0.8789671177682653,1
CB_IN_2026_04720,True,True,True,False,True,False,True,0.92,0.9405205553820813,1
CB_IN_2026_08236,True,True,True,False,False,True,True,0.85,0.839450483148265,1
CB_IN_2026_07480,True,False,False,False,True,False,False,0.3,0.3136233232677983,1
CB_IN_2026_02235,True,True,True,True,True,False,True,0.9,0.8564041625409022,1
CB_IN_2026_04008,True,True,True,False,True,False,True,0.3,0.3811292551949728,0
CB_IN_2026_09435,True,True,True,False,True,True,True,0.9,0.7959836766708702,0
CB_IN_2026_05130,True,False,False,False,False,False,False,0.08,0.045824533280386125,0
CB_IN_2026_03527,True,True,True,False,False,False,False,0.85,0.8318052104317205,1
CB_IN_2026_09048,True,True,False,False,False,True,False,0.85,0.8587243626886266,1
CB_IN_2026_05508,True,True,True,False,False,True,True,0.85,0.9090881362407666,1
CB_IN_2026_08934,False,True,False,False,False,False,False,0.08,0.07725494459583725,0
CB_IN_2026_04014,False,True,True,False,True,False,True,0.03,0.06348181898128813,0
CB_IN_2026_01711,True,False,False,False,True,True,False,0.08,0.07526443072889462,0
CB_IN_2026_04887,True,False,False,False,True,True,False,0.08,0.1663577493195309,0
CB_IN_2026_08178,True,False,True,False,True,True,True,0.92,0.98,1
CB_IN_2026_03914,True,True,True,False,True,True,True,0.85,0.8626395791493898,1
CB_IN_2026_09870,True,False,True,False,True,False,False,0.9,0.9274297213248371,1
CB_IN_2026_04406,False,True,True,False,True,False,True,0.25,0.3100599329614595,1
CB_IN_2026_08597,True,True,True,False,False,False,False,0.08,0.04772117564458081,0
CB_IN_2026_06976,True,False,False,False,True,False,False,0.08,0.15339913659729007,0
CB_IN_2026_01204,True,True,True,False,False,False,True,0.75,0.7989161761048591,1
CB_IN_2026_07041,True,True,True,False,True,False,True,0.3,0.2587891994897761,0
CB_IN_2026_01638,True,True,True,False,False,False,True,0.3,0.46003729967035645,1
CB_IN_2026_09525,True,True,True,False,True,False,True,0.9,0.9077967422400469,1
CB_IN_2026_07440,True,False,True,False,False,False,True,0.3,0.3558542703990665,0
CB_IN_2026_00404,True,False,True,False,False,False,True,0.12,0.1304978706200486,1
CB_IN_2026_03322,False,False,True,False,True,False,True,0.3,0.22080950483869893,0
CB_IN_2026_01003,True,True,True,False,False,True,True,0.85,0.9593390967977287,1
CB_IN_2026_09947,True,False,False,False,True,False,False,0.08,0.1884737451851881,1
CB_IN_2026_09647,True,False,True,False,False,False,True,0.15,0.13182406582837436,0
CB_IN_2026_03747,True,False,True,False,False,False,True,0.92,0.98,1
CB_IN_2026_09206,False,True,False,False,True,False,True,0.18,0.14802368178903505,0
CB_IN_2026_03710,True,False,False,False,False,False,False,0.45,0.3393182579014452,0
CB_IN_2026_02860,True,True,True,False,False,False,True,0.85,0.8964478176059724,1
CB_IN_2026_07399,True,True,True,False,False,False,True,0.12,0.15645138403619926,0
CB_IN_2026_02878,True,True,True,False,True,True,True,0.92,0.9360048422388952,1
CB_IN_2026_04320,False,True,True,False,True,False,True,0.55,0.6818256302033872,0
CB_IN_2026_07452,True,False,True,False,True,False,True,0.3,0.3099186468171581,0
CB_IN_2026_02988,False,False,True,False,False,False,True,0.1,0.18167524862207574,0
CB_IN_2026_03860,True,True,True,False,False,False,True,0.85,0.7749600445491499,1
CB_IN_2026_05412,True,True,True,False,True,False,True,0.2,0.10976973444967826,0
CB_IN_2026_00804,True,True,True,False,True,True,True,0.9,0.8467711192168552,1
CB_IN_2026_09592,True,True,True,False,True,False,True,0.55,0.588690590863634,1
CB_IN_2026_03468,True,False,True,False,False,False,True,0.55,0.594386053216159,0
CB_IN_2026_08767,True,False,True,False,True,True,True,0.45,0.4120087165806525,1
CB_IN_2026_02563,True,False,True,False,False,False,True,0.75,0.7107422531594647,0
CB_IN_2026_04896,True,True,True,False,True,True,True,0.92,0.8179835714432927,1
CB_IN_2026_04061,True,False,False,False,True,True,True,0.9,0.8721109931005039,1
CB_IN_2026_05958,True,False,True,False,True,False,True,0.3,0.22917262715359238,1
CB_IN_2026_01627,False,True,False,False,True,True,False,0.92,0.9650738089485152,1
CB_IN_2026_00445,True,True,True,False,True,True,True,0.9,0.9540519533139795,1
CB_IN_2026_03683,True,True,True,False,False,False,True,0.3,0.3904843179641432,0
CB_IN_2026_01461,True,True,False,False,True,False,False,0.08,0.08408852268239744,0
CB_IN_2026_04443,True,False,True,False,False,False,True,0.15,0.02,0
CB_IN_2026_00784,True,False,True,False,True,False,True,0.9,0.98,1
CB_IN_2026_05905,True,False,True,False,True,False,True,0.55,0.5610297992214605,0
CB_IN_2026_00268,True,True,True,False,False,False,True,0.85,0.73331400174731,1
CB_IN_2026_04610,True,True,False,False,True,True,True,0.85,0.8150239632285601,1
CB_IN_2026_08759,True,True,True,False,True,False,True,0.92,0.818527338619193,1
CB_IN_2026_03824,True,True,True,False,True,False,True,0.3,0.20964442628934335,0
CB_IN_2026_03598,True,True,False,False,True,True,False,0.08,0.1475063378346403,0
CB_IN_2026_09745,True,True,True,False,False,True,True,0.92,0.8961623321580481,1
CB_IN_2026_06634,True,False,True,False,True,True,True,0.45,0.5610625709080144,0
CB_IN_2026_03907,True,True,False,False,False,False,False,0.08,0.06864475505848092,0
CB_IN_2026_00983,True,False,True,False,True,True,True,0.1,0.07861793196464145,0
CB_IN_2026_00505,True,True,False,False,True,False,False,0.85,0.8800499852551529,1
CB_IN_2026_03505,False,False,True,False,True,False,True,0.18,0.19898694551155507,1
CB_IN_2026_01567,False,True,True,False,True,False,True,0.3,0.29514784992825305,1
CB_IN_2026_07990,True,True,False,False,True,True,False,0.85,0.885572896795605,1
CB_IN_2026_07694,True,True,False,False,True,True,False,0.08,0.09048546733397511,0
CB_IN_2026_06994,True,True,False,False,True,False,True,0.85,0.7895443227041609,1
CB_IN_2026_00454,True,False,True,False,False,False,True,0.15,0.10934673183484858,0
CB_IN_2026_00951,False,True,True,False,True,False,True,0.9,0.9579015160070142,1
CB_IN_2026_09547,False,True,True,False,True,False,True,0.85,0.9441795223921334,1
CB_IN_2026_07186,True,False,False,False,True,True,False,0.1,0.02,0
CB_IN_2026_05270,False,True,False,False,True,False,False,0.03,0.13174601048127754,0
CB_IN_2026_06466,True,True,True,False,False,False,True,0.3,0.26434688808741474,1
CB_IN_2026_04331,True,False,False,False,True,False,False,0.08,0.02,0
CB_IN_2026_03854,True,False,True,False,False,False,True,0.1,0.023727734559128008,0
CB_IN_2026_00571,False,False,False,False,False,False,True,0.15,0.02,0
CB_IN_2026_02322,True,True,False,False,True,False,False,0.08,0.15964969544077062,0
CB_IN_2026_08641,True,False,True,False,False,False,True,0.15,0.14038871604071626,0
CB_IN_2026_07881,False,True,True,False,True,False,True,0.9,0.9045256216098894,1
CB_IN_2026_04029,True,True,False,False,True,True,False,0.03,0.1536307640562738,1
CB_IN_2026_06336,False,False,True,False,True,False,True,0.1,0.02,0
CB_IN_2026_05961,True,True,False,False,True,False,True,0.9,0.9425984397735766,1
CB_IN_2026_06126,False,True,True,True,False,False,True,0.2,0.21027656373170264,1
CB_IN_2026_08869,True,True,True,False,True,True,True,0.85,0.8615743331553607,1
CB_IN_2026_08512,False,True,True,False,False,False,True,0.75,0.7179377543012982,1
CB_IN_2026_02264,False,False,False,False,False,True,False,0.1,0.2164559215409854,1
CB_IN_2026_00703,True,True,True,False,True,True,True,0.9,0.8028811229610042,1
CB_IN_2026_05211,True,False,True,False,True,False,True,0.3,0.3038203872938816,0
CB_IN_2026_08293,True,False,True,False,True,True,True,0.45,0.4368475389411581,1
CB_IN_2026_09563,True,True,True,False,True,False,True,0.55,0.6364649042439811,0
CB_IN_2026_01067,True,True,False,False,True,False,False,0.85,0.8784758694291164,1
CB_IN_2026_00276,True,False,True,False,True,False,True,0.92,0.9730264991710413,1
CB_IN_2026_05868,True,True,False,False,False,False,True,0.2,0.25043604749809534,0
CB_IN_2026_04332,True,False,True,False,True,False,True,0.55,0.4515862742086656,1
CB_IN_2026_04644,True,True,True,True,False,False,True,0.15,0.32293650311321465,0
CB_IN_2026_08952,True,False,True,False,False,False,True,0.75,0.8815747090390238,1
CB_IN_2026_04177,True,True,True,False,True,False,True,0.3,0.3700976069652623,0
CB_IN_2026_07531,True,True,True,False,False,False,True,0.85,0.859738075167912,0
CB_IN_2026_04174,False,True,True,False,True,True,True,0.88,0.8539064195525868,1
CB_IN_2026_04191,True,True,True,False,False,False,False,0.08,0.02,0
CB_IN_2026_05293,True,False,True,True,True,True,True,0.92,0.98,1
CB_IN_2026_08533,True,False,True,False,True,False,True,0.1,0.1127984027652419,0
CB_IN_2026_04622,True,False,True,False,True,True,True,0.45,0.39112530470747076,1
CB_IN_2026_01977,True,False,False,False,True,False,True,0.18,0.21950194382853017,0
CB_IN_2026_01506,False,True,True,False,True,True,True,0.75,0.7181569313948678,1
CB_IN_2026_08559,True,False,True,False,True,True,True,0.88,0.7791992795684237,1
CB_IN_2026_07701,False,True,True,False,False,False,True,0.55,0.47170339939032613,0
CB_IN_2026_04246,True,False,True,False,False,False,True,0.55,0.5835329788234687,1
CB_IN_2026_07699,True,True,True,False,True,False,True,0.75,0.7598433401807044,1
CB_IN_2026_00173,False,False,True,False,True,True,True,0.55,0.4596889158302891,1
CB_IN_2026_06407,True,False,True,False,True,True,True,0.55,0.342544706467044,0
CB_IN_2026_04410,True,True,False,True,True,False,True,0.3,0.3082861026019983,0
CB_IN_2026_01182,True,False,True,False,True,True,True,0.9,0.98,1
CB_IN_2026_03962,True,False,True,False,True,True,True,0.88,0.98,1
CB_IN_2026_09187,False,True,True,False,False,False,True,0.3,0.3224423513140156,0
CB_IN_2026_01935,True,True,True,False,True,False,True,0.55,0.5786698862553952,0
CB_IN_2026_09858,True,False,True,False,True,False,True,0.18,0.1353074584629253,0
CB_IN_2026_06288,True,True,False,False,False,True,False,0.08,0.08895915373984428,0
CB_IN_2026_03280,True,True,False,False,True,True,True,0.9,0.9327075754924995,1
CB_IN_2026_02465,True,True,True,False,True,False,False,0.08,0.02286030747739281,0
CB_IN_2026_00114,True,True,True,False,True,True,False,0.08,0.02,0
CB_IN_2026_05220,True,False,True,False,True,False,True,0.75,0.7877083083011703,1
CB_IN_2026_09139,False,True,False,False,True,False,False,0.2,0.27269029833922354,0
CB_IN_2026_03753,False,True,False,False,True,False,False,0.08,0.02,0
CB_IN_2026_02676,True,True,True,False,True,True,True,0.85,0.9755917555511321,1
CB_IN_2026_03106,True,True,True,False,True,False,True,0.85,0.9266639448780959,1
CB_IN_2026_08886,True,False,True,False,True,True,True,0.1,0.02,0
CB_IN_2026_05729,True,False,False,False,True,True,False,0.08,0.08391944612071058,0
CB_IN_2026_06476,True,False,True,False,True,False,True,0.03,0.06457286253077185,0
CB_IN_2026_01056,True,False,True,False,True,False,True,0.3,0.3091706963405016,0
CB_IN_2026_03457,True,False,False,False,False,False,False,0.08,0.13045470690960537,0
CB_IN_2026_07291,True,False,True,False,False,True,True,0.15,0.1798348790413716,0
CB_IN_2026_00453,True,True,True,False,False,False,True,0.75,0.7460967772205511,1
CB_IN_2026_08998,True,True,True,False,True,False,True,0.85,0.9229426312630777,1
CB_IN_2026_05342,True,False,True,False,True,True,False,0.08,0.09011588750072572,0
CB_IN_2026_04821,True,False,False,False,True,False,False,0.08,0.10842876873735657,0
CB_IN_2026_08268,True,True,True,False,True,False,False,0.08,0.07821988838962876,0
CB_IN_2026_01175,True,True,True,False,True,False,True,0.3,0.2506802837646647,0
CB_IN_2026_05245,True,True,True,False,False,True,False,0.08,0.02,0
CB_IN_2026_07900,True,False,True,False,False,True,True,0.55,0.5817911491944197,0
CB_IN_2026_03172,True,True,True,False,True,True,True,0.85,0.7572683570760191,1
CB_IN_2026_01570,False,True,True,False,False,False,True,0.03,0.06928597531785297,0
CB_IN_2026_06143,True,True,True,False,False,True,True,0.12,0.14204357309870236,1
CB_IN_2026_04316,True,False,False,False,True,True,False,0.08,0.0550205798041848,0
CB_IN_2026_00280,False,True,True,False,True,False,True,0.85,0.8851661482733547,1
CB_IN_2026_06533,True,False,True,False,True,False,True,0.55,0.5919499216134064,0
CB_IN_2026_02204,True,True,False,False,False,False,False,0.08,0.19790518071166363,0
CB_IN_2026_07438,False,True,False,False,True,False,True,0.85,0.9683257986236816,1
CB_IN_2026_05608,True,True,True,False,True,True,True,0.92,0.8489822365034059,1
CB_IN_2026_06695,True,False,False,False,True,False,True,0.92,0.9770041661323906,1
CB_IN_2026_00496,True,True,True,False,True,False,True,0.3,0.278547986863718,1
CB_IN_2026_09261,True,True,True,False,True,False,True,0.9,0.8280482394966124,1
CB_IN_2026_08643,True,True,True,False,True,False,True,0.85,0.7866632464455569,0
CB_IN_2026_00299,True,False,True,False,True,False,True,0.9,0.9406896776971745,1
CB_IN_2026_06316,True,False,True,False,True,False,True,0.1,0.1629587638219827,0
CB_IN_2026_02367,True,False,True,False,True,False,True,0.1,0.04835364110756643,0
CB_IN_2026_09614,True,True,False,False,True,False,False,0.9,0.7937792705163773,1
CB_IN_2026_01919,True,True,True,True,True,False,True,0.9,0.9612862194773671,1
CB_IN_2026_02281,True,True,True,False,True,False,True,0.9,0.9234243340921294,1
CB_IN_2026_05561,True,True,True,False,False,False,True,0.55,0.4864045564915048,1
CB_IN_2026_09147,False,True,True,False,True,True,True,0.75,0.6210339591336349,0
CB_IN_2026_07445,True,True,False,False,True,False,False,0.08,0.08782650536362717,0
CB_IN_2026_03947,False,True,True,True,True,False,True,0.85,0.8079975739187198,1
CB_IN_2026_06987,True,True,True,False,True,False,True,0.85,0.8986548419214605,1
CB_IN_2026_00962,True,True,True,False,True,False,True,0.3,0.2544238952378677,0
CB_IN_2026_07613,True,False,True,False,False,True,True,0.1,0.1862793088755807,0
CB_IN_2026_03494,True,True,True,False,False,True,True,0.1,0.06003657597602471,0
CB_IN_2026_03692,True,False,True,False,False,True,True,0.1,0.02,0
CB_IN_2026_01563,True,True,False,False,True,False,True,0.85,0.7682520554661175,0
CB_IN_2026_02557,False,False,False,False,True,True,False,0.05,0.032824903122601015,0
CB_IN_2026_00653,True,True,True,True,True,True,True,0.92,0.9117586728449246,1
CB_IN_2026_07473,False,True,True,False,True,False,True,0.85,0.7665843353678422,1
CB_IN_2026_06601,False,True,True,False,True,True,True,0.9,0.9229706090071577,1
CB_IN_2026_02249,True,False,True,False,False,True,True,0.12,0.060742458637997876,0
CB_IN_2026_05343,True,False,False,False,True,False,False,0.08,0.13210966865124227,1
CB_IN_2026_02077,True,True,True,False,True,False,True,0.3,0.31806357404750274,1
CB_IN_2026_02914,True,False,True,False,True,False,True,0.9,0.8665101707471198,1
CB_IN_2026_07375,True,False,True,False,True,False,True,0.9,0.8240362437864807,1
CB_IN_2026_01822,True,True,True,False,True,False,True,0.85,0.8735157702060816,1
CB_IN_2026_05772,True,True,True,False,True,False,False,0.08,0.18831902651221838,0
CB_IN_2026_04803,True,True,False,False,True,True,False,0.08,0.0935675350696527,1
CB_IN_2026_06705,True,False,True,False,True,False,True,0.25,0.11366393379672068,0
CB_IN_2026_03259,False,True,True,False,True,False,True,0.55,0.47639974005699776,1
CB_IN_2026_05560,True,True,True,True,True,False,True,0.3,0.26694276244796356,0
CB_IN_2026_04631,True,True,True,True,True,False,True,0.9,0.8799201786482548,1
CB_IN_2026_07866,True,False,True,False,True,True,True,0.55,0.5385922960287857,1
CB_IN_2026_02448,True,False,False,False,True,False,False,0.92,0.9483875509400164,1
CB_IN_2026_03019,True,True,True,False,True,False,True,0.9,0.8269365705094127,1
CB_IN_2026_08312,True,True,False,False,True,True,True,0.85,0.8115864389007013,0
CB_IN_2026_05410,True,True,True,False,True,True,True,0.9,0.9745103110271369,1
CB_IN_2026_05656,True,False,False,False,True,True,False,0.1,0.02,0
CB_IN_2026_08182,False,True,False,False,True,True,False,0.08,0.13841520760709636,0
CB_IN_2026_03898,True,True,False,False,True,False,True,0.9,0.8239739739707866,1
CB_IN_2026_08308,True,True,True,False,True,True,True,0.85,0.8399644301320724,1
CB_IN_2026_07539,True,False,True,False,True,False,True,0.45,0.5214137405218275,0
CB_IN_2026_00162,True,True,True,False,True,False,True,0.85,0.9374474887454312,1
CB_IN_2026_00783,True,False,True,True,True,True,True,0.9,0.8513142794415287,1
CB_IN_2026_01606,True,True,True,False,True,False,True,0.85,0.8911572482447029,1
CB_IN_2026_03858,True,True,True,False,True,True,True,0.92,0.9012077502629375,0
CB_IN_2026_06202,True,True,True,False,True,True,True,0.55,0.5432027790743961,1
CB_IN_2026_03243,True,True,True,False,True,False,True,0.9,0.8801691414468924,1
CB_IN_2026_03367,True,False,True,False,True,False,True,0.9,0.98,1
CB_IN_2026_05536,True,False,True,False,True,False,True,0.1,0.1754271995728497,0
CB_IN_2026_02817,True,False,False,False,True,True,False,0.9,0.8514529769278016,1
CB_IN_2026_05955,True,True,True,False,True,True,True,0.9,0.7920162336234156,1
CB_IN_2026_02836,True,True,True,False,True,False,True,0.18,0.19391535602162155,0
CB_IN_2026_04929,True,True,True,False,True,True,True,0.85,0.9381866121864508,1
CB_IN_2026_07140,True,True,True,False,True,True,True,0.92,0.98,1
CB_IN_2026_01444,True,False,True,False,True,False,True,0.3,0.41607679741401116,0
CB_IN_2026_00697,True,False,True,False,True,True,True,0.1,0.28406191829495514,1
CB_IN_2026_09012,True,False,True,False,True,False,True,0.1,0.11239379934276612,0
CB_IN_2026_09564,True,True,True,False,False,True,False,0.85,0.8181418178302114,1
CB_IN_2026_00942,True,True,True,False,True,False,True,0.85,0.8435744343087194,1
CB_IN_2026_00528,True,False,True,False,True,False,True,0.75,0.7327496371901494,1
CB_IN_2026_06297,True,True,False,False,True,False,False,0.75,0.6489414702995668,0
CB_IN_2026_04294,True,True,False,False,False,False,False,0.15,0.17561657419642474,0
CB_IN_2026_08527,False,True,False,False,True,True,False,0.08,0.1045178748735665,1
CB_IN_2026_03721,False,True,True,False,False,False,True,0.1,0.06144771350691734,0
CB_IN_2026_07905,True,True,True,False,False,True,True,0.88,0.8399064154695736,1
CB_IN_2026_07725,True,False,False,False,True,True,True,0.88,0.8419648666171556,1
CB_IN_2026_04547,True,True,True,False,True,False,True,0.3,0.24416208526054053,0
CB_IN_2026_01632,True,False,True,False,False,False,True,0.1,0.06293578640315084,0
CB_IN_2026_06966,True,True,False,False,False,False,False,0.3,0.3411477064334513,0
CB_IN_2026_01430,True,False,True,False,True,False,True,0.03,0.02,0
CB_IN_2026_00649,True,False,False,False,True,False,False,0.92,0.815020897483636,1
CB_IN_2026_08674,True,False,True,False,True,True,True,0.55,0.3831023504526488,0
CB_IN_2026_00383,True,True,True,False,False,False,True,0.75,0.8105177553710116,1
CB_IN_2026_06851,True,True,True,False,False,True,True,0.55,0.532884599076847,0
CB_IN_2026_05144,True,False,True,False,True,False,True,0.92,0.916917241917863,1
CB_IN_2026_02876,True,True,True,False,True,False,True,0.92,0.878850503512848,1
CB_IN_2026_06988,True,True,False,False,True,True,True,0.2,0.23612237681451043,0
CB_IN_2026_01413,True,True,True,False,False,True,True,0.55,0.507338254627719,1
CB_IN_2026_01052,False,True,True,False,True,False,True,0.05,0.02,0
CB_IN_2026_01229,True,True,False,False,True,False,False,0.85,0.8435465033423912,1
CB_IN_2026_06069,True,True,False,False,True,True,False,0.08,0.26891944670211865,0
CB_IN_2026_03637,True,True,True,False,True,False,True,0.85,0.8763930282284228,1
CB_IN_2026_02949,True,False,False,False,False,False,False,0.08,0.02,0
CB_IN_2026_08852,True,False,False,False,True,False,False,0.08,0.058831636247954316,0
CB_IN_2026_05333,True,True,False,False,False,False,True,0.92,0.8899488439438927,1
CB_IN_2026_09888,True,True,True,False,True,False,True,0.3,0.27631682421809145,0
CB_IN_2026_07126,True,False,False,False,True,False,False,0.08,0.02,0
CB_IN_2026_03922,True,False,False,False,True,True,False,0.08,0.1252800058371119,0
CB_IN_2026_07376,True,True,True,False,True,False,True,0.85,0.9687080353046369,1
CB_IN_2026_00786,True,False,False,False,True,False,True,0.25,0.18319090994440096,0
CB_IN_2026_04359,True,False,True,False,True,False,True,0.9,0.8151785636957709,0
CB_IN_2026_07160,True,True,True,False,True,False,True,0.3,0.3304761335928931,1
CB_IN_2026_03452,True,True,True,False,True,True,True,0.75,0.8285276615954583,1
CB_IN_2026_09532,True,False,True,False,False,False,True,0.45,0.39581601610777845,1
CB_IN_2026_09978,True,True,False,False,True,True,False,0.08,0.11858975633868007,0
CB_IN_2026_09264,True,False,True,False,True,False,True,0.18,0.2234457030241917,0
CB_IN_2026_08925,True,False,True,False,True,False,True,0.45,0.5294287902450112,0
CB_IN_2026_06201,True,True,False,False,False,False,False,0.1,0.02,0
CB_IN_2026_03343,True,True,True,False,False,False,True,0.92,0.8978111872539423,1
CB_IN_2026_04172,True,True,True,False,True,True,True,0.92,0.8845560820826255,1
CB_IN_2026_07912,True,True,True,False,True,False,True,0.92,0.8487117452759004,1
CB_IN_2026_07043,True,True,True,True,True,False,True,0.9,0.8698055968106351,1
CB_IN_2026_01914,False,True,False,False,True,False,False,0.18,0.19562666623386027,0
CB_IN_2026_09495,False,True,True,False,True,False,False,0.08,0.05806324578053132,0
CB_IN_2026_01665,True,True,False,False,False,False,False,0.85,0.7852616671322199,1
CB_IN_2026_04327,True,False,True,False,True,False,True,0.1,0.05319986341563028,0
CB_IN_2026_02714,False,True,True,False,True,False,True,0.55,0.6272123378389671,1
CB_IN_2026_00317,False,True,True,False,True,True,True,0.55,0.48128001062578374,0
CB_IN_2026_03671,True,False,True,False,True,False,True,0.25,0.26412224439146453,1
CB_IN_2026_01628,False,False,True,False,True,False,True,0.1,0.04433246121835231,0
CB_IN_2026_05550,True,True,True,True,False,False,True,0.3,0.2980219864784921,1
CB_IN_2026_04843,True,False,False,False,False,True,False,0.92,0.8098401063995163,0
CB_IN_2026_02293,True,True,True,False,True,False,True,0.85,0.8045220798830295,1
CB_IN_2026_08357,True,True,False,False,False,False,True,0.3,0.1603599476803829,0
CB_IN_2026_08484,False,False,True,False,True,True,True,0.92,0.8786771787945297,1
CB_IN_2026_04927,True,True,False,False,True,False,True,0.85,0.9119324295075028,1
CB_IN_2026_00483,True,True,True,False,True,False,True,0.55,0.6158519376392975,1
CB_IN_2026_02025,True,False,False,False,True,False,False,0.08,0.13632934708814273,0
CB_IN_2026_01608,False,True,False,False,True,False,False,0.08,0.18412832471886464,1
CB_IN_2026_07195,False,True,False,False,True,True,True,0.85,0.7274918677088753,1
CB_IN_2026_04386,True,True,True,False,True,False,True,0.9,0.8225390147134228,1
CB_IN_2026_08687,False,False,True,False,True,False,False,0.08,0.021514366245446663,0
CB_IN_2026_09595,True,True,True,False,True,True,True,0.85,0.6928324808187375,1
CB_IN_2026_04034,True,False,True,False,True,True,True,0.92,0.9744677386759423,0
CB_IN_2026_05038,True,False,True,False,True,False,True,0.75,0.6190098268314248,1
CB_IN_2026_01883,True,False,True,False,True,True,True,0.55,0.5179807849302922,0
CB_IN_2026_04630,True,False,True,False,True,False,True,0.2,0.2378246326809393,0
CB_IN_2026_03801,True,False,True,False,True,True,True,0.55,0.4902924256379206,0
CB_IN_2026_08885,True,True,False,False,True,False,False,0.9,0.8200598569337885,1
CB_IN_2026_05534,True,True,False,False,False,False,False,0.03,0.02,0
CB_IN_2026_09151,True,True,False,False,True,False,True,0.9,0.9105783893804595,1
CB_IN_2026_09241,True,False,False,True,False,False,False,0.03,0.02,0
CB_IN_2026_08548,True,False,True,False,True,False,True,0.75,0.8334224591992904,1
CB_IN_2026_03698,True,True,True,False,True,False,True,0.55,0.5961919240238215,1
CB_IN_2026_02292,True,True,True,False,True,False,True,0.9,0.8354137892922519,1
CB_IN_2026_05124,True,True,True,False,False,False,True,0.25,0.2266430454687327,0
CB_IN_2026_08402,True,True,True,False,True,False,True,0.9,0.937366852658555,1
CB_IN_2026_04488,True,False,False,False,False,False,False,0.08,0.11728959603805933,0
CB_IN_2026_00105,True,True,True,False,True,False,True,0.55,0.4595006375592904,1
CB_IN_2026_00108,False,False,False,False,False,False,False,0.45,0.39095347790069856,0
CB_IN_2026_00904,False,False,True,False,True,True,True,0.05,0.02,0
CB_IN_2026_03641,True,True,True,False,True,True,True,0.85,0.8819331399712188,1
CB_IN_2026_05055,True,True,True,False,True,True,True,0.9,0.7857735894931465,0
CB_IN_2026_07517,True,False,True,False,False,False,True,0.3,0.28312041004614863,0
CB_IN_2026_07669,True,True,True,False,True,False,True,0.3,0.32663422052063956,1
CB_IN_2026_06540,True,True,False,False,False,False,False,0.08,0.045042946813423385,0
CB_IN_2026_04995,True,False,True,False,True,False,True,0.92,0.8209680238488928,1
CB_IN_2026_03067,False,False,True,False,True,False,True,0.3,0.2825748405622973,0
CB_IN_2026_06068,True,True,True,False,True,False,True,0.55,0.5883540057727484,0
CB_IN_2026_05688,True,False,False,False,True,True,False,0.08,0.02,0
CB_IN_2026_08664,True,True,False,False,True,False,False,0.08,0.07220410321466904,0
CB_IN_2026_05165,True,True,True,False,True,True,True,0.55,0.4669774364769677,1
CB_IN_2026_04345,True,False,True,False,False,False,True,0.55,0.5767667100475286,0
CB_IN_2026_06013,True,True,True,False,False,False,True,0.12,0.2732067885260562,0
CB_IN_2026_06071,True,False,True,False,True,False,True,0.3,0.2551209661464407,0
CB_IN_2026_05798,True,False,False,False,True,False,False,0.08,0.02,0
CB_IN_2026_08078,True,False,False,False,True,True,False,0.08,0.033098661241025486,0
CB_IN_2026_08051,True,True,True,False,True,False,True,0.9,0.8221304500392739,1
CB_IN_2026_01577,True,False,True,False,False,True,True,0.88,0.875074308817387,1
CB_IN_2026_06774,True,True,True,False,True,True,True,0.92,0.9173129864213667,1
CB_IN_2026_05695,True,True,True,False,False,True,True,0.92,0.9633865210971952,1
CB_IN_2026_06118,True,True,True,False,True,True,True,0.85,0.8676932174116908,0
CB_IN_2026_03038,True,False,True,False,False,True,True,0.92,0.8871497683141224,1
CB_IN_2026_09014,True,True,False,False,True,False,False,0.08,0.02,0
CB_IN_2026_06184,True,False,True,False,True,True,True,0.03,0.02,0
CB_IN_2026_07675,True,False,True,False,False,True,True,0.92,0.98,1
CB_IN_2026_07636,True,True,False,False,True,True,False,0.08,0.06867711570508356,0
CB_IN_2026_02593,False,True,True,False,True,True,True,0.85,0.7408325534042507,1
CB_IN_2026_02834,True,False,False,False,False,False,False,0.45,0.4038250984568715,0
CB_IN_2026_01455,False,True,False,False,False,False,False,0.08,0.09974151282215613,0
CB_IN_2026_03147,True,True,True,False,True,False,True,0.92,0.9379419684811398,1
CB_IN_2026_06691,False,False,True,False,True,False,True,0.1,0.20865389004136953,0
CB_IN_2026_04247,True,False,True,False,True,False,True,0.9,0.6988734062172246,1
CB_IN_2026_04972,True,True,True,False,True,True,True,0.55,0.6131013771658869,1
CB_IN_2026_06599,True,True,True,False,True,True,True,0.9,0.7179918379990606,1
CB_IN_2026_08874,True,False,True,False,False,False,True,0.75,0.6510309372047748,1
CB_IN_2026_06080,True,False,True,False,False,True,True,0.92,0.830282285741401,1
CB_IN_2026_05379,True,True,True,False,True,False,True,0.25,0.15823583797252805,0
CB_IN_2026_04517,True,False,True,False,False,False,True,0.1,0.1473942390170458,0
CB_IN_2026_08829,True,True,True,True,True,False,True,0.92,0.7873799818312808,1
CB_IN_2026_09445,True,True,False,False,True,False,False,0.85,0.8687715517000985,1
CB_IN_2026_06453,True,True,True,False,True,False,True,0.9,0.7874030803393006,0
CB_IN_2026_04934,True,True,False,False,True,True,False,0.08,0.21346327622427447,1
CB_IN_2026_07824,True,True,False,False,True,True,False,0.08,0.11077622004070488,0
CB_IN_2026_09029,False,True,True,False,False,False,True,0.55,0.48066104415877936,0
CB_IN_2026_09593,True,False,True,False,False,False,True,0.55,0.5194534204264628,0
CB_IN_2026_03274,True,False,True,False,True,False,True,0.9,0.9401577969476168,1
CB_IN_2026_03281,True,True,False,False,False,True,False,0.08,0.02,0
CB_IN_2026_06099,True,True,True,False,True,True,True,0.75,0.7481211075668623,1
CB_IN_2026_09749,True,False,True,False,True,False,True,0.92,0.9033943201918289,1
CB_IN_2026_07016,True,True,True,False,True,True,True,0.85,0.7590663756122807,0
CB_IN_2026_03732,True,True,True,False,True,False,True,0.18,0.22903567648685855,1
CB_IN_2026_07364,True,False,False,False,True,False,True,0.9,0.9319656732904442,1
CB_IN_2026_06308,False,True,True,False,True,False,True,0.85,0.8659542563183608,1
CB_IN_2026_09538,True,True,True,False,True,False,True,0.85,0.8574367368427236,1
CB_IN_2026_01938,True,True,True,False,False,False,True,0.55,0.4932319497520794,1
CB_IN_2026_08939,True,True,True,False,True,True,True,0.85,0.9133313598606283,0
CB_IN_2026_07830,True,True,True,False,True,True,True,0.03,0.056378402078334576,0
CB_IN_2026_09134,True,False,True,False,False,False,True,0.1,0.02,0
CB_IN_2026_03352,True,True,True,False,True,True,True,0.2,0.23555812491363187,0
CB_IN_2026_02171,True,False,True,False,True,False,True,0.75,0.8085050756005793,1
CB_IN_2026_07540,True,True,True,False,True,False,True,0.3,0.2644706376586322,0
CB_IN_2026_00548,True,True,True,False,True,True,True,0.85,0.9638939768023235,1
CB_IN_2026_00766,True,False,True,False,True,False,True,0.3,0.2950543751610422,0
CB_IN_2026_01717,True,False,False,False,False,True,False,0.92,0.708328543397692,1
CB_IN_2026_04868,True,False,True,False,True,False,True,0.55,0.5358833280471956,1
CB_IN_2026_08990,True,False,True,False,False,False,True,0.1,0.02,0
CB_IN_2026_02331,True,True,True,False,True,False,True,0.9,0.7730872382600277,1
CB_IN_2026_00887,True,True,False,False,True,False,False,0.85,0.8644017527963779,1
CB_IN_2026_09288,True,True,False,False,True,True,False,0.75,0.7256088388883767,1
CB_IN_2026_02283,True,True,True,False,True,True,True,0.85,0.9025315943038449,1
CB_IN_2026_08163,True,False,True,False,True,False,True,0.9,0.9048343425634104,1
CB_IN_2026_05862,True,True,True,False,True,False,True,0.3,0.1317964553392985,0
CB_IN_2026_03876,True,False,True,False,True,False,True,0.3,0.28368441354799345,0
CB_IN_2026_03446,True,False,True,False,True,True,True,0.45,0.3802214644725529,0
CB_IN_2026_00172,True,False,True,False,True,True,True,0.92,0.9654594069028811,1
CB_IN_2026_07941,True,False,True,False,False,False,True,0.1,0.17775130764438657,0
CB_IN_2026_02886,False,True,True,False,False,False,True,0.85,0.7591631736864837,1
CB_IN_2026_07267,True,True,False,False,True,False,True,0.3,0.2975005950504449,0
CB_IN_2026_07373,True,True,False,False,True,False,True,0.92,0.98,1
CB_IN_2026_07111,False,False,True,False,False,True,True,0.05,0.0807550056658472,0
CB_IN_2026_08193,False,False,False,False,True,False,False,0.08,0.14617029647111315,1
CB_IN_2026_01679,True,False,True,False,True,False,True,0.25,0.2157195743322872,0
CB_IN_2026_05355,True,True,False,False,True,True,False,0.9,0.8769280680726212,1
CB_IN_2026_05478,True,True,True,False,True,True,True,0.88,0.9389562775830377,1
CB_IN_2026_02202,True,False,False,False,True,True,False,0.08,0.1423911454240458,1
CB_IN_2026_09324,True,True,False,False,False,False,True,0.25,0.21380368954054316,0
CB_IN_2026_01494,True,False,True,False,False,False,True,0.3,0.4225856783179963,0
CB_IN_2026_08286,False,True,True,False,True,False,True,0.55,0.45407096290171745,1
CB_IN_2026_06977,True,False,True,False,True,False,True,0.75,0.8500843998283584,0
CB_IN_2026_07072,True,False,True,False,True,False,True,0.92,0.9258407854413391,0
CB_IN_2026_00854,True,True,True,False,True,False,True,0.85,0.872632371235583,0
CB_IN_2026_07176,True,False,True,False,True,False,True,0.45,0.47136988245545325,0
CB_IN_2026_00229,True,True,True,False,True,False,True,0.25,0.16023789878200773,1
CB_IN_2026_01942,True,True,True,False,True,True,True,0.55,0.49092468659150884,0
CB_IN_2026_01213,True,True,True,False,True,True,True,0.55,0.4879237687428634,1
CB_IN_2026_04613,False,True,True,False,True,False,True,0.05,0.02,0
CB_IN_2026_01863,False,False,True,False,True,True,True,0.88,0.8400356899958804,1
CB_IN_2026_04397,True,False,True,False,True,True,False,0.08,0.1831396884673584,0
CB_IN_2026_04818,True,False,True,False,False,True,True,0.55,0.5551061131333219,1
CB_IN_2026_01811,True,True,True,False,True,True,True,0.88,0.783572136431631,1
CB_IN_2026_08931,True,False,True,False,True,True,True,0.88,0.960749841064688,1
CB_IN_2026_06287,True,False,True,False,False,False,True,0.92,0.8872284188789762,1
CB_IN_2026_03645,True,True,True,False,True,False,True,0.92,0.9026100745900301,1
CB_IN_2026_07495,False,False,False,False,True,False,False,0.3,0.3909843466500699,0
CB_IN_2026_08219,True,True,False,False,False,True,True,0.1,0.09332610941922413,0
CB_IN_2026_01296,True,False,True,False,True,True,True,0.45,0.3937939049467208,0
CB_IN_2026_06930,True,False,True,False,True,False,True,0.92,0.9170982971355063,1
CB_IN_2026_08961,True,False,True,False,True,True,True,0.25,0.27674519681347937,1
CB_IN_2026_04367,True,True,True,False,False,False,True,0.1,0.0928234015667895,0
CB_IN_2026_07231,True,True,True,False,True,True,True,0.92,0.86270457984606,1
CB_IN_2026_08811,True,False,True,False,True,False,True,0.18,0.15218813464696138,0
CB_IN_2026_08699,True,False,True,False,False,True,True,0.1,0.02,0
CB_IN_2026_04799,True,True,True,False,False,True,True,0.1,0.02,0
CB_IN_2026_05789,True,False,False,False,False,False,False,0.18,0.3282683980313347,0
CB_IN_2026_03704,True,True,True,False,False,False,True,0.85,0.9124197030997854,1
CB_IN_2026_09292,True,False,True,False,True,True,True,0.9,0.8466062359870753,1
CB_IN_2026_02473,True,False,True,False,True,False,True,0.1,0.23453966281952304,0
CB_IN_2026_07308,False,False,True,False,True,False,True,0.55,0.40249574267079247,0
CB_IN_2026_06766,True,True,True,False,False,False,True,0.3,0.3589713409243867,0
CB_IN_2026_06421,False,True,True,False,False,True,False,0.08,0.15172669196532956,0
CB_IN_2026_00527,True,False,True,False,False,False,True,0.55,0.5685249161536069,1
CB_IN_2026_01381,True,True,True,False,True,False,True,0.9,0.8524376703955864,1
CB_IN_2026_07322,True,True,True,False,True,False,True,0.92,0.8106661978686337,1
CB_IN_2026_08594,True,True,True,False,True,False,True,0.9,0.9116722463674639,1
CB_IN_2026_04580,True,True,True,False,True,False,True,0.3,0.27392789848544635,0
CB_IN_2026_02083,True,True,False,False,True,True,False,0.08,0.09427581390722563,0
CB_IN_2026_09223,True,True,False,False,True,True,True,0.9,0.7756830855073322,1
CB_IN_2026_00997,True,False,True,False,False,False,True,0.92,0.8398106546648738,0
CB_IN_2026_00066,True,False,True,False,False,False,True,0.92,0.9215536416676449,1
CB_IN_2026_06938,True,True,True,False,False,False,True,0.2,0.2990277342140617,0
CB_IN_2026_00067,True,True,True,False,True,False,True,0.9,0.84679895695593,1
CB_IN_2026_06137,True,True,True,False,True,True,True,0.92,0.9730748608978977,1
CB_IN_2026_08878,False,True,True,False,True,False,True,0.85,0.7906426187692468,1
CB_IN_2026_08675,True,True,True,False,True,True,False,0.92,0.8960544774980319,1
CB_IN_2026_02207,True,True,True,False,True,False,True,0.3,0.4611601824109522,0
CB_IN_2026_02831,False,False,False,False,True,True,False,0.08,0.05031269927851704,0
CB_IN_2026_01886,True,True,False,False,False,True,False,0.08,0.02,0
CB_IN_2026_06726,False,True,False,False,False,True,False,0.08,0.02,0
CB_IN_2026_06062,True,True,False,False,True,True,False,0.08,0.24461548176087805,0
CB_IN_2026_06615,True,False,True,False,False,False,True,0.1,0.23555504225859855,1
CB_IN_2026_06617,False,False,True,False,True,False,True,0.45,0.4762616967299003,1
CB_IN_2026_09803,True,False,True,False,True,False,True,0.3,0.30708175953337785,0
CB_IN_2026_03480,True,True,True,False,True,True,True,0.92,0.907646857823543,1
CB_IN_2026_04017,True,True,False,False,True,False,True,0.25,0.29362226236857947,1
CB_IN_2026_01031,True,True,False,False,True,False,False,0.08,0.02552501503254067,0
CB_IN_2026_08511,False,True,True,False,True,True,True,0.85,0.8364872531029234,1
CB_IN_2026_01332,True,True,False,False,True,True,True,0.75,0.7607428811258727,0
CB_IN_2026_02043,False,True,True,False,True,False,True,0.85,0.7910612883460886,0
CB_IN_2026_06285,True,False,True,False,True,True,True,0.92,0.8625115496927006,1
CB_IN_2026_00623,True,True,True,False,True,True,False,0.75,0.7168576497580147,1
CB_IN_2026_00708,True,False,False,False,True,False,False,0.92,0.98,1
CB_IN_2026_07904,True,False,True,False,True,True,True,0.1,0.1280938843625516,0
CB_IN_2026_08015,True,True,True,False,True,False,True,0.75,0.7733592400275874,0
CB_IN_2026_00723,True,True,True,False,True,True,True,0.75,0.7592429356475292,0
CB_IN_2026_02477,True,False,True,False,False,True,True,0.1,0.1360845656510894,1
CB_IN_2026_03543,True,False,False,False,True,False,True,0.75,0.7180788350462161,1
CB_IN_2026_04845,True,True,True,False,False,True,True,0.15,0.16815179678674178,0
CB_IN_2026_00476,True,False,True,False,False,False,True,0.1,0.09021265306072822,0
CB_IN_2026_02794,True,False,False,False,True,False,False,0.45,0.43336377550698707,1
CB_IN_2026_09329,True,False,True,False,True,False,True,0.45,0.4302599559230045,0
CB_IN_2026_08505,True,False,False,False,True,True,False,0.9,0.9221374085906724,1
CB_IN_2026_01509,True,True,True,False,False,False,True,0.85,0.8379138355393925,1
CB_IN_2026_01814,True,False,False,False,True,False,False,0.08,0.10763712644825353,0
CB_IN_2026_02085,True,True,False,False,True,False,False,0.85,0.9082988875135892,1
CB_IN_2026_02884,True,False,True,False,False,True,False,0.08,0.05261924438532718,0
CB_IN_2026_01106,True,False,True,False,True,True,True,0.9,0.8039853833869756,0
CB_IN_2026_05676,True,True,True,False,True,True,True,0.85,0.7185032793665761,1
CB_IN_2026_08854,True,False,False,False,True,True,True,0.45,0.44580992409219494,0
CB_IN_2026_00040,True,True,True,False,True,True,True,0.88,0.9190499881802303,1
CB_IN_2026_07387,True,True,True,False,True,False,True,0.85,0.7212684135142357,1
CB_IN_2026_01954,False,False,True,False,True,False,True,0.9,0.9769849330548056,1
CB_IN_2026_05593,True,False,True,False,True,True,True,0.92,0.98,1
CB_IN_2026_05897,False,False,True,False,False,False,True,0.75,0.9696748624455099,1
CB_IN_2026_03769,True,True,True,False,True,False,True,0.55,0.5479559992403352,1
CB_IN_2026_03736,True,False,True,False,False,True,True,0.75,0.9383480281298393,1
CB_IN_2026_02371,True,False,True,False,False,False,True,0.1,0.21866861529996307,0
CB_IN_2026_06847,True,True,True,False,True,False,True,0.92,0.8713742239677833,1
CB_IN_2026_02825,True,True,True,False,True,False,True,0.55,0.4669423317690884,1
CB_IN_2026_09092,True,False,False,False,False,True,False,0.08,0.07998388915009434,0
CB_IN_2026_07443,True,True,False,False,True,True,False,0.08,0.02,0
CB_IN_2026_03193,True,True,True,False,False,False,True,0.3,0.2926877031058265,0
CB_IN_2026_06009,False,True,True,False,False,False,True,0.85,0.8968481564444929,1
CB_IN_2026_07292,True,False,False,False,True,False,False,0.08,0.13341869163005673,0
CB_IN_2026_06196,True,True,True,False,True,True,True,0.9,0.8607847737050524,1
CB_IN_2026_02187,True,True,True,False,True,False,True,0.92,0.8577568644134812,1
CB_IN_2026_03049,False,True,False,False,True,True,True,0.92,0.807447630870681,1
CB_IN_2026_02627,True,False,True,False,True,True,True,0.88,0.8699800679189492,1
CB_IN_2026_04025,False,True,False,False,True,False,True,0.85,0.9510816278244687,1
CB_IN_2026_07576,True,True,False,False,True,True,True,0.25,0.1984475022743851,0
CB_IN_2026_04330,True,False,True,False,True,True,False,0.08,0.02,0
CB_IN_2026_06151,False,True,True,False,False,False,True,0.3,0.4229176858834871,0
CB_IN_2026_07559,True,True,True,False,False,True,True,0.12,0.2412042932403638,1
CB_IN_2026_07538,True,True,True,False,True,False,True,0.18,0.15798198944468714,0
CB_IN_2026_07034,True,True,True,False,True,False,True,0.3,0.3275849953963359,0
CB_IN_2026_02298,True,True,False,False,True,False,False,0.08,0.12230067230397465,0
CB_IN_2026_02575,True,False,False,False,False,False,False,0.45,0.4053358628213853,0
CB_IN_2026_03171,False,False,True,False,False,True,True,0.45,0.4357386078501027,0
CB_IN_2026_09066,True,True,False,False,True,False,False,0.08,0.1453953664869823,0
CB_IN_2026_03613,True,True,False,False,True,True,False,0.08,0.08060789215410609,0
CB_IN_2026_04822,True,False,True,False,True,False,True,0.1,0.12251508604004271,0
CB_IN_2026_04963,True,False,False,False,True,False,False,0.08,0.09806664389708504,0
CB_IN_2026_03789,True,True,True,False,False,True,True,0.92,0.8640079578071275,1
CB_IN_2026_05941,True,True,True,False,False,True,False,0.08,0.09320108559945801,0
CB_IN_2026_09897,True,True,False,False,True,True,False,0.92,0.934492807944716,1
CB_IN_2026_06281,True,True,True,False,True,True,True,0.9,0.8712888358724492,1
CB_IN_2026_03989,True,True,False,False,True,False,False,0.08,0.13854878106785004,0
CB_IN_2026_03491,True,True,True,False,True,False,True,0.55,0.566168793343037,1
CB_IN_2026_08827,True,True,True,False,True,False,True,0.9,0.7635711441139131,1
CB_IN_2026_08818,False,False,True,False,False,False,True,0.55,0.6231282512536839,1
CB_IN_2026_09986,True,True,True,False,False,False,True,0.85,0.9476637030739495,1
CB_IN_2026_06130,True,True,True,False,True,True,True,0.9,0.8621713939791463,0
CB_IN_2026_05464,False,True,True,False,True,False,True,0.9,0.98,1
CB_IN_2026_08195,False,True,False,False,False,True,True,0.92,0.8552005446691968,0
CB_IN_2026_02261,True,False,True,False,False,False,True,0.1,0.1092131020986468,0
CB_IN_2026_03103,False,False,True,False,False,False,True,0.1,0.02,0
CB_IN_2026_04946,True,False,True,False,False,True,True,0.55,0.435834561475923,0
CB_IN_2026_07907,True,True,False,False,True,True,True,0.85,0.8260894090013876,1
CB_IN_2026_07927,False,True,True,False,True,False,True,0.55,0.6705578758474271,0
CB_IN_2026_02455,True,True,True,False,False,False,True,0.55,0.6914021891628778,1
CB_IN_2026_02835,True,False,True,False,True,False,True,0.92,0.8805945685695084,1
CB_IN_2026_00257,True,False,True,False,True,False,True,0.3,0.17108263555210815,0
CB_IN_2026_05769,False,True,False,False,True,True,False,0.08,0.052543757217777765,0
CB_IN_2026_02396,True,False,True,False,True,False,True,0.92,0.924183019200088,1
CB_IN_2026_04856,True,True,True,False,True,True,True,0.92,0.98,1
CB_IN_2026_08521,False,False,True,False,True,False,True,0.1,0.07927696544512894,0
CB_IN_2026_09520,True,True,False,False,True,True,True,0.75,0.7598898342823582,1
CB_IN_2026_00932,True,False,True,True,False,False,True,0.03,0.02,0
CB_IN_2026_07453,True,True,False,False,True,False,False,0.08,0.08515307757398555,0
CB_IN_2026_03203,True,True,False,False,False,False,False,0.15,0.1948973276924939,0
CB_IN_2026_07748,True,False,True,False,True,True,True,0.55,0.46234541963340064,0
CB_IN_2026_08933,True,True,True,False,True,True,True,0.9,0.98,1
CB_IN_2026_05575,True,False,True,False,True,False,True,0.3,0.3074335979764836,0
CB_IN_2026_03210,True,False,True,False,True,True,True,0.92,0.98,1
CB_IN_2026_02638,True,True,True,False,True,True,True,0.85,0.8498878591289725,1
CB_IN_2026_06332,True,True,True,False,True,True,True,0.9,0.9037639685641696,1
CB_IN_2026_08292,True,True,True,False,True,False,True,0.85,0.6327812222060221,1
CB_IN_2026_02657,True,True,True,False,True,True,True,0.55,0.6439916147991898,0
CB_IN_2026_01470,True,True,True,False,True,False,True,0.55,0.5133462314529789,1
CB_IN_2026_03880,True,True,False,False,True,False,True,0.3,0.1985233934092041,0
CB_IN_2026_04178,True,False,True,False,False,False,True,0.55,0.5277299086468111,0
CB_IN_2026_09148,True,True,False,False,True,True,False,0.08,0.2099639464714862,0
CB_IN_2026_01982,True,True,True,False,True,True,True,0.92,0.8364545888693936,0
CB_IN_2026_09656,True,False,True,False,False,False,True,0.45,0.41230532796950575,1
CB_IN_2026_05712,True,True,True,False,True,False,True,0.55,0.5325605770939293,1
CB_IN_2026_08894,True,False,False,False,True,False,False,0.1,0.060392274511197754,0
CB_IN_2026_00369,True,False,True,True,True,False,True,0.92,0.9260619142557491,1
CB_IN_2026_04171,True,True,False,False,True,True,False,0.08,0.020025068708829065,0
CB_IN_2026_03015,True,True,True,False,True,True,True,0.92,0.9597656011421571,1
CB_IN_2026_07552,True,False,True,False,True,True,True,0.45,0.4401795285218342,0
CB_IN_2026_04203,True,False,True,False,True,True,True,0.9,0.7339336704762865,1
CB_IN_2026_04683,False,False,True,False,False,True,True,0.55,0.5622589519049347,1
CB_IN_2026_07656,True,True,False,False,True,False,False,0.08,0.08416157095825083,0
CB_IN_2026_09168,True,True,True,False,True,True,True,0.55,0.5664832256463385,1
CB_IN_2026_05380,True,False,True,False,True,True,True,0.2,0.24653290078326479,0
CB_IN_2026_06711,True,True,True,False,True,True,True,0.85,0.8308467328889859,0
CB_IN_2026_01845,False,True,True,False,True,False,False,0.08,0.10577452951983214,0
CB_IN_2026_04264,True,True,True,False,True,False,True,0.9,0.8950225738943909,1
CB_IN_2026_09057,True,True,True,False,False,True,True,0.55,0.49124280730164727,0
CB_IN_2026_05768,True,False,False,False,False,False,False,0.3,0.4766794889277622,0
CB_IN_2026_09285,True,False,False,False,False,False,False,0.1,0.1455738386583259,1
CB_IN_2026_08029,True,True,False,False,True,False,False,0.9,0.9165262298954837,1
CB_IN_2026_06480,True,True,True,False,True,True,True,0.85,0.8540129836659291,1
CB_IN_2026_07345,True,False,True,False,False,False,True,0.92,0.98,1
CB_IN_2026_03359,True,True,True,False,True,False,True,0.85,0.8568097632144184,1
CB_IN_2026_01672,True,False,True,False,True,False,True,0.55,0.5949486536967464,1
CB_IN_2026_00193,True,True,True,False,True,False,True,0.75,0.7839955463851411,1
CB_IN_2026_08638,True,False,True,False,True,False,True,0.9,0.9768325490799988,1
CB_IN_2026_01188,True,False,True,False,True,False,False,0.45,0.4356415686464334,0
CB_IN_2026_00598,True,False,True,False,True,False,True,0.25,0.24578230908964474,0
CB_IN_2026_08833,True,False,True,False,True,False,True,0.75,0.7297474034779081,1
CB_IN_2026_08660,True,True,True,False,True,False,True,0.55,0.5908172686751658,0
CB_IN_2026_09513,True,False,True,False,True,False,True,0.3,0.219102025450103,0
CB_IN_2026_06554,True,True,True,False,False,False,True,0.18,0.0675394451743875,0
CB_IN_2026_09494,True,False,False,False,True,False,False,0.45,0.3709138362226211,1
CB_IN_2026_06097,True,True,True,False,True,True,True,0.85,0.9247609247237834,1
CB_IN_2026_07178,True,False,True,False,True,False,True,0.9,0.98,1
CB_IN_2026_04529,True,True,True,False,False,False,True,0.85,0.7477654472564621,1
CB_IN_2026_04582,True,True,False,False,False,True,True,0.85,0.8806862564390187,1
CB_IN_2026_09558,True,True,True,False,True,False,True,0.9,0.98,1
CB_IN_2026_07150,True,False,True,False,True,False,True,0.3,0.15599487875828144,0
CB_IN_2026_03440,True,False,True,False,True,True,False,0.45,0.49777015971282773,1
CB_IN_2026_00126,True,True,True,False,True,False,True,0.3,0.3585699049041481,0
CB_IN_2026_02456,True,True,True,False,True,True,True,0.55,0.5673934381383218,1
CB_IN_2026_09331,False,True,True,False,True,False,True,0.2,0.09973500001620518,0
CB_IN_2026_03290,True,False,False,False,False,True,True,0.92,0.9091638414315718,1
CB_IN_2026_04468,True,True,True,False,True,False,True,0.3,0.2526469749251193,1
CB_IN_2026_00643,True,True,True,False,True,False,True,0.18,0.198214142184039,0
CB_IN_2026_03994,True,False,False,False,True,True,False,0.75,0.6271558806888626,0
CB_IN_2026_03902,True,True,True,False,False,False,True,0.92,0.9457298177186508,1
CB_IN_2026_03437,True,True,True,False,True,False,True,0.9,0.8809238975864547,0
CB_IN_2026_08229,True,True,False,False,True,False,False,0.08,0.02,0
CB_IN_2026_04905,False,False,False,False,True,False,False,0.9,0.98,1
CB_IN_2026_01989,True,False,True,False,False,False,True,0.18,0.11559772106521794,0
CB_IN_2026_09908,True,False,False,False,True,True,True,0.2,0.08511210489103001,0
CB_IN_2026_02248,True,False,False,False,True,False,False,0.08,0.25501017643595264,0
CB_IN_2026_01703,True,True,True,False,True,True,True,0.85,0.98,1
CB_IN_2026_09270,True,False,True,False,True,False,True,0.3,0.3111258683112969,1
CB_IN_2026_02474,True,False,True,False,True,True,True,0.92,0.8301326303100682,1
CB_IN_2026_04428,True,True,True,False,True,False,True,0.3,0.2175446001046591,0
CB_IN_2026_08103,True,True,False,False,True,True,False,0.08,0.15040787204996464,1
CB_IN_2026_04137,False,True,False,False,True,False,False,0.08,0.15142385998164393,1
CB_IN_2026_05026,True,False,False,False,False,False,True,0.1,0.11568741914163687,0
CB_IN_2026_09316,True,True,True,False,True,True,True,0.55,0.5099485311935642,1
CB_IN_2026_00007,True,True,True,False,True,False,True,0.92,0.9120635360602698,1
CB_IN_2026_07227,True,True,True,False,True,False,True,0.9,0.8717607656342373,1
CB_IN_2026_03087,True,True,False,False,False,True,False,0.12,0.1606210712497832,0
CB_IN_2026_02345,False,True,True,False,False,False,True,0.15,0.15700209340636062,1
CB_IN_2026_07929,True,True,False,False,False,False,False,0.75,0.7752832121178937,1
CB_IN_2026_06280,True,False,True,False,True,False,True,0.1,0.1789658278779671,0
CB_IN_2026_03276,False,True,True,False,True,False,True,0.3,0.20706420917053403,0
CB_IN_2026_01969,False,True,True,False,True,False,True,0.9,0.7550159032649454,1
CB_IN_2026_09580,True,True,True,False,True,False,True,0.9,0.9664810560424206,1
CB_IN_2026_09956,True,True,True,False,True,False,True,0.9,0.8997852814350737,1
CB_IN_2026_07734,True,True,True,False,True,False,True,0.92,0.8419980040602524,1
CB_IN_2026_02837,True,False,True,False,False,False,True,0.45,0.510763772554414,1
CB_IN_2026_07446,True,False,False,False,True,True,False,0.08,0.11933744196890375,0
CB_IN_2026_07022,True,True,True,False,True,False,True,0.85,0.8051236535587999,1
CB_IN_2026_07447,True,True,True,False,True,False,True,0.3,0.26042113259529687,0
CB_IN_2026_04104,True,True,False,False,True,True,False,0.9,0.905520795749105,1
CB_IN_2026_06305,True,False,True,False,True,False,True,0.3,0.16528246120741216,0
CB_IN_2026_09984,True,True,True,False,True,False,True,0.85,0.7660159499239698,1
CB_IN_2026_09973,True,True,True,False,False,True,True,0.75,0.7641390355744588,1
CB_IN_2026_00419,True,False,True,False,True,True,True,0.92,0.8924096775946231,1
CB_IN_2026_00543,True,False,True,False,True,False,True,0.9,0.98,1
CB_IN_2026_04479,True,True,False,False,True,False,False,0.08,0.05656518763241565,0
CB_IN_2026_06699,True,True,True,False,True,True,True,0.55,0.44082515588057114,1
CB_IN_2026_00025,True,False,True,False,False,True,True,0.55,0.6515213285316377,1
CB_IN_2026_05574,True,False,True,False,True,False,True,0.55,0.48338279559661756,1
CB_IN_2026_05914,False,False,True,False,True,False,True,0.9,0.8922146566390793,1
CB_IN_2026_04192,True,False,True,False,True,False,True,0.3,0.2542535842641663,0
CB_IN_2026_02999,True,True,True,False,True,False,True,0.55,0.5276313347647256,0
CB_IN_2026_07895,True,False,True,False,True,True,True,0.92,0.98,1
CB_IN_2026_07423,False,True,True,False,False,False,True,0.12,0.03159817665417698,0
CB_IN_2026_05474,True,True,True,False,True,True,True,0.92,0.8048225266791892,1
CB_IN_2026_01163,False,False,True,False,False,False,True,0.1,0.12164133661046161,0
CB_IN_2026_01233,True,False,False,False,True,False,False,0.92,0.9367427545248126,1
CB_IN_2026_04819,True,False,True,False,True,True,True,0.92,0.9321719026484819,1
CB_IN_2026_08688,True,False,True,False,True,True,True,0.1,0.1356930701178433,0
CB_IN_2026_04862,True,True,False,False,True,False,False,0.08,0.1972434866298765,0
CB_IN_2026_08596,True,True,True,False,True,False,True,0.55,0.5429993812937262,0
CB_IN_2026_08997,True,True,True,False,False,False,True,0.55,0.6612918620845804,1
CB_IN_2026_01650,True,True,False,False,False,False,True,0.85,0.9370248062474584,1
CB_IN_2026_06161,True,True,True,False,True,False,True,0.92,0.8332649734089178,1
CB_IN_2026_01465,True,True,True,False,True,False,True,0.55,0.49434331294272005,1
CB_IN_2026_00000,False,False,True,False,True,False,True,0.45,0.4675316195883848,1
CB_IN_2026_09920,False,True,False,False,True,False,True,0.85,0.8329496063779749,1
CB_IN_2026_00661,False,True,False,False,False,True,False,0.08,0.02,0
CB_IN_2026_06785,True,True,True,False,True,True,True,0.92,0.8529886774264657,1
CB_IN_2026_05089,True,True,True,False,False,True,True,0.85,0.8501562752932561,1
CB_IN_2026_02224,True,False,False,False,True,True,True,0.9,0.9180099634505486,1
CB_IN_2026_05203,True,True,False,False,False,True,False,0.08,0.15530193052858798,0
CB_IN_2026_02087,True,True,True,False,True,True,True,0.92,0.8411186902857899,1
CB_IN_2026_06557,True,False,True,False,True,False,True,0.3,0.12068739170913476,0
CB_IN_2026_06521,True,True,True,False,True,True,True,0.9,0.9521220357251209,1
CB_IN_2026_02854,False,True,False,False,False,False,False,0.85,0.8331351336331566,1
CB_IN_2026_06698,True,False,True,False,True,True,True,0.92,0.9237262357079135,1
CB_IN_2026_00186,True,False,True,False,True,False,True,0.9,0.8690725433495596,1
CB_IN_2026_07477,True,False,True,False,True,True,True,0.75,0.6657368156770841,1
CB_IN_2026_00874,True,True,False,False,True,False,True,0.18,0.2185256390767336,0
CB_IN_2026_02295,True,True,True,False,False,False,True,0.2,0.22973443191111498,0
CB_IN_2026_02236,True,True,True,False,True,False,True,0.9,0.8654907465161314,1
CB_IN_2026_07026,True,False,False,False,True,True,True,0.75,0.6099743425090822,0
CB_IN_2026_07218,False,True,True,False,True,False,True,0.05,0.02,0
CB_IN_2026_03287,True,False,True,False,True,True,True,0.1,0.09197990963197972,0
CB_IN_2026_03068,False,False,False,False,True,True,False,0.88,0.8108980341032754,0
CB_IN_2026_04352,True,True,False,False,True,False,False,0.08,0.02,0
CB_IN_2026_05238,False,True,True,True,True,True,True,0.85,0.8480239935101599,1
CB_IN_2026_01961,True,True,True,False,True,False,True,0.9,0.98,1
CB_IN_2026_06677,True,True,True,False,False,False,True,0.85,0.8416371327547927,0
CB_IN_2026_08472,False,False,True,False,True,True,True,0.45,0.5721256054180207,0
CB_IN_2026_01021,True,False,True,False,True,False,True,0.55,0.447789505256865,0
CB_IN_2026_02944,True,True,False,False,True,False,False,0.08,0.06608546568897398,1
CB_IN_2026_06618,True,False,False,False,True,False,False,0.08,0.09841074177310728,0
CB_IN_2026_05793,True,True,True,False,False,False,True,0.15,0.2338908020806489,0
CB_IN_2026_01903,True,True,False,False,True,False,False,0.85,0.8208892646910382,1
CB_IN_2026_02652,True,False,False,False,True,True,False,0.45,0.5103504944413867,1
CB_IN_2026_09846,False,True,True,False,True,False,True,0.55,0.5713227067179634,1
CB_IN_2026_07772,True,True,True,False,True,True,True,0.85,0.8739756135946478,1
CB_IN_2026_01294,True,True,True,False,True,False,True,0.55,0.5393847105102244,1
CB_IN_2026_01159,True,False,False,False,True,False,True,0.92,0.9625390881531778,1
CB_IN_2026_00345,True,False,True,False,False,False,True,0.1,0.09218522997672339,1
CB_IN_2026_01670,True,True,True,False,True,True,True,0.85,0.7968897594188691,1
CB_IN_2026_00166,True,False,True,False,False,False,True,0.1,0.1362771188963613,1
CB_IN_2026_00373,True,False,True,False,True,False,True,0.45,0.3458593361395465,0
CB_IN_2026_06852,True,True,False,False,True,False,True,0.92,0.8773396716343521,0
CB_IN_2026_06670,True,True,True,False,True,False,True,0.3,0.2596609671001315,1
CB_IN_2026_09542,True,True,False,False,True,True,False,0.08,0.16256440556236096,1
CB_IN_2026_09065,True,True,False,False,True,True,True,0.25,0.3098221920598465,0
CB_IN_2026_03375,True,True,False,False,False,True,True,0.92,0.8736156600766645,1
CB_IN_2026_06464,True,False,False,False,True,False,False,0.08,0.08212604342959769,0
CB_IN_2026_03099,True,True,True,False,True,False,True,0.85,0.9198135263096131,1
CB_IN_2026_05974,False,False,True,False,True,False,True,0.9,0.8584961171848353,0
CB_IN_2026_07075,False,True,False,False,True,False,False,0.08,0.02,0
CB_IN_2026_05643,True,False,True,False,False,True,True,0.1,0.0955757000641948,0
CB_IN_2026_02759,True,True,True,False,True,False,True,0.85,0.7909077647432489,1
CB_IN_2026_00539,True,False,True,False,True,False,True,0.45,0.4522813845336955,1
CB_IN_2026_00133,True,False,True,False,True,True,True,0.1,0.11298677159675063,0
CB_IN_2026_08844,True,False,True,False,True,False,True,0.92,0.8756399710157919,0
CB_IN_2026_09357,True,True,True,False,True,True,True,0.75,0.7132694776149975,1
CB_IN_2026_01633,True,False,True,False,True,False,True,0.75,0.7250848960395513,0
CB_IN_2026_08076,True,True,True,False,True,True,False,0.92,0.7584892739037603,1
CB_IN_2026_00360,False,False,True,False,True,False,True,0.75,0.6770540604823484,1
CB_IN_2026_02598,True,True,True,False,True,False,True,0.3,0.31042954658169725,1
CB_IN_2026_09813,True,False,False,False,True,False,False,0.1,0.12076464826603078,1
CB_IN_2026_09367,True,False,False,False,True,True,False,0.08,0.0641955286651574,0
CB_IN_2026_05597,False,True,True,False,False,False,True,0.15,0.06390738046156422,1
CB_IN_2026_09605,True,True,True,False,True,False,True,0.85,0.9029433745829809,1
CB_IN_2026_00991,True,True,True,False,False,True,True,0.92,0.9054554164595724,1
CB_IN_2026_04081,True,False,True,False,False,False,True,0.15,0.06380643229166942,0
CB_IN_2026_05738,True,True,True,False,False,True,True,0.85,0.818991227390606,1
CB_IN_2026_02151,True,False,True,False,True,False,True,0.3,0.3147460997182932,0
CB_IN_2026_08704,True,False,False,False,True,False,False,0.08,0.07542335150042827,0
CB_IN_2026_06905,True,True,True,True,True,True,True,0.9,0.8484186648471391,1
CB_IN_2026_03341,True,False,False,False,True,False,False,0.08,0.0891406917867883,0
CB_IN_2026_02965,True,False,False,False,False,False,False,0.08,0.12088123018204236,0
CB_IN_2026_01991,True,True,False,False,True,False,False,0.08,0.08368986161809724,0
CB_IN_2026_01030,True,True,False,False,True,True,False,0.08,0.08117127988456153,0
CB_IN_2026_04455,True,False,True,False,True,False,True,0.45,0.33193104518275063,0
CB_IN_2026_07661,True,True,False,False,True,True,True,0.85,0.7048726822571544,1
CB_IN_2026_08087,False,True,False,False,True,True,False,0.08,0.032632070955167715,1
CB_IN_2026_01491,True,True,True,False,True,False,True,0.85,0.8361602246627267,0
CB_IN_2026_06694,True,False,True,False,True,False,False,0.9,0.9723960562248278,1
CB_IN_2026_02411,True,True,True,False,True,True,True,0.75,0.8459752693240111,1
CB_IN_2026_07187,True,False,False,False,True,False,False,0.9,0.8561820968513807,1
CB_IN_2026_08379,True,False,True,False,False,True,True,0.92,0.8837828465333734,1
CB_IN_2026_07179,True,False,False,False,True,False,True,0.9,0.98,1
CB_IN_2026_01290,False,True,False,False,True,False,False,0.3,0.3345124472936042,0
CB_IN_2026_04508,True,False,True,False,True,True,True,0.88,0.98,1
CB_IN_2026_04760,True,True,False,False,True,False,True,0.3,0.360045837511919,0
CB_IN_2026_00767,True,True,True,False,True,True,True,0.85,0.8436299370821246,1
CB_IN_2026_00265,True,False,True,False,True,False,True,0.55,0.5720707626118707,1
CB_IN_2026_04691,False,False,True,False,True,False,True,0.55,0.6614859863182571,0
CB_IN_2026_02037,True,True,True,False,True,False,True,0.2,0.21385776603258963,0
CB_IN_2026_03800,False,True,True,False,True,False,True,0.75,0.6963605246875569,1
CB_IN_2026_07275,True,True,False,False,True,False,True,0.85,0.7849169051181165,1
CB_IN_2026_06450,True,True,True,False,True,True,True,0.9,0.8047969167223551,1
CB_IN_2026_01532,True,False,True,False,True,False,True,0.75,0.8833303343572018,1
CB_IN_2026_02514,True,True,True,False,True,False,True,0.9,0.9726748314828215,1
CB_IN_2026_09015,True,False,True,False,False,False,True,0.45,0.4489999841999563,1
CB_IN_2026_01293,True,False,True,False,False,True,True,0.1,0.03794862482464788,0
CB_IN_2026_00580,True,True,True,False,True,False,True,0.85,0.789986234955973,1
CB_IN_2026_02272,True,False,True,False,False,False,True,0.18,0.22451972315454966,0
CB_IN_2026_06351,True,True,True,False,False,False,True,0.1,0.03749470430900499,0
CB_IN_2026_00254,False,True,True,False,True,True,True,0.88,0.7654437585013671,0
CB_IN_2026_02968,False,False,True,False,False,False,True,0.05,0.05792880869285884,0
CB_IN_2026_07451,True,True,False,False,True,True,False,0.08,0.20564940093246847,1
CB_IN_2026_03728,True,True,False,False,False,True,False,0.08,0.12629551329781402,0
CB_IN_2026_08560,True,True,True,False,True,False,True,0.9,0.98,1
CB_IN_2026_03986,True,False,False,False,False,True,False,0.08,0.02,0
CB_IN_2026_03027,True,True,False,False,True,False,False,0.08,0.10152798170483243,0
CB_IN_2026_05253,True,True,True,False,True,False,True,0.9,0.8639048332232793,0
CB_IN_2026_03194,True,True,True,False,True,False,True,0.3,0.18660820899601577,0
CB_IN_2026_04162,True,False,False,False,True,True,True,0.9,0.851539828002572,1
CB_IN_2026_08139,True,True,True,False,True,False,True,0.75,0.727725630822155,1
CB_IN_2026_00638,True,False,True,False,True,True,True,0.9,0.9190920370183995,1
CB_IN_2026_04068,True,False,True,False,True,True,True,0.9,0.9180627793257095,1
CB_IN_2026_09682,True,True,True,False,True,False,True,0.92,0.8819838844667205,1
CB_IN_2026_03101,True,False,True,False,True,False,True,0.45,0.3376850403289453,0
CB_IN_2026_00564,True,True,True,False,True,False,True,0.55,0.4491624899711134,1
CB_IN_2026_03609,True,False,True,False,True,False,True,0.45,0.564103915586502,0
CB_IN_2026_00413,True,True,True,False,True,True,True,0.85,0.9155725531770752,1
CB_IN_2026_06495,True,True,True,False,True,False,True,0.85,0.8707575045392589,1
CB_IN_2026_06735,True,False,True,False,True,True,True,0.88,0.8215839657322667,1
CB_IN_2026_06676,True,True,True,False,True,True,True,0.92,0.8749328531446715,1
CB_IN_2026_05419,True,True,True,False,True,False,True,0.85,0.7670172294782674,0
CB_IN_2026_00568,True,True,True,False,True,False,True,0.18,0.19378268350485423,0
CB_IN_2026_07528,True,True,True,False,False,False,True,0.75,0.7117842814490836,1
CB_IN_2026_01380,True,True,True,False,True,True,True,0.85,0.7665453971098797,1
CB_IN_2026_00279,True,True,True,False,False,False,True,0.85,0.8246940807641571,1
CB_IN_2026_06514,True,True,False,False,True,True,True,0.75,0.8168143155343623,1
CB_IN_2026_08251,True,False,False,False,True,False,False,0.08,0.14696888230746452,0
CB_IN_2026_03237,True,True,True,False,True,False,True,0.92,0.9531446338040037,1
CB_IN_2026_02850,True,True,True,True,False,False,True,0.03,0.020575153592372553,0
CB_IN_2026_09779,True,True,True,False,True,True,True,0.92,0.98,1
CB_IN_2026_02307,False,False,False,False,True,False,True,0.18,0.15893533383668523,0
CB_IN_2026_03702,True,False,True,False,True,False,True,0.9,0.7955459227708281,1
CB_IN_2026_08272,False,True,True,False,False,False,True,0.05,0.13373658020738055,0
CB_IN_2026_08850,True,True,True,False,True,False,True,0.9,0.845601561340792,1
CB_IN_2026_02347,True,False,True,False,True,True,True,0.9,0.8403461753866716,0
CB_IN_2026_00092,True,True,True,False,True,True,True,0.85,0.8684007540839874,1
CB_IN_2026_08693,True,True,True,False,True,False,True,0.3,0.2971385436324818,0
CB_IN_2026_08577,True,True,False,False,False,True,False,0.85,0.9190015178752402,1
CB_IN_2026_02297,True,True,True,False,True,False,True,0.3,0.34879809663411687,0
CB_IN_2026_04275,True,True,True,False,True,False,False,0.08,0.0984932830868399,0
CB_IN_2026_03540,True,True,True,False,False,True,True,0.85,0.8079941388357632,1
CB_IN_2026_01066,True,True,False,False,True,False,False,0.08,0.060389361997648855,0
CB_IN_2026_08325,True,False,True,False,True,False,True,0.45,0.5487452755893208,0
CB_IN_2026_09354,True,True,False,False,True,True,False,0.9,0.9615688048883024,1
CB_IN_2026_09224,True,True,True,False,True,False,True,0.85,0.7793650218000845,0
CB_IN_2026_02259,True,False,True,False,False,False,True,0.15,0.026530010561787484,0
CB_IN_2026_02245,True,True,True,False,False,False,True,0.55,0.45491060704417635,0
CB_IN_2026_06692,True,True,True,False,False,False,True,0.15,0.08304252444809244,0
CB_IN_2026_07802,True,False,False,False,True,True,False,0.08,0.09434520967772647,0
CB_IN_2026_02084,True,True,False,True,True,False,False,0.03,0.035810718110992845,0
CB_IN_2026_05977,True,False,True,False,True,False,True,0.9,0.8636446372065336,1
CB_IN_2026_02065,True,True,True,False,True,True,True,0.85,0.98,1
CB_IN_2026_04574,True,True,True,False,True,False,True,0.85,0.674544731359493,1
CB_IN_2026_02203,True,True,True,False,False,False,True,0.1,0.11654441513831706,0
CB_IN_2026_05620,True,True,True,False,True,False,True,0.85,0.98,1
CB_IN_2026_08655,True,False,True,False,True,False,True,0.92,0.98,1
CB_IN_2026_07215,True,True,True,False,True,False,True,0.85,0.8301387385201621,1
CB_IN_2026_03995,True,True,True,False,True,False,True,0.85,0.8412009491981013,1
CB_IN_2026_08689,True,True,False,False,False,True,True,0.85,0.7331457591035657,0
CB_IN_2026_06568,True,True,True,False,True,True,True,0.9,0.85833198177264,1
CB_IN_2026_05611,True,True,False,True,True,True,False,0.9,0.9299059350721488,1
CB_IN_2026_02739,True,False,True,False,True,False,True,0.9,0.8789816999271013,1
CB_IN_2026_01562,True,False,True,False,True,False,True,0.2,0.25550783636555596,1
CB_IN_2026_07668,True,False,True,False,True,True,True,0.92,0.9174202950393163,1
CB_IN_2026_05975,True,True,True,False,True,False,True,0.75,0.8446605291473527,1
CB_IN_2026_09639,True,True,False,False,True,False,False,0.08,0.02,0
CB_IN_2026_02664,True,False,True,True,False,False,True,0.1,0.02,0
CB_IN_2026_07055,True,True,False,False,False,False,False,0.08,0.14356740708581545,1
CB_IN_2026_00795,True,False,True,False,True,False,True,0.1,0.1186324844778309,0
CB_IN_2026_01734,True,True,True,False,True,False,True,0.85,0.7996735746709857,1
CB_IN_2026_03890,True,True,True,False,False,True,True,0.1,0.076732760713042,0
CB_IN_2026_09325,True,False,False,False,True,False,False,0.18,0.17246584253213063,0
CB_IN_2026_04148,True,False,True,False,True,False,False,0.08,0.04421241434880388,0
CB_IN_2026_05394,True,True,True,False,True,False,True,0.18,0.10752400534261136,1
CB_IN_2026_05155,True,True,True,False,True,True,True,0.92,0.8526264307877836,1
CB_IN_2026_06385,True,True,False,False,True,False,False,0.08,0.0618970821423505,0
CB_IN_2026_08085,True,True,True,False,True,False,True,0.85,0.7378625458319623,0
CB_IN_2026_00871,True,False,True,False,False,False,True,0.92,0.9571626367497156,1
CB_IN_2026_00059,True,True,True,False,True,False,True,0.85,0.8146114413219656,1
CB_IN_2026_01783,True,True,True,False,True,False,True,0.9,0.8662354651928246,1
CB_IN_2026_02183,True,False,True,False,True,False,True,0.1,0.16855101778593193,0
CB_IN_2026_05887,True,False,True,False,False,True,True,0.1,0.11548845173595183,0
CB_IN_2026_07382,True,True,True,False,True,True,True,0.03,0.02,0
CB_IN_2026_08439,True,True,True,False,True,True,True,0.9,0.98,1
CB_IN_2026_03825,True,True,True,False,True,True,True,0.55,0.7011345201944097,1
CB_IN_2026_08467,True,False,False,False,True,False,False,0.08,0.11543472537409336,0
CB_IN_2026_08917,True,False,True,False,True,False,True,0.9,0.8141252165360999,1
CB_IN_2026_01719,True,True,True,False,True,False,True,0.85,0.7620169547453826,0
CB_IN_2026_05628,True,False,False,False,True,False,False,0.2,0.20910874459829365,0
CB_IN_2026_03381,True,True,True,False,True,False,False,0.08,0.02,0
CB_IN_2026_02710,False,False,False,False,True,True,False,0.08,0.1899891886922436,0
CB_IN_2026_05522,True,True,True,True,True,False,True,0.85,0.9692709969177051,1
CB_IN_2026_02548,True,True,True,False,True,True,True,0.92,0.8404052499631068,1
CB_IN_2026_03691,True,False,True,False,True,False,True,0.55,0.6649697927417361,1
CB_IN_2026_02610,True,False,True,False,True,False,True,0.25,0.3094574295002587,0
CB_IN_2026_00112,True,True,True,False,True,False,True,0.9,0.8830742211495483,1
CB_IN_2026_02574,True,True,False,False,True,True,True,0.92,0.98,1
CB_IN_2026_09474,True,False,True,False,True,False,True,0.1,0.0575376214905269,0
CB_IN_2026_02229,True,False,True,False,True,True,True,0.55,0.66659641349965,0
CB_IN_2026_05122,True,False,False,False,True,True,False,0.92,0.98,1
CB_IN_2026_06602,True,False,True,False,True,False,True,0.92,0.835150852144908,1
CB_IN_2026_07797,True,False,True,False,False,False,True,0.92,0.98,1
CB_IN_2026_00460,True,True,True,False,True,False,True,0.3,0.2998824822602702,0
CB_IN_2026_02688,True,False,False,False,True,True,True,0.92,0.9425997502226937,1
CB_IN_2026_01957,True,False,False,False,False,True,False,0.88,0.7452300057647233,1
CB_IN_2026_03841,True,True,True,False,True,False,True,0.3,0.2842575888149681,0
CB_IN_2026_05786,False,False,True,False,False,False,False,0.08,0.045940249239096585,1
CB_IN_2026_00223,True,False,False,False,True,True,False,0.08,0.07816790755402753,0
CB_IN_2026_03810,True,True,True,False,True,True,True,0.9,0.9000283528874568,1
CB_IN_2026_01604,True,False,True,False,True,True,True,0.45,0.5377368377934199,1
CB_IN_2026_06667,True,True,False,False,True,False,True,0.75,0.7233665437567421,1
CB_IN_2026_06704,True,True,True,False,True,False,True,0.9,0.9178497786342225,1
CB_IN_2026_08057,False,False,True,False,True,False,True,0.45,0.46125076283604144,0
CB_IN_2026_09363,True,True,True,False,True,False,True,0.92,0.98,1
CB_IN_2026_04452,True,False,True,False,True,False,True,0.1,0.09426401528937428,0
CB_IN_2026_07630,True,True,True,False,True,False,True,0.9,0.9454059122154158,1
CB_IN_2026_00812,True,True,True,False,True,False,True,0.55,0.5925398723465977,1
CB_IN_2026_04396,True,True,True,False,True,True,True,0.88,0.8824518883916181,1
CB_IN_2026_03966,True,True,True,False,False,True,True,0.12,0.12810374337660854,0
CB_IN_2026_06441,True,True,False,False,True,True,False,0.08,0.1762578731079625,1
CB_IN_2026_05159,False,False,False,False,True,True,False,0.1,0.023504395715750998,0
CB_IN_2026_04478,True,True,False,False,True,False,True,0.25,0.27723583393235013,0
CB_IN_2026_07732,True,True,True,False,True,False,True,0.55,0.5566673620722623,0
CB_IN_2026_00332,True,True,False,False,True,False,False,0.08,0.02,0
CB_IN_2026_07413,True,False,True,False,True,False,True,0.25,0.21018289654192635,0
CB_IN_2026_09714,True,False,False,False,True,False,True,0.1,0.04105418209109277,0
CB_IN_2026_07560,True,True,True,False,True,True,True,0.92,0.8581368705547068,1
CB_IN_2026_03435,True,False,True,False,False,False,True,0.18,0.12023818181786766,0
CB_IN_2026_07513,False,True,True,False,True,False,True,0.3,0.29368149784631076,0
CB_IN_2026_07336,True,False,False,False,True,False,False,0.08,0.10298131557084883,0
CB_IN_2026_07358,True,False,True,False,False,False,True,0.15,0.18760403054502964,1
CB_IN_2026_07300,True,False,True,False,True,True,True,0.1,0.02,0
CB_IN_2026_07510,True,True,True,False,True,True,True,0.55,0.5417494213462686,0
CB_IN_2026_03192,True,False,False,False,False,False,False,0.08,0.025255134197668984,0
CB_IN_2026_03326,True,False,True,False,False,True,True,0.92,0.9135333285723838,1
CB_IN_2026_03705,False,True,True,False,True,True,True,0.55,0.5980240668492613,0
CB_IN_2026_08863,True,False,True,False,True,True,True,0.55,0.49811197809969643,0
CB_IN_2026_03744,True,True,True,False,True,False,True,0.55,0.5640119639317648,0
CB_IN_2026_07987,True,True,True,False,True,False,True,0.75,0.7584079772314083,1
CB_IN_2026_07970,True,True,True,False,False,True,True,0.55,0.6124350350396616,1
CB_IN_2026_09242,True,True,True,False,True,True,True,0.92,0.98,1
CB_IN_2026_02128,True,True,True,False,False,False,True,0.92,0.8819909374645135,1
CB_IN_2026_08174,True,False,True,False,True,False,True,0.2,0.13255242093244612,0
CB_IN_2026_03857,True,True,True,False,True,True,True,0.75,0.7940593978178855,1
CB_IN_2026_03648,True,True,True,False,True,False,True,0.3,0.38357436942312967,0
CB_IN_2026_04740,True,False,True,False,True,True,True,0.75,0.8049443052384613,1
CB_IN_2026_02044,True,True,False,False,True,True,False,0.9,0.98,1
CB_IN_2026_02722,False,True,True,False,True,False,True,0.75,0.8233189009243449,1
CB_IN_2026_01338,True,True,True,False,True,False,True,0.2,0.19317096111669396,0
CB_IN_2026_02453,True,True,True,False,False,False,True,0.15,0.2376888230941398,0
CB_IN_2026_01662,True,True,True,False,True,False,True,0.92,0.9360308357934282,1
CB_IN_2026_02754,True,True,True,False,True,False,True,0.92,0.98,1
CB_IN_2026_01073,True,False,True,False,True,False,True,0.55,0.45727659768216616,1
CB_IN_2026_06220,True,True,True,False,True,True,True,0.75,0.6818931468210359,0
CB_IN_2026_08225,False,False,True,False,False,True,True,0.92,0.98,1
CB_IN_2026_05156,False,False,True,False,True,False,True,0.55,0.585230750546467,1
CB_IN_2026_09552,True,True,False,False,False,False,True,0.2,0.2251529767892031,0
CB_IN_2026_09988,True,True,False,False,True,True,False,0.08,0.06905840709548017,0
CB_IN_2026_08919,False,True,True,False,True,False,True,0.9,0.8914062315798693,1
CB_IN_2026_09099,True,True,True,False,True,False,True,0.92,0.9784213094264843,1
CB_IN_2026_04244,True,False,True,False,True,False,True,0.9,0.9658315005614412,1
CB_IN_2026_06246,True,True,False,False,True,True,False,0.85,0.8051769292964321,1
CB_IN_2026_02429,True,False,True,False,False,False,True,0.92,0.9432590910526343,1
CB_IN_2026_05134,True,True,True,False,True,False,True,0.9,0.7603834475900583,1
CB_IN_2026_08187,True,True,True,False,True,False,True,0.9,0.9092394988462782,1
CB_IN_2026_07340,True,False,True,False,True,False,True,0.9,0.9301519192031288,1
CB_IN_2026_01788,False,True,True,False,True,False,True,0.85,0.8389033574236449,1
CB_IN_2026_04204,True,True,True,False,True,True,True,0.9,0.8817535749896301,0
CB_IN_2026_04588,True,True,True,False,False,False,True,0.3,0.2187723624059472,0
CB_IN_2026_06753,True,False,False,False,True,False,True,0.1,0.02073224430421318,0
CB_IN_2026_00300,True,True,True,False,False,False,True,0.18,0.07665053763825334,0
CB_IN_2026_04844,True,False,True,False,True,True,True,0.9,0.98,1
CB_IN_2026_08382,True,False,True,False,True,True,True,0.9,0.9745797879175497,1
CB_IN_2026_06738,True,True,True,False,True,False,True,0.9,0.8941859006329665,1
CB_IN_2026_06949,True,True,True,False,True,False,True,0.85,0.9656826137891861,1
CB_IN_2026_08906,True,False,False,False,True,False,False,0.9,0.9184355272158504,1
CB_IN_2026_01920,True,True,False,False,True,False,True,0.9,0.9695193699582599,1
CB_IN_2026_04665,True,True,False,False,True,True,True,0.92,0.98,1
CB_IN_2026_05686,False,False,True,False,False,False,True,0.18,0.1338409619660192,0
CB_IN_2026_02101,True,True,False,False,True,True,False,0.08,0.096014365949517,1
CB_IN_2026_09927,True,True,True,False,False,False,True,0.55,0.5459315441945695,0
CB_IN_2026_00867,True,True,True,False,False,False,True,0.1,0.12448069768851601,1
CB_IN_2026_06637,True,True,False,False,False,False,False,0.08,0.13580120931403689,0
CB_IN_2026_01454,True,True,True,False,True,False,True,0.9,0.9251968357905939,1
CB_IN_2026_00401,True,True,True,False,False,False,False,0.08,0.02814977137341087,0
CB_IN_2026_06582,True,True,True,False,True,False,True,0.92,0.9508738106524098,1
CB_IN_2026_06239,True,True,True,False,True,True,True,0.9,0.8758441021221334,1
CB_IN_2026_04261,True,False,True,False,True,True,True,0.9,0.8585578662874574,1
CB_IN_2026_07191,False,True,True,False,True,False,True,0.9,0.98,1
CB_IN_2026_03950,True,True,True,False,True,True,True,0.9,0.9722823753483792,1
CB_IN_2026_09299,False,True,True,False,False,False,True,0.15,0.18497347357757465,1
CB_IN_2026_01484,True,True,False,False,True,False,False,0.08,0.11336644655159925,0
CB_IN_2026_06853,True,True,False,False,False,True,False,0.88,0.85504197036425,0
CB_IN_2026_06509,True,True,False,False,True,False,False,0.08,0.042819250002596204,0
CB_IN_2026_02601,True,True,True,False,True,True,True,0.85,0.8638164441957715,1
CB_IN_2026_07314,True,False,True,False,True,False,True,0.3,0.4406003470445087,1
CB_IN_2026_01530,True,True,True,False,True,False,True,0.9,0.8904394717109364,1
CB_IN_2026_01127,True,True,True,False,True,True,True,0.85,0.8737776794946882,1
CB_IN_2026_00124,True,False,True,False,False,False,True,0.55,0.60381246587262,0
CB_IN_2026_02519,True,False,True,False,False,False,True,0.92,0.9016105527342376,1
CB_IN_2026_08016,True,True,True,False,True,True,True,0.92,0.8427419600918993,1
CB_IN_2026_05937,True,True,True,False,True,True,True,0.55,0.5955777481705811,1
CB_IN_2026_07351,True,False,False,False,True,False,True,0.9,0.8891764840003419,1
CB_IN_2026_07165,True,False,True,False,False,False,True,0.12,0.2233528280606803,0
CB_IN_2026_03663,True,True,True,False,False,False,True,0.92,0.98,1
CB_IN_2026_07060,True,True,False,False,False,False,False,0.08,0.02,0
CB_IN_2026_05512,False,True,True,False,True,False,True,0.2,0.28871810622921656,0
CB_IN_2026_08826,True,False,True,False,True,False,True,0.9,0.8860228449197235,1
CB_IN_2026_03429,False,True,True,False,True,False,True,0.85,0.7232609794060492,0
CB_IN_2026_09823,True,True,True,False,True,True,True,0.92,0.98,1
CB_IN_2026_09987,True,False,True,False,True,False,True,0.9,0.8381812118896149,1
CB_IN_2026_06575,True,False,True,False,True,False,True,0.9,0.8884926307305099,1
CB_IN_2026_07395,True,True,True,True,True,True,True,0.9,0.8705503820202144,1
CB_IN_2026_06603,True,True,True,False,False,False,True,0.12,0.08612992041789727,0
CB_IN_2026_09574,True,False,True,False,False,False,True,0.1,0.10724556429934921,0
CB_IN_2026_06146,True,False,True,False,True,False,True,0.9,0.8604715372769146,1
CB_IN_2026_04293,True,True,False,False,True,False,False,0.08,0.02,0
CB_IN_2026_05012,False,True,True,False,True,True,True,0.9,0.7932569718486246,1
CB_IN_2026_06010,False,True,False,False,True,False,False,0.08,0.0511692268693022,0
CB_IN_2026_01659,True,True,False,True,True,False,False,0.85,0.7973494907283423,1
CB_IN_2026_02705,True,True,False,False,False,True,True,0.75,0.7820349703308,1
CB_IN_2026_07890,True,True,True,False,True,False,True,0.85,0.7838345136612421,1
CB_IN_2026_09455,True,False,False,False,False,True,False,0.08,0.07005157709072465,0
CB_IN_2026_09450,True,False,True,False,True,False,True,0.1,0.08349681190310652,0
CB_IN_2026_00803,True,False,True,False,True,False,True,0.18,0.2726616484417337,0
CB_IN_2026_09078,False,False,True,False,True,False,True,0.55,0.6159762146369336,1
CB_IN_2026_09332,True,True,True,False,True,False,True,0.3,0.3129085032351447,1
CB_IN_2026_06394,True,False,False,False,True,False,False,0.1,0.0677985628718973,1
CB_IN_2026_00872,True,True,False,False,True,True,False,0.92,0.9589392975367539,1
CB_IN_2026_00914,True,True,True,False,True,False,True,0.75,0.8025917392708732,1
CB_IN_2026_00920,True,False,False,False,True,False,True,0.9,0.9605272886012759,1
CB_IN_2026_06221,True,False,True,False,False,False,True,0.1,0.11410793745227242,0
CB_IN_2026_08385,True,True,True,False,True,False,True,0.9,0.9689252127967911,1
CB_IN_2026_08394,True,False,True,False,True,True,False,0.08,0.050960784615646265,0
CB_IN_2026_01593,True,True,True,False,True,False,True,0.85,0.9578228779144254,1
CB_IN_2026_04183,False,False,True,False,True,True,True,0.1,0.07731403621526499,0
CB_IN_2026_06485,True,False,True,False,False,False,True,0.92,0.8479204261185911,1
CB_IN_2026_05700,True,True,True,False,True,False,True,0.85,0.7797548746866816,0
CB_IN_2026_03155,False,True,True,False,True,False,True,0.55,0.5553196743291464,0
CB_IN_2026_08774,True,True,True,False,True,True,True,0.85,0.9280084423782469,1
CB_IN_2026_09727,True,True,False,False,True,False,False,0.08,0.10133530750713544,0
CB_IN_2026_04122,True,True,True,False,True,False,True,0.92,0.8331941177792671,1
CB_IN_2026_04120,True,False,True,False,True,False,True,0.92,0.8552647466382484,0
CB_IN_2026_03659,True,False,False,False,False,False,False,0.08,0.1492523505248472,0
CB_IN_2026_07940,True,True,False,False,True,False,False,0.92,0.883890641538853,1
CB_IN_2026_07532,True,False,True,False,True,False,True,0.45,0.43355296317215747,1
CB_IN_2026_04111,True,True,False,False,False,False,False,0.92,0.9270291732510315,1
CB_IN_2026_06539,True,True,True,False,True,False,True,0.9,0.8026227131593362,1
CB_IN_2026_05249,True,True,False,False,True,False,False,0.08,0.31685516388117924,0
CB_IN_2026_02531,True,False,True,True,True,False,True,0.92,0.98,1
CB_IN_2026_02692,True,True,True,False,False,False,True,0.3,0.2687784139808089,0
CB_IN_2026_07015,True,False,True,False,True,False,True,0.9,0.8016374949022651,1
CB_IN_2026_00848,True,True,False,False,True,True,False,0.88,0.771580488726352,1
CB_IN_2026_09948,False,True,False,False,True,False,True,0.3,0.34265788357911664,0
CB_IN_2026_06768,True,False,True,False,True,False,True,0.9,0.98,1
CB_IN_2026_05852,True,False,False,False,True,True,False,0.08,0.12845091301959494,0
CB_IN_2026_07296,True,True,True,False,False,True,True,0.2,0.24714140868291548,1
CB_IN_2026_09903,True,False,True,False,True,False,True,0.55,0.5133361599019435,1
CB_IN_2026_09428,True,False,True,False,True,False,True,0.1,0.0770709499110793,0
CB_IN_2026_00036,False,True,True,False,True,True,True,0.75,0.7454328358902635,1
CB_IN_2026_04240,True,False,True,False,True,True,True,0.9,0.872239683128347,0
CB_IN_2026_06909,True,True,True,False,False,True,True,0.55,0.587335748313677,0
CB_IN_2026_08730,False,False,True,False,True,False,True,0.9,0.8374650959492247,1
CB_IN_2026_08683,True,True,False,False,True,True,False,0.08,0.048990922052419464,0
CB_IN_2026_03406,True,True,False,False,False,False,True,0.92,0.9452100775757005,1
CB_IN_2026_04136,True,True,True,False,False,False,True,0.85,0.8219257008237437,1
CB_IN_2026_07713,True,True,True,False,True,True,True,0.92,0.98,0
CB_IN_2026_00015,True,True,False,False,True,False,False,0.08,0.08650845408695207,0
CB_IN_2026_02148,True,False,True,False,True,False,True,0.55,0.636353423757479,0
CB_IN_2026_04682,True,True,True,False,False,True,True,0.1,0.06521523031634467,0
CB_IN_2026_05627,True,True,True,False,True,False,True,0.75,0.7300305377922073,1
CB_IN_2026_05925,True,True,False,False,True,False,False,0.75,0.8160393778806003,1
CB_IN_2026_09291,True,False,True,False,False,True,True,0.12,0.1271164694152766,0
CB_IN_2026_09943,False,True,True,False,True,False,True,0.9,0.8675441222496989,1
CB_IN_2026_09135,False,False,True,False,True,True,True,0.05,0.08535106958700794,0
CB_IN_2026_01527,True,False,False,False,True,True,True,0.9,0.8184968815590236,1
CB_IN_2026_06944,True,True,True,False,True,True,True,0.55,0.6015151536010175,0
CB_IN_2026_01515,True,True,False,False,False,False,False,0.92,0.9135109777836493,1
CB_IN_2026_00919,True,True,False,False,True,False,False,0.08,0.13083054194255023,0
CB_IN_2026_07425,True,True,False,False,True,False,False,0.08,0.04901685786439261,0
CB_IN_2026_03209,True,False,True,False,True,False,True,0.75,0.7823197701975872,1
CB_IN_2026_05900,True,True,True,False,False,False,True,0.85,0.8196154221656126,1
CB_IN_2026_01057,True,True,True,False,True,False,True,0.18,0.1940485875309927,0
CB_IN_2026_05698,True,True,True,False,False,True,True,0.92,0.9434045447481042,1
CB_IN_2026_08734,True,True,True,False,False,False,True,0.3,0.370307785733584,0
CB_IN_2026_06544,True,True,True,False,True,True,True,0.92,0.8313613085887335,1
CB_IN_2026_00216,True,True,True,False,True,False,True,0.92,0.8201112021452736,1
CB_IN_2026_07626,True,False,True,False,True,True,True,0.92,0.8897368762458201,1
CB_IN_2026_09681,True,False,True,False,True,False,True,0.55,0.6333875853241159,0
CB_IN_2026_02901,True,True,True,True,True,False,True,0.03,0.02,0
CB_IN_2026_05328,True,False,True,False,True,False,True,0.9,0.9039781101841633,1
CB_IN_2026_07706,False,True,True,False,True,False,True,0.9,0.8257537809770981,1
CB_IN_2026_09839,True,True,True,False,True,False,True,0.75,0.7140506438965188,0
CB_IN_2026_07717,True,True,True,False,True,True,True,0.85,0.9209411170817202,1
CB_IN_2026_02804,False,True,True,False,True,False,True,0.9,0.7085832692204056,1
CB_IN_2026_01629,False,False,True,False,True,True,True,0.45,0.46187106862260446,0
CB_IN_2026_02401,True,True,True,False,True,True,True,0.92,0.7652997702478911,1
CB_IN_2026_04778,True,True,False,False,True,False,True,0.85,0.9083623712531075,1
CB_IN_2026_09502,True,True,True,False,True,True,True,0.92,0.9490678448206665,1
CB_IN_2026_05819,True,False,False,False,False,False,False,0.08,0.02,0
CB_IN_2026_00584,True,False,True,False,True,True,True,0.92,0.8791086115464948,0
CB_IN_2026_02462,True,True,True,False,True,True,True,0.9,0.8221088055367723,1
CB_IN_2026_03156,True,True,False,False,True,False,False,0.08,0.05662465621578418,0
CB_IN_2026_04033,True,True,False,False,True,False,False,0.08,0.09945069323503011,0
CB_IN_2026_02499,False,False,False,False,False,False,False,0.15,0.21208404087280378,0
CB_IN_2026_09812,True,True,True,False,True,True,True,0.2,0.19458744338878295,0
CB_IN_2026_04962,True,False,True,False,True,False,True,0.2,0.13029874564390675,0
CB_IN_2026_01138,True,True,False,True,True,False,False,0.92,0.98,1
CB_IN_2026_09788,True,True,True,False,True,False,True,0.75,0.7715973277659353,1
CB_IN_2026_09244,True,True,True,False,True,False,True,0.9,0.7605529687787727,1
CB_IN_2026_05817,True,True,True,False,True,True,True,0.88,0.9228682041206997,1
CB_IN_2026_09199,False,False,True,False,True,False,True,0.55,0.5639486690791351,0
CB_IN_2026_00946,True,False,True,False,True,False,True,0.55,0.6081915991819201,1
CB_IN_2026_00581,True,False,True,False,True,False,True,0.9,0.957459523740046,1
CB_IN_2026_05400,False,True,False,False,False,False,True,0.05,0.11282595833293958,0
CB_IN_2026_05441,True,True,False,False,False,False,False,0.08,0.14385431514023556,0
CB_IN_2026_03834,True,True,True,False,True,False,True,0.85,0.8305612639308393,1
CB_IN_2026_03701,True,True,False,False,True,False,True,0.9,0.98,1
CB_IN_2026_03548,True,False,False,False,True,False,True,0.75,0.8647763658152046,1
CB_IN_2026_04092,True,False,True,False,True,False,True,0.1,0.24477827036269095,1
CB_IN_2026_01409,True,False,True,False,True,False,True,0.1,0.21444609042599289,1
CB_IN_2026_06624,True,True,True,False,True,False,True,0.3,0.19573737043131403,0
CB_IN_2026_03895,True,False,True,False,False,False,True,0.92,0.8980397432731205,0
CB_IN_2026_04774,False,False,True,False,False,False,True,0.15,0.19165383247386863,0
CB_IN_2026_06064,True,False,False,False,True,False,False,0.08,0.16590549282788997,0
CB_IN_2026_03478,True,True,True,False,True,False,True,0.85,0.78078992346265,1
CB_IN_2026_07739,True,False,True,False,True,False,True,0.45,0.43976379816118816,1
CB_IN_2026_04483,True,False,False,False,True,True,True,0.1,0.12010006034279824,1
CB_IN_2026_06093,True,True,True,False,True,True,True,0.85,0.8645869721337983,1
CB_IN_2026_02755,True,True,True,False,False,True,True,0.15,0.10308304994625342,0
CB_IN_2026_06742,True,False,True,False,True,False,True,0.9,0.9287652691821582,1
CB_IN_2026_03964,False,False,True,False,False,False,True,0.1,0.02,0
CB_IN_2026_01648,True,True,False,False,True,False,False,0.08,0.1477778580061575,0
CB_IN_2026_06084,True,True,True,False,False,False,True,0.1,0.0475630303920263,0
CB_IN_2026_06580,True,False,True,False,True,True,True,0.92,0.9666085751088092,1
CB_IN_2026_06123,True,False,True,False,True,True,True,0.1,0.02,0
CB_IN_2026_03821,True,True,False,False,True,False,False,0.08,0.04952187464446091,1
CB_IN_2026_06044,True,True,False,False,True,False,False,0.85,0.8819119341959443,1
CB_IN_2026_04568,True,True,True,False,True,True,True,0.9,0.9547501912048277,1
CB_IN_2026_03815,True,False,True,False,False,False,True,0.55,0.47296008926287025,0
CB_IN_2026_06550,True,True,True,False,False,True,True,0.55,0.546646485227204,0
CB_IN_2026_02382,True,True,True,False,True,False,True,0.3,0.26344104887858616,1
CB_IN_2026_08296,True,False,True,False,True,False,True,0.55,0.585048861413976,1
CB_IN_2026_01557,True,True,True,False,True,False,True,0.9,0.9240338843771281,1
CB_IN_2026_08253,True,False,True,False,True,False,True,0.1,0.16878678373555334,1
CB_IN_2026_02566,True,True,True,False,True,False,True,0.9,0.7832160733410325,0
CB_IN_2026_03093,True,True,False,False,True,False,True,0.25,0.2327745932701532,0
CB_IN_2026_01849,True,True,True,False,False,True,True,0.12,0.057962699470099195,1
CB_IN_2026_06821,True,True,True,False,True,False,True,0.3,0.39333334821646515,0
CB_IN_2026_00968,True,True,False,False,False,True,True,0.92,0.9443376441591703,1
CB_IN_2026_02565,True,True,True,False,True,False,True,0.9,0.9141643592703532,1
CB_IN_2026_03556,True,True,False,False,True,False,False,0.08,0.23860786324334088,0
CB_IN_2026_01869,True,False,False,False,True,False,True,0.92,0.98,1
CB_IN_2026_02653,False,True,True,False,True,False,True,0.85,0.8676060705036388,1
CB_IN_2026_02672,True,False,True,False,True,False,True,0.3,0.2746841611226079,0
CB_IN_2026_06501,True,False,True,False,True,False,True,0.9,0.7599677685158881,0
CB_IN_2026_04323,False,False,True,False,True,True,True,0.92,0.8643935656491216,1
CB_IN_2026_04285,False,True,True,False,True,True,True,0.05,0.030479341457718544,1
CB_IN_2026_04269,True,False,True,False,False,True,True,0.45,0.4711738155758377,0
CB_IN_2026_07761,True,False,False,False,True,True,True,0.9,0.9567221854691236,1
CB_IN_2026_07665,False,True,True,False,True,True,True,0.55,0.5179770420647598,0
CB_IN_2026_00515,True,True,True,False,True,False,True,0.3,0.3454769200975231,1
CB_IN_2026_07363,True,True,False,False,True,True,False,0.08,0.09803134986432258,0
CB_IN_2026_04041,True,True,True,False,False,False,True,0.55,0.5763915320752588,1
CB_IN_2026_09628,True,True,False,False,False,True,False,0.92,0.98,1
CB_IN_2026_02546,True,True,True,False,True,False,True,0.92,0.8914984243256107,0
CB_IN_2026_02853,True,False,True,False,True,False,True,0.3,0.24891112505680388,1
CB_IN_2026_07980,True,True,True,False,True,False,True,0.85,0.8396545821715858,1
CB_IN_2026_07474,False,True,True,False,True,True,True,0.85,0.8482222631103746,0
CB_IN_2026_00999,True,True,False,False,False,True,False,0.92,0.8759507012848086,1
CB_IN_2026_02241,True,True,True,False,True,True,True,0.55,0.5525367794866417,1
CB_IN_2026_06975,True,False,True,False,True,False,True,0.92,0.9545281470755146,1
CB_IN_2026_01426,True,False,False,False,False,False,False,0.08,0.02,0
CB_IN_2026_00094,True,True,False,False,True,False,False,0.9,0.9672819240030728,1
CB_IN_2026_09345,True,True,True,False,False,False,True,0.92,0.98,1
CB_IN_2026_09256,True,True,False,False,True,False,False,0.75,0.7828600679391093,1
CB_IN_2026_05205,True,True,True,False,True,False,True,0.85,0.80661197292067,1
CB_IN_2026_08366,True,False,True,False,True,False,True,0.18,0.30113248872969844,1
CB_IN_2026_00308,True,True,True,False,True,True,True,0.2,0.14349150560015436,0
CB_IN_2026_09298,True,False,True,False,True,True,True,0.45,0.36840101481017756,0
CB_IN_2026_01167,True,True,False,False,True,False,False,0.08,0.02,0
CB_IN_2026_03351,True,False,False,False,True,True,False,0.08,0.15971590977688827,0
CB_IN_2026_01996,True,True,False,False,True,False,False,0.2,0.1885478040213816,1
CB_IN_2026_06775,True,True,True,False,True,True,True,0.85,0.9081709982101953,1
CB_IN_2026_05443,True,True,True,False,True,False,True,0.3,0.39383178497304105,0
CB_IN_2026_04258,True,True,False,False,True,False,False,0.08,0.13067640199716213,1
CB_IN_2026_06589,True,False,True,False,True,True,True,0.1,0.14321290006305992,0
CB_IN_2026_05546,True,True,True,False,True,False,True,0.92,0.8944174155703772,1
CB_IN_2026_00057,True,False,True,False,True,False,True,0.9,0.876734716987014,1
CB_IN_2026_03843,True,False,True,False,True,False,True,0.55,0.5493200424744612,0
CB_IN_2026_01205,False,False,True,False,True,False,True,0.18,0.20937908779939687,1
CB_IN_2026_07486,True,False,True,False,False,False,True,0.1,0.06596184824923779,0
CB_IN_2026_00023,True,True,True,False,True,False,True,0.55,0.5721747854980327,1
CB_IN_2026_04035,False,True,True,False,True,True,True,0.9,0.858569208279184,1
CB_IN_2026_05259,True,True,False,False,True,True,True,0.92,0.8602977847903722,1
CB_IN_2026_01832,True,True,True,False,True,False,True,0.9,0.9730260728186467,1
CB_IN_2026_03600,True,True,True,False,False,False,True,0.03,0.1458658963919955,0
CB_IN_2026_03091,True,False,False,False,True,False,True,0.1,0.09205512168533637,0
CB_IN_2026_02449,False,True,True,False,True,True,True,0.85,0.8214576097947157,1
CB_IN_2026_08081,True,False,True,False,False,False,True,0.1,0.141403182261926,0
CB_IN_2026_04637,True,True,True,False,True,False,True,0.85,0.8146155607895227,1
CB_IN_2026_02388,False,True,True,False,False,True,True,0.88,0.8330315632058849,1
CB_IN_2026_05600,True,False,False,False,False,False,False,0.45,0.4833638048567722,1
CB_IN_2026_01322,True,False,True,False,True,False,False,0.08,0.08920838646043094,0
CB_IN_2026_03897,False,True,True,False,True,True,True,0.25,0.29816980214177435,0
CB_IN_2026_08542,True,True,False,False,False,False,False,0.3,0.2776553997029542,1
CB_IN_2026_00850,True,True,True,False,True,True,True,0.92,0.9336924647978788,1
CB_IN_2026_07877,True,True,True,False,True,False,True,0.55,0.48281487690677477,0
CB_IN_2026_05257,True,True,True,False,True,True,False,0.08,0.06341213131285467,0
CB_IN_2026_06176,True,True,False,False,True,True,False,0.92,0.9224018312809561,1
CB_IN_2026_04335,True,False,False,False,True,False,True,0.9,0.98,1
CB_IN_2026_08610,True,True,True,False,True,False,True,0.18,0.24838085547189515,0
CB_IN_2026_03162,True,True,False,False,True,False,True,0.3,0.16989461498885114,0
CB_IN_2026_09611,True,False,False,False,False,False,False,0.08,0.23666438987421373,0
CB_IN_2026_08599,True,True,True,False,True,False,True,0.55,0.6452043145426014,1
CB_IN_2026_03250,True,True,True,False,True,False,True,0.9,0.810531512762342,1
CB_IN_2026_01685,True,False,True,False,True,False,True,0.1,0.1393143756256658,1
CB_IN_2026_09731,True,False,True,False,True,False,True,0.45,0.36325995071887407,0
CB_IN_2026_05946,True,True,False,False,True,False,False,0.08,0.08927256012296204,0
CB_IN_2026_07350,True,True,False,False,False,False,False,0.15,0.11030021915815352,1
CB_IN_2026_00967,True,True,True,False,True,True,True,0.92,0.9770863668499774,1
CB_IN_2026_09175,True,False,False,False,False,False,True,0.45,0.4056424378469619,0
CB_IN_2026_06059,True,False,False,False,True,False,False,0.08,0.17068951110916775,0
CB_IN_2026_08063,False,False,True,False,False,True,True,0.12,0.30962572469227534,0
CB_IN_2026_09392,True,False,False,False,True,False,False,0.08,0.02,0
CB_IN_2026_04684,True,True,True,False,True,False,True,0.9,0.9123862727485053,1
CB_IN_2026_06218,True,False,True,False,True,False,True,0.9,0.9003828800703148,0
CB_IN_2026_07909,True,True,True,False,True,True,True,0.85,0.8820724397179301,1
CB_IN_2026_06475,True,False,False,False,True,True,False,0.08,0.02,0
CB_IN_2026_00551,True,True,True,False,False,True,True,0.85,0.8746838857786912,1
CB_IN_2026_09787,True,False,True,False,True,False,True,0.55,0.48936246720453647,1
CB_IN_2026_09837,False,True,True,False,True,False,True,0.85,0.8270600926835827,0
CB_IN_2026_00220,True,True,True,False,True,True,True,0.92,0.8608179406077698,1
CB_IN_2026_07466,True,False,True,False,True,False,True,0.1,0.06036578729503995,0
CB_IN_2026_01517,False,True,False,False,True,True,False,0.08,0.041347187792333366,0
CB_IN_2026_07872,True,True,True,False,False,False,True,0.18,0.10773545834252436,1
CB_IN_2026_01155,True,True,True,False,False,False,True,0.85,0.7746753104148258,1
CB_IN_2026_08005,True,False,True,False,False,True,True,0.55,0.5240749379913944,0
CB_IN_2026_00561,True,True,True,False,True,True,True,0.88,0.8135723300540628,0
CB_IN_2026_01025,True,True,True,False,False,False,True,0.3,0.40637903421499444,1
CB_IN_2026_06398,True,False,False,False,False,False,False,0.03,0.02,0
CB_IN_2026_09321,True,True,True,False,True,True,True,0.9,0.8987327845068935,0
CB_IN_2026_05294,False,False,True,False,True,True,True,0.45,0.61136413401479,0
CB_IN_2026_02279,True,True,False,False,True,True,True,0.85,0.8068552581799384,0
CB_IN_2026_03071,True,True,False,False,True,False,False,0.2,0.21515172824919698,0
CB_IN_2026_02848,True,True,False,False,True,True,False,0.08,0.02,0
CB_IN_2026_01116,True,True,True,False,True,True,True,0.88,0.8497235629743061,0
CB_IN_2026_08529,True,True,True,False,True,False,True,0.92,0.9027911499223803,1
CB_IN_2026_08353,True,False,True,False,True,False,True,0.18,0.20326834590212986,0
CB_IN_2026_07261,True,True,False,False,True,True,False,0.85,0.9633152521148511,1
CB_IN_2026_03444,True,False,True,False,True,True,True,0.55,0.5368506221266263,0
CB_IN_2026_03717,True,True,True,False,True,False,True,0.9,0.98,1
CB_IN_2026_01598,True,True,False,False,False,False,False,0.08,0.02,0
CB_IN_2026_05588,True,True,True,False,False,False,True,0.55,0.4943411768648036,1
CB_IN_2026_05589,True,True,False,False,True,False,False,0.03,0.026743755768022556,0
CB_IN_2026_04063,True,False,True,False,False,False,True,0.1,0.1319115918418654,0
CB_IN_2026_06773,True,False,True,False,True,False,True,0.9,0.98,1
CB_IN_2026_03939,True,False,True,False,True,True,True,0.75,0.799173996975485,1
CB_IN_2026_01469,True,True,True,False,True,False,True,0.75,0.8059358562678051,1
CB_IN_2026_03273,False,True,True,False,False,True,True,0.05,0.09200812098642913,0
CB_IN_2026_06741,True,True,True,False,True,False,True,0.2,0.16567972198973696,0
CB_IN_2026_00169,True,True,True,False,True,False,True,0.85,0.9645973333323159,1
CB_IN_2026_04101,True,True,True,False,True,False,True,0.9,0.946122157500929,1
CB_IN_2026_01277,True,False,True,False,False,False,True,0.92,0.8790661548924914,1
CB_IN_2026_09861,True,True,True,False,False,True,True,0.88,0.9161677283687195,0
CB_IN_2026_03570,True,True,False,False,False,False,False,0.08,0.10132053786546044,0
CB_IN_2026_05166,False,True,True,False,True,False,True,0.55,0.4760839898088901,1
CB_IN_2026_03983,True,True,True,False,False,True,True,0.85,0.8177438362917502,1
CB_IN_2026_04065,True,False,True,False,True,True,True,0.75,0.6925527479802376,1
CB_IN_2026_08783,True,True,True,False,True,False,True,0.9,0.8638478484828734,1
CB_IN_2026_01212,True,False,True,False,True,False,True,0.92,0.9386472993549884,1
CB_IN_2026_00664,True,True,True,False,False,False,True,0.3,0.21934592255890412,0
CB_IN_2026_08474,True,False,True,False,True,False,True,0.75,0.6969053462341229,1
CB_IN_2026_00253,False,True,True,False,True,False,True,0.85,0.7052846479779444,1
CB_IN_2026_08475,True,False,True,False,True,False,True,0.3,0.21460757517695078,0
CB_IN_2026_07915,True,True,True,False,False,False,True,0.55,0.5699653236719521,1
CB_IN_2026_07647,True,False,True,False,False,False,True,0.1,0.07397234908420683,0
CB_IN_2026_03627,True,False,False,False,True,True,False,0.08,0.11405593644292975,0
CB_IN_2026_05214,True,True,False,False,True,False,False,0.3,0.3517861647603623,0
CB_IN_2026_06425,True,True,True,False,True,False,True,0.92,0.98,1
CB_IN_2026_03410,True,True,False,False,False,True,False,0.08,0.052745640457437876,0
CB_IN_2026_04222,True,True,True,False,True,True,True,0.85,0.8698584769886848,0
CB_IN_2026_04898,False,True,True,False,True,False,True,0.55,0.5679621507406262,1
CB_IN_2026_09250,True,True,True,False,True,False,True,0.9,0.8241494578253373,1
CB_IN_2026_01653,True,True,True,False,True,False,True,0.55,0.6478964335015069,1
CB_IN_2026_02376,True,True,False,False,True,False,False,0.08,0.15370168324047617,1
CB_IN_2026_08881,True,True,True,False,True,False,True,0.85,0.9174861807112018,1
CB_IN_2026_09231,True,True,False,False,False,False,False,0.08,0.06340891882110178,0
CB_IN_2026_09219,True,True,True,False,True,False,False,0.08,0.19166919903708846,0
CB_IN_2026_02243,True,True,True,False,True,False,True,0.18,0.22055497045844175,0
CB_IN_2026_02019,True,True,True,False,True,True,True,0.55,0.5369535358117299,0
CB_IN_2026_04113,True,False,False,False,False,False,True,0.3,0.36459844630951865,0
CB_IN_2026_04503,True,True,True,False,True,False,True,0.3,0.25888369405414596,0
CB_IN_2026_01362,True,False,True,False,True,False,True,0.9,0.7733742756928421,1
CB_IN_2026_05417,True,True,True,False,False,True,True,0.85,0.9331759982101481,1
CB_IN_2026_05078,True,True,True,False,True,False,True,0.55,0.4608312454230544,0
CB_IN_2026_05555,True,False,True,False,True,True,True,0.9,0.8030884713286665,0
CB_IN_2026_04070,True,False,True,False,True,False,True,0.3,0.3210281930169121,0
CB_IN_2026_09201,True,True,False,False,False,True,True,0.85,0.9197377710816768,1
CB_IN_2026_01621,True,False,True,False,False,False,True,0.55,0.5833561858907046,0
CB_IN_2026_09750,False,False,True,False,False,False,True,0.12,0.16723580992266673,0
CB_IN_2026_08642,True,True,True,False,False,False,True,0.3,0.22836718517033128,1
CB_IN_2026_06657,True,False,False,False,True,False,True,0.25,0.29296078640680406,0
CB_IN_2026_09460,True,True,True,False,True,True,True,0.85,0.8621423188583717,1
CB_IN_2026_09700,True,True,True,False,False,False,True,0.92,0.8539728248695742,1
CB_IN_2026_07893,True,True,True,False,True,True,True,0.92,0.98,1
CB_IN_2026_01064,True,False,True,False,False,True,False,0.08,0.08115089781877316,0
CB_IN_2026_03564,True,True,True,False,True,False,True,0.85,0.9141088010786089,1
CB_IN_2026_08849,True,False,False,False,True,True,False,0.92,0.8220477828398453,1
CB_IN_2026_08414,True,True,True,False,True,False,True,0.2,0.23161210762873496,0
CB_IN_2026_02541,True,False,False,False,True,True,True,0.1,0.11226924667824903,0
CB_IN_2026_09877,True,False,True,False,True,False,True,0.45,0.45177923511578877,0
CB_IN_2026_01941,True,True,False,False,False,False,False,0.08,0.08036746695300696,0
CB_IN_2026_05063,True,False,True,False,True,True,True,0.55,0.44441768773726925,1
CB_IN_2026_00744,True,True,True,False,True,False,True,0.85,0.9210988183690052,1
CB_IN_2026_05137,True,True,False,False,True,False,False,0.08,0.09730310639319605,0
CB_IN_2026_03748,True,False,False,False,True,False,False,0.9,0.8318500231982325,1
CB_IN_2026_08170,True,True,True,False,False,False,True,0.92,0.838767950607638,0
CB_IN_2026_07079,True,False,True,False,True,False,True,0.18,0.17298465418861672,0
CB_IN_2026_08861,False,True,True,False,True,True,True,0.92,0.9003104480770565,1
CB_IN_2026_04632,True,True,True,False,False,False,True,0.55,0.609115360407347,1
CB_IN_2026_00665,True,True,False,False,True,False,False,0.08,0.02,0
CB_IN_2026_09033,True,False,True,False,True,False,True,0.45,0.4092369881125681,0
CB_IN_2026_05053,True,True,True,False,True,False,True,0.75,0.7807422662494364,1
CB_IN_2026_04747,True,False,True,False,True,True,True,0.92,0.8957042210008959,1
CB_IN_2026_03403,True,True,True,False,True,False,True,0.85,0.8920685792987847,1
CB_IN_2026_04971,True,True,False,False,True,False,True,0.3,0.30894407913855065,0
CB_IN_2026_09019,True,False,False,False,True,False,False,0.03,0.11943330149232025,0
CB_IN_2026_01700,True,True,True,False,True,False,True,0.55,0.6387460952866302,1
CB_IN_2026_07760,True,False,False,False,False,False,False,0.92,0.9610709998979117,1
CB_IN_2026_09680,True,True,True,False,True,False,True,0.9,0.851921440865325,1
CB_IN_2026_08651,True,False,True,False,True,True,True,0.55,0.6708352963459048,1
CB_IN_2026_03392,False,True,False,False,True,False,False,0.08,0.02,0
CB_IN_2026_09615,True,True,False,False,True,True,False,0.08,0.02,0
CB_IN_2026_03170,True,False,True,False,True,False,True,0.3,0.31130710561705305,0
CB_IN_2026_06192,True,True,True,False,True,True,True,0.88,0.98,1
CB_IN_2026_08603,True,True,True,False,True,False,True,0.92,0.9511916839155613,1
CB_IN_2026_02872,True,False,False,False,False,False,True,0.1,0.09763521106424285,0
CB_IN_2026_04216,True,False,True,False,True,False,False,0.08,0.12144978945241294,0
CB_IN_2026_06722,True,False,True,False,False,False,True,0.92,0.8634646295207486,1
CB_IN_2026_01169,False,True,True,False,True,False,True,0.55,0.552984758303651,1
CB_IN_2026_09509,True,False,True,False,True,False,True,0.9,0.9408701234151783,1
CB_IN_2026_05357,True,True,True,False,True,True,True,0.88,0.9561185464026111,1
CB_IN_2026_09372,True,True,False,False,True,True,True,0.85,0.9707921897850791,1
CB_IN_2026_05990,True,True,True,False,True,False,True,0.92,0.9766653960906914,1
CB_IN_2026_02490,True,False,True,False,True,True,True,0.9,0.7938687851367616,1
CB_IN_2026_09165,True,False,True,False,True,False,True,0.9,0.9403076711825472,1
CB_IN_2026_08705,True,False,True,False,False,True,True,0.1,0.16469715942339513,0
CB_IN_2026_01019,True,True,True,False,True,False,True,0.18,0.22387672876705328,0
CB_IN_2026_06268,True,False,True,False,True,False,True,0.92,0.7432973243041522,0
CB_IN_2026_00291,True,False,True,False,True,False,True,0.55,0.4482552462940935,1
CB_IN_2026_04463,True,False,False,False,True,False,False,0.08,0.02,0
CB_IN_2026_08976,True,False,True,False,True,False,True,0.92,0.8732148300635146,1
CB_IN_2026_06828,True,True,True,True,True,False,True,0.03,0.13466447868585735,0
CB_IN_2026_07257,True,True,True,False,True,False,True,0.9,0.807912907122683,1
CB_IN_2026_02716,True,True,False,False,True,False,False,0.08,0.06429858440872924,0
CB_IN_2026_04702,True,True,False,False,True,False,False,0.3,0.17986347982158088,0
CB_IN_2026_00028,True,True,True,False,True,False,True,0.92,0.9741073639587579,1
CB_IN_2026_09027,False,True,True,False,True,False,True,0.05,0.11024136659218556,0
CB_IN_2026_03533,False,True,True,False,True,False,True,0.85,0.7775136240854088,0
CB_IN_2026_02016,True,True,False,False,True,True,True,0.25,0.22634040226995072,0
CB_IN_2026_07814,True,False,False,False,True,True,False,0.92,0.9528161355674314,1
CB_IN_2026_07782,True,True,True,False,True,False,True,0.85,0.7676207350200392,1
CB_IN_2026_07047,True,False,True,False,True,False,True,0.18,0.32782195559786653,1
CB_IN_2026_00439,True,True,True,False,True,False,True,0.85,0.8197848063425959,0
CB_IN_2026_01366,True,False,True,False,True,True,True,0.1,0.23271301984676263,0
CB_IN_2026_09733,False,True,True,False,False,True,True,0.85,0.9200775041293263,1
CB_IN_2026_08194,True,False,True,False,True,False,True,0.3,0.40822050731588405,0
CB_IN_2026_00290,True,True,True,False,True,False,True,0.3,0.21011949764617505,0
CB_IN_2026_04908,True,True,False,False,True,True,False,0.08,0.14353196325593348,0
CB_IN_2026_07407,True,False,True,False,False,False,True,0.3,0.31945058416531785,1
CB_IN_2026_06057,True,True,True,False,True,True,True,0.9,0.8672636230244997,0
CB_IN_2026_01007,True,True,True,False,True,False,True,0.75,0.8293222214295097,1
CB_IN_2026_08234,False,True,True,True,True,False,True,0.03,0.02,0
CB_IN_2026_02269,True,True,False,False,True,False,False,0.08,0.17029756286809328,0
CB_IN_2026_06167,True,True,True,False,True,False,True,0.9,0.7758781439723105,0
CB_IN_2026_02005,True,False,True,False,True,True,True,0.88,0.8770649225388031,1
CB_IN_2026_01118,False,False,True,False,True,False,True,0.9,0.98,1
CB_IN_2026_05354,True,False,True,False,True,False,True,0.1,0.02,0
CB_IN_2026_08744,True,True,False,False,True,False,False,0.08,0.06939092982564624,0
CB_IN_2026_09528,True,True,True,False,True,False,True,0.18,0.2904755661848221,0
CB_IN_2026_06082,True,True,True,False,False,False,True,0.55,0.5691581822610958,1
CB_IN_2026_08742,True,False,True,False,False,True,True,0.92,0.9462057424083362,1
CB_IN_2026_00100,True,True,True,False,True,True,True,0.9,0.885951105027053,1
CB_IN_2026_05637,True,True,True,False,True,True,True,0.55,0.6962292849751307,1
CB_IN_2026_06459,True,True,True,False,True,False,True,0.92,0.8802584675306775,1
CB_IN_2026_01105,True,True,True,False,True,True,True,0.55,0.4556229488723319,0
CB_IN_2026_09399,True,True,True,False,True,False,True,0.85,0.8985958309196647,0
CB_IN_2026_09521,True,True,True,False,True,True,True,0.92,0.8171807008149092,0
CB_IN_2026_03634,True,True,True,False,False,False,True,0.92,0.888711442220726,1
CB_IN_2026_00152,True,True,True,False,True,False,True,0.85,0.8783627088897095,1
CB_IN_2026_02730,True,False,True,False,False,False,False,0.08,0.13718570418382187,0
CB_IN_2026_01317,True,False,False,False,True,False,True,0.1,0.13023772508472378,0
CB_IN_2026_01732,False,True,True,False,True,False,True,0.85,0.9151349069424571,1
CB_IN_2026_01247,True,True,False,False,True,False,True,0.85,0.8572568696282895,1
CB_IN_2026_02642,True,True,True,False,True,True,True,0.9,0.9565833305989644,1
CB_IN_2026_01582,True,False,True,False,True,False,True,0.2,0.32263840721880055,0
CB_IN_2026_04914,True,True,True,False,False,False,True,0.85,0.8298228467964253,1
CB_IN_2026_04839,True,True,True,False,False,False,True,0.85,0.6971372340449578,1
CB_IN_2026_02440,True,True,True,False,False,False,True,0.15,0.25568171001013995,0
CB_IN_2026_09569,False,True,True,False,True,False,True,0.3,0.23026602422675707,0
CB_IN_2026_03642,True,False,False,False,True,False,True,0.92,0.8573655126684679,1
CB_IN_2026_00565,True,True,True,False,False,True,True,0.1,0.08823923869051807,1
CB_IN_2026_08330,True,False,False,False,True,False,True,0.9,0.8842777661257726,1
CB_IN_2026_00217,True,True,True,False,True,False,True,0.85,0.9171398001224732,1
CB_IN_2026_03415,True,False,True,False,True,True,True,0.1,0.16425245849078102,0
CB_IN_2026_00557,True,True,True,False,True,False,True,0.2,0.16863336525440442,0
CB_IN_2026_09992,True,True,False,False,True,False,False,0.08,0.08477125645250724,0
CB_IN_2026_07061,True,True,True,False,True,False,True,0.92,0.98,1
CB_IN_2026_09868,True,False,True,False,False,False,True,0.92,0.8460829299436597,1
CB_IN_2026_03756,True,True,True,False,True,True,True,0.85,0.8933406225350375,1
CB_IN_2026_08221,False,True,False,False,False,False,False,0.05,0.08968352643424249,0
CB_IN_2026_07293,True,True,True,False,False,False,True,0.2,0.2109394198183374,1
CB_IN_2026_04257,True,True,True,False,True,True,True,0.88,0.951860392652585,1
CB_IN_2026_05302,True,True,True,False,True,False,True,0.55,0.6513256770314081,0
CB_IN_2026_09635,True,True,True,True,True,False,True,0.3,0.2977212583645087,0
CB_IN_2026_07031,True,True,True,False,True,True,True,0.85,0.8989537703280032,0
CB_IN_2026_07090,True,True,False,False,False,False,False,0.08,0.02,0
CB_IN_2026_06684,True,True,True,False,True,True,False,0.08,0.18190834009528342,0
CB_IN_2026_06779,False,True,True,False,True,False,False,0.85,0.8336903874719822,1
CB_IN_2026_02621,True,True,True,False,True,False,True,0.75,0.7590589070307066,1
CB_IN_2026_06088,True,False,True,False,False,True,True,0.92,0.9118600732304052,1
CB_IN_2026_08798,False,False,False,False,True,False,True,0.2,0.2244811526958144,0
CB_IN_2026_01297,True,True,False,False,False,False,False,0.08,0.13585747810605422,0
CB_IN_2026_06129,True,False,True,False,True,True,True,0.1,0.03681670425655853,0
CB_IN_2026_01752,False,False,True,False,True,False,True,0.9,0.8903878576212242,1
CB_IN_2026_06932,False,False,False,False,True,True,False,0.08,0.09496577577162087,0
CB_IN_2026_07939,True,True,True,False,True,True,True,0.2,0.13669488941459867,0
CB_IN_2026_03694,True,True,True,False,True,False,True,0.92,0.8427138868351807,0
CB_IN_2026_07607,True,True,True,False,True,False,True,0.85,0.8429347493856729,1
CB_IN_2026_07813,True,True,True,False,False,False,False,0.08,0.13525717610848825,0
CB_IN_2026_01258,True,False,True,False,False,False,True,0.2,0.23387121542844655,0
CB_IN_2026_01749,False,False,True,False,True,True,True,0.55,0.5375734138456876,1
CB_IN_2026_00537,True,False,False,False,True,False,False,0.08,0.02,0
CB_IN_2026_02278,True,False,True,False,True,True,True,0.92,0.98,1
CB_IN_2026_03092,False,True,True,False,True,False,True,0.55,0.4520802257082912,1
CB_IN_2026_01613,True,False,True,False,True,True,True,0.9,0.9076436814676103,1
CB_IN_2026_07876,True,True,True,False,True,False,True,0.55,0.5626702776182481,1
CB_IN_2026_09076,True,False,True,False,True,False,True,0.18,0.15953771470467712,0
CB_IN_2026_06182,True,True,True,False,False,False,True,0.85,0.6659968177708849,1
CB_IN_2026_07583,False,True,True,False,False,False,True,0.1,0.10713539041818758,0
CB_IN_2026_08264,False,True,True,False,True,False,True,0.3,0.274594850502944,0
CB_IN_2026_05822,True,True,False,False,True,False,True,0.9,0.9325658719233685,1
CB_IN_2026_00184,True,False,True,False,False,False,True,0.92,0.8200775023266452,1
CB_IN_2026_09383,True,True,True,False,True,True,True,0.92,0.90922194989131,1
CB_IN_2026_07820,True,False,True,False,True,False,True,0.9,0.9494666107380042,1
CB_IN_2026_09885,True,True,False,False,True,True,False,0.92,0.9718176246753959,1
CB_IN_2026_03833,False,True,False,False,True,False,False,0.9,0.8942724001655067,1
CB_IN_2026_08089,True,True,True,False,False,False,True,0.55,0.5875037001345648,0
CB_IN_2026_09603,True,False,True,False,False,False,True,0.1,0.1610875370779667,0
CB_IN_2026_07864,True,False,True,False,False,False,True,0.15,0.08646933548714432,0
CB_IN_2026_04811,True,True,True,False,True,False,True,0.3,0.3126757289291202,0
CB_IN_2026_04694,True,False,True,False,False,False,True,0.55,0.4558013372097486,0
CB_IN_2026_00064,False,False,False,False,False,False,True,0.03,0.02,0
CB_IN_2026_09159,True,False,True,False,True,False,False,0.08,0.02,0
CB_IN_2026_00435,True,True,False,False,False,False,False,0.85,0.8197052739665249,1
CB_IN_2026_09636,True,False,True,False,False,False,True,0.55,0.5785928397230791,1
CB_IN_2026_00794,True,False,True,False,True,False,True,0.55,0.5826942306031483,0
CB_IN_2026_08515,True,False,True,False,True,True,True,0.1,0.059102693495225546,0
CB_IN_2026_04645,True,False,True,False,True,False,True,0.45,0.4097220563804662,0
CB_IN_2026_05523,True,True,False,False,True,True,True,0.9,0.9021186400570621,1
CB_IN_2026_09977,True,True,False,False,True,False,False,0.08,0.04199066820049185,0
CB_IN_2026_09276,True,True,True,False,True,True,True,0.88,0.8597605939818607,1
CB_IN_2026_01785,True,False,True,False,True,False,True,0.2,0.2494420798816594,0
CB_IN_2026_07355,True,False,True,False,True,False,True,0.1,0.11833315910372189,1
CB_IN_2026_09666,False,True,False,False,True,True,False,0.85,0.8195533806686647,1
CB_IN_2026_02800,True,True,True,False,True,True,True,0.92,0.9019102563877748,1
CB_IN_2026_08098,True,False,False,False,True,False,False,0.08,0.03225128829883792,0
CB_IN_2026_04135,True,True,True,False,True,False,True,0.85,0.8396298260326754,1
CB_IN_2026_01017,True,False,False,False,True,True,True,0.88,0.923931578467841,1
CB_IN_2026_03191,True,True,True,False,True,True,True,0.85,0.8089745014109552,1
CB_IN_2026_00860,True,False,True,False,True,False,True,0.18,0.1460035159679394,0
CB_IN_2026_00577,False,False,True,False,True,True,True,0.75,0.821636927911062,1
CB_IN_2026_01018,True,True,False,False,True,True,True,0.85,0.8033358668248174,1
CB_IN_2026_03879,True,False,True,False,True,False,True,0.18,0.19104852729468652,0
CB_IN_2026_03846,False,False,True,False,True,False,True,0.05,0.020811347157115214,0
CB_IN_2026_08882,True,True,True,False,True,False,True,0.92,0.9776668051821679,1
CB_IN_2026_01146,True,False,False,False,True,True,False,0.1,0.04043344000085175,0
CB_IN_2026_07718,True,True,True,False,True,True,True,0.55,0.5427073342841774,1
CB_IN_2026_07148,True,True,True,False,True,False,True,0.85,0.7787988501737704,0
CB_IN_2026_00925,False,True,False,False,True,True,False,0.08,0.0787556244774467,0
CB_IN_2026_01365,True,False,True,False,True,False,True,0.9,0.9258422215781428,1
CB_IN_2026_07121,True,True,True,False,True,False,True,0.3,0.270998513817329,0
CB_IN_2026_04175,True,False,True,False,False,False,True,0.2,0.21195036354555385,0
CB_IN_2026_04069,True,False,True,False,True,False,False,0.08,0.02,0
CB_IN_2026_05330,True,False,False,False,True,False,True,0.25,0.3776781272225619,1
CB_IN_2026_03001,True,True,True,False,True,False,True,0.55,0.4698877944169074,0
CB_IN_2026_02488,True,True,True,False,True,False,True,0.55,0.566984302122743,0
CB_IN_2026_04233,True,True,True,False,True,False,True,0.75,0.7952073556772272,1
CB_IN_2026_09167,True,True,True,False,True,True,True,0.85,0.8587876685114959,1
CB_IN_2026_07644,True,True,True,False,False,True,True,0.88,0.98,1
CB_IN_2026_09234,True,False,True,False,True,True,True,0.9,0.98,1
CB_IN_2026_06898,True,True,True,False,False,False,True,0.18,0.05332507262102512,0
CB_IN_2026_01868,True,False,True,False,True,False,True,0.92,0.9071246916109538,1
CB_IN_2026_09728,True,False,True,False,True,False,True,0.9,0.8952573892991912,1
CB_IN_2026_00952,True,False,True,False,False,True,True,0.25,0.08822009864642996,0
CB_IN_2026_00199,True,False,False,False,False,False,False,0.08,0.14172102357438776,0
CB_IN_2026_08823,True,True,True,False,False,True,True,0.2,0.36484478584512403,0
CB_IN_2026_02562,True,True,False,False,True,False,True,0.92,0.98,1
CB_IN_2026_07278,True,True,False,False,True,False,False,0.08,0.1475340837515452,0
CB_IN_2026_08131,True,False,False,False,False,True,False,0.1,0.10725292681679996,0
CB_IN_2026_06033,False,False,True,False,True,False,True,0.45,0.45833860944445876,1
CB_IN_2026_09439,True,False,True,False,True,False,True,0.75,0.7436380778941271,1
CB_IN_2026_08464,True,False,True,False,True,True,True,0.1,0.02,0
CB_IN_2026_09083,True,False,True,False,True,False,True,0.9,0.7608669675069979,1
CB_IN_2026_04564,False,False,True,False,True,False,True,0.45,0.46646146545412576,1
CB_IN_2026_00368,True,False,True,False,True,True,True,0.92,0.98,1
CB_IN_2026_01086,True,True,True,False,True,False,True,0.75,0.7169067315450521,1
CB_IN_2026_06075,True,False,True,False,False,False,True,0.55,0.49528426329587466,1
CB_IN_2026_07098,True,True,True,False,True,False,True,0.85,0.8075654998384829,1
CB_IN_2026_06388,True,False,False,False,True,False,True,0.45,0.46332223753841606,1
CB_IN_2026_08825,True,True,True,False,False,False,True,0.92,0.8814296865844169,1
CB_IN_2026_09421,True,False,True,False,True,False,True,0.3,0.31644817140029974,0
CB_IN_2026_01642,True,True,True,False,True,False,True,0.85,0.8999233499096341,1
CB_IN_2026_02091,True,False,True,False,True,False,True,0.55,0.5341261456024161,1
CB_IN_2026_01181,False,True,True,False,True,True,True,0.75,0.7004073898536562,1
CB_IN_2026_04708,True,False,False,False,True,True,False,0.08,0.1927728770283569,1
CB_IN_2026_08099,True,False,False,False,True,False,False,0.03,0.02,0
CB_IN_2026_03757,True,True,True,False,True,True,True,0.9,0.98,1
CB_IN_2026_05007,True,False,True,False,True,False,True,0.3,0.352332356265497,0
CB_IN_2026_07957,True,True,False,False,True,False,False,0.18,0.05297263158120505,0
CB_IN_2026_08424,True,False,False,False,True,False,False,0.08,0.0813760486645379,0
CB_IN_2026_05237,True,True,False,False,True,False,True,0.3,0.2368300141277746,1
CB_IN_2026_03840,True,False,True,False,True,False,True,0.55,0.5969608765503567,1
CB_IN_2026_00231,True,True,True,False,False,False,True,0.85,0.8786665637978859,1
CB_IN_2026_05022,True,True,False,False,True,False,False,0.08,0.027551151158009456,0
CB_IN_2026_09883,True,False,True,False,True,False,True,0.55,0.6048709878053562,1
CB_IN_2026_08298,True,False,False,False,False,False,False,0.08,0.12223966200777159,0
CB_IN_2026_02280,True,False,True,False,True,False,True,0.3,0.2566503111611286,0
CB_IN_2026_00713,True,False,True,False,True,True,True,0.9,0.7882352494548339,0
CB_IN_2026_09454,True,False,True,False,True,False,True,0.3,0.23402341130385634,0
CB_IN_2026_00455,True,True,True,False,True,False,True,0.85,0.7701312962682476,1
CB_IN_2026_03752,True,True,False,False,True,False,True,0.25,0.3388937548923287,1
CB_IN_2026_03244,True,True,True,False,True,False,True,0.9,0.9625578439763535,1
CB_IN_2026_08489,True,True,False,False,False,True,True,0.85,0.888593123283723,0
CB_IN_2026_06707,True,False,True,False,True,True,True,0.9,0.9219303788312742,1
CB_IN_2026_09419,False,False,True,False,True,False,True,0.05,0.02,0
CB_IN_2026_01405,True,False,True,False,True,True,True,0.92,0.9248217716275714,1
CB_IN_2026_07074,True,False,True,False,True,False,True,0.3,0.19877659328782576,1
CB_IN_2026_02368,True,False,True,False,False,True,True,0.45,0.4227885756356901,1
CB_IN_2026_07749,True,False,False,False,False,True,True,0.45,0.48281975504922986,0
CB_IN_2026_02349,True,True,True,False,False,True,True,0.55,0.41941057107848645,0
CB_IN_2026_02573,False,True,True,False,False,False,True,0.55,0.49486598534320947,0
CB_IN_2026_04805,True,True,True,False,True,False,True,0.3,0.3181372285868463,0
CB_IN_2026_08209,True,True,True,False,True,True,True,0.9,0.8463500833789097,1
CB_IN_2026_05869,False,True,True,False,True,False,True,0.85,0.8851497694389372,1
CB_IN_2026_08273,True,False,True,False,False,True,True,0.15,0.1863663471217728,1
CB_IN_2026_03059,True,True,False,False,True,True,False,0.08,0.07780273022993177,0
CB_IN_2026_09243,True,False,True,False,False,False,True,0.92,0.855297380600623,0
CB_IN_2026_08201,True,True,True,False,False,True,True,0.92,0.9040644178308499,1
CB_IN_2026_00535,True,True,True,False,True,False,True,0.85,0.806436917075157,1
CB_IN_2026_01514,True,False,False,False,False,True,True,0.1,0.058149802860798225,0
CB_IN_2026_07533,True,False,True,False,True,False,True,0.75,0.818675197786304,1
CB_IN_2026_03943,True,True,False,False,True,False,False,0.08,0.20539930425606445,0
CB_IN_2026_03653,True,False,True,False,False,True,True,0.92,0.8735502004115487,1
CB_IN_2026_04358,True,True,True,False,False,True,True,0.2,0.14740247143660412,1
CB_IN_2026_03998,True,True,True,False,True,False,True,0.85,0.8216729245693131,0
CB_IN_2026_03023,True,True,False,False,True,True,True,0.92,0.8320865054170129,1
CB_IN_2026_02319,True,True,True,False,False,False,True,0.12,0.12454141417010522,0
CB_IN_2026_05105,True,True,True,False,True,False,True,0.75,0.7033605542391387,1
CB_IN_2026_03330,True,True,True,False,False,False,True,0.25,0.22083264437317096,1
CB_IN_2026_00716,True,True,True,False,True,True,True,0.85,0.8846903591436993,0
CB_IN_2026_06461,True,False,True,False,True,False,True,0.9,0.853853647861651,1
CB_IN_2026_04390,True,False,True,False,True,False,True,0.55,0.6652111470039801,0
CB_IN_2026_03295,True,False,False,False,True,True,False,0.08,0.13374115388594204,1
CB_IN_2026_05228,True,False,True,False,False,False,True,0.15,0.13144800771660906,0
CB_IN_2026_07374,True,True,False,False,True,False,False,0.08,0.18150885100386532,1
CB_IN_2026_07892,True,False,True,False,False,False,True,0.18,0.21812194072383723,0
CB_IN_2026_06482,True,False,False,False,False,False,False,0.08,0.09767041311971977,0
CB_IN_2026_05537,True,False,True,False,True,True,True,0.92,0.98,1
CB_IN_2026_00680,True,True,True,False,True,True,True,0.85,0.9571599241478208,1
CB_IN_2026_06496,True,False,True,False,False,False,True,0.1,0.19641059720713427,0
CB_IN_2026_09921,False,True,True,False,True,False,True,0.85,0.9026230548097238,1
CB_IN_2026_09599,True,False,False,False,True,False,True,0.92,0.8291960112819337,1
CB_IN_2026_00422,True,True,True,False,True,True,True,0.92,0.98,0
CB_IN_2026_02890,False,False,True,False,True,False,True,0.05,0.14975342313724838,0
CB_IN_2026_01401,True,True,True,False,True,True,True,0.85,0.8516285071495004,1
CB_IN_2026_06572,True,False,True,False,True,False,True,0.75,0.7741377485722409,1
CB_IN_2026_09079,True,True,False,False,False,True,True,0.75,0.7498420096505269,0
CB_IN_2026_02797,True,False,True,False,True,False,True,0.3,0.4181237923815781,0
CB_IN_2026_01087,True,True,True,False,True,False,True,0.3,0.3937859397620096,0
CB_IN_2026_06111,True,False,True,False,False,False,True,0.55,0.4954037424312238,0
CB_IN_2026_07049,True,True,False,False,False,False,False,0.08,0.1410187497465888,0
CB_IN_2026_04712,True,True,True,False,True,False,True,0.3,0.1942124693561911,0
CB_IN_2026_02316,True,True,False,False,False,True,False,0.85,0.8194869184523715,1
CB_IN_2026_00596,True,True,True,False,True,False,True,0.3,0.19445066236644878,1
CB_IN_2026_00033,False,False,True,False,True,True,True,0.75,0.6861884743782318,1
CB_IN_2026_01083,True,True,False,False,True,True,True,0.92,0.9332134270920113,1
CB_IN_2026_06997,True,True,False,False,True,True,False,0.92,0.919981954328544,1
CB_IN_2026_05963,True,True,False,False,False,True,False,0.08,0.02,0
CB_IN_2026_07757,True,True,False,False,True,False,False,0.92,0.8654670037697538,1
CB_IN_2026_05752,True,True,True,False,True,True,True,0.85,0.98,1
CB_IN_2026_01945,True,False,True,False,True,True,True,0.9,0.9082267832790002,1
CB_IN_2026_04655,True,False,True,False,True,True,True,0.9,0.902540187058171,1
CB_IN_2026_04735,True,True,False,False,True,True,False,0.08,0.02,0
CB_IN_2026_06585,False,True,True,False,False,False,True,0.15,0.2074822951197681,0
CB_IN_2026_04238,True,True,True,False,True,True,True,0.92,0.9547536601383768,1
CB_IN_2026_03373,True,True,True,False,True,False,True,0.92,0.9788139608128108,1
CB_IN_2026_05927,True,False,True,False,False,False,True,0.75,0.7456189627673486,1
CB_IN_2026_04983,False,True,True,False,False,False,True,0.85,0.8195261509294978,1
CB_IN_2026_03202,True,False,False,False,False,False,True,0.3,0.3541264318034659,1
CB_IN_2026_06541,True,False,True,False,True,True,True,0.45,0.4431949623895921,1
CB_IN_2026_09852,True,True,True,False,False,True,True,0.55,0.5599542282209936,0
CB_IN_2026_02762,False,False,True,False,True,True,True,0.1,0.09458325130995204,0
CB_IN_2026_02387,False,False,True,False,False,True,True,0.1,0.2003215832709676,0
CB_IN_2026_02380,True,True,True,False,True,True,True,0.85,0.8862035689955062,1
CB_IN_2026_04107,True,True,True,False,True,True,True,0.55,0.636011275612713,1
CB_IN_2026_06510,False,True,True,False,True,False,True,0.2,0.2506996483289305,1
CB_IN_2026_07828,True,True,True,False,True,False,True,0.85,0.8114041430284791,1
CB_IN_2026_00834,False,False,True,False,False,False,True,0.3,0.19894808705169437,0
CB_IN_2026_05530,False,True,False,False,True,False,False,0.08,0.08901091656396265,0
CB_IN_2026_03270,True,True,False,False,True,True,False,0.08,0.19047829461124416,0
CB_IN_2026_06478,True,True,True,False,True,True,False,0.85,0.8482296094231647,1
CB_IN_2026_06709,True,False,True,False,True,False,True,0.3,0.22853390984231037,0
CB_IN_2026_03161,True,False,True,False,False,False,True,0.3,0.3400365363157044,0
CB_IN_2026_07013,True,True,True,False,True,False,True,0.25,0.3260526191498862,1
CB_IN_2026_00563,True,False,False,False,True,False,False,0.08,0.02,0
CB_IN_2026_05347,False,False,True,False,True,False,True,0.3,0.4194573993182748,1
CB_IN_2026_06210,True,True,True,False,False,False,True,0.12,0.058934294053448175,0
CB_IN_2026_03197,True,False,True,False,True,True,True,0.92,0.960600478524686,1
CB_IN_2026_00579,True,True,True,False,True,True,True,0.9,0.9058310525273026,1
CB_IN_2026_06658,False,False,False,False,True,False,False,0.08,0.08500725066210757,0
CB_IN_2026_06706,True,False,True,False,False,False,True,0.18,0.21554635002324896,0
CB_IN_2026_01807,True,True,True,False,True,False,True,0.55,0.5620994917694266,1
CB_IN_2026_04232,True,True,False,False,True,False,False,0.08,0.04332249078143352,1
CB_IN_2026_01710,True,True,True,False,True,False,True,0.75,0.6988403146880386,0
CB_IN_2026_05408,True,False,False,False,True,False,True,0.45,0.3357831553909404,0
CB_IN_2026_01402,True,False,False,False,True,False,True,0.75,0.7335556706342641,1
CB_IN_2026_09922,False,False,True,False,True,True,True,0.92,0.964227700812424,1
CB_IN_2026_09400,True,True,True,False,True,False,True,0.9,0.9214300383141681,1
CB_IN_2026_00754,True,False,True,False,True,False,True,0.25,0.2716980158048674,0
CB_IN_2026_00684,True,False,True,False,True,True,True,0.45,0.4127047472453578,0
CB_IN_2026_05422,False,True,False,False,True,False,False,0.08,0.07445536186233459,0
CB_IN_2026_06271,False,False,True,False,True,False,True,0.9,0.8528243980654538,1
CB_IN_2026_06956,True,True,True,False,True,False,True,0.55,0.5178894661881649,1
CB_IN_2026_03539,True,False,True,False,True,False,True,0.45,0.4347142080522972,1
CB_IN_2026_05663,True,True,False,False,True,False,True,0.85,0.811709537287022,1
CB_IN_2026_08027,True,False,True,False,True,False,True,0.9,0.98,1
CB_IN_2026_07235,True,False,False,False,False,False,False,0.92,0.9420117455980713,0
CB_IN_2026_08224,True,True,False,False,True,True,False,0.08,0.06559195458389563,0
CB_IN_2026_05823,True,True,False,False,True,True,True,0.92,0.8142383861255855,1
CB_IN_2026_05709,True,False,True,False,True,True,True,0.92,0.9361877442002847,1
CB_IN_2026_07878,True,True,True,False,True,False,True,0.3,0.33168914609899686,0
CB_IN_2026_04076,True,False,True,False,True,True,True,0.92,0.8550388810666887,0
CB_IN_2026_03179,True,True,True,False,True,False,True,0.85,0.9581335074664524,1
CB_IN_2026_01818,True,False,True,False,True,False,True,0.9,0.98,1
CB_IN_2026_03229,True,True,True,False,True,False,True,0.55,0.5371822611464323,1
CB_IN_2026_01433,True,True,False,False,False,False,True,0.85,0.826128069918137,1
CB_IN_2026_04422,True,False,True,False,True,False,False,0.92,0.98,1
CB_IN_2026_09786,True,True,True,False,True,False,True,0.85,0.8528013605776317,0
CB_IN_2026_03220,True,True,True,False,True,False,True,0.85,0.707544510924121,1
CB_IN_2026_06296,False,True,False,False,False,True,False,0.08,0.21641564484896514,0
CB_IN_2026_02432,True,True,False,False,True,False,False,0.2,0.21311855122928947,0
CB_IN_2026_07379,True,True,False,False,False,False,False,0.08,0.06983214806823404,0
CB_IN_2026_00696,True,True,False,False,True,True,False,0.9,0.8169155518278881,1
CB_IN_2026_02632,True,True,False,False,False,True,False,0.08,0.02,0
CB_IN_2026_00432,False,True,False,False,True,False,False,0.05,0.06108457484304419,0
CB_IN_2026_06730,True,True,True,False,True,False,True,0.3,0.32802519792227036,0
CB_IN_2026_06224,True,False,False,False,True,True,False,0.08,0.13989615918203352,0
CB_IN_2026_05115,True,True,True,False,True,True,True,0.9,0.8670922473186806,1
CB_IN_2026_01307,True,False,False,False,True,True,False,0.08,0.16926004513506665,0
CB_IN_2026_01658,True,False,False,False,True,True,True,0.45,0.31674425194644173,1
CB_IN_2026_02364,True,True,True,False,True,True,True,0.92,0.9166704049126684,1
CB_IN_2026_00593,False,True,True,False,True,False,True,0.25,0.2764819670785986,0
CB_IN_2026_09931,True,False,True,False,True,False,True,0.9,0.917551594041242,1
CB_IN_2026_05995,True,True,True,False,False,False,True,0.55,0.5710189099232357,1
CB_IN_2026_00859,True,True,True,False,True,False,True,0.92,0.8766983308544164,1
CB_IN_2026_07579,False,False,False,False,False,False,True,0.1,0.0627884262116877,0
CB_IN_2026_08803,True,False,True,False,True,True,True,0.1,0.04713141280831333,0
CB_IN_2026_00396,True,False,True,False,True,False,True,0.3,0.3949163505652387,0
CB_IN_2026_04544,True,True,True,False,True,True,True,0.85,0.7819218315546393,1
CB_IN_2026_08285,False,True,True,False,True,False,True,0.3,0.37264163427121083,1
CB_IN_2026_04182,True,True,True,False,True,False,True,0.2,0.17703261573244672,0
CB_IN_2026_04558,True,True,True,False,False,False,True,0.92,0.8525558543078559,1
CB_IN_2026_06278,True,False,True,False,False,True,True,0.55,0.5835545604789684,1
CB_IN_2026_04592,False,True,True,False,False,False,True,0.15,0.081661413912383,0
CB_IN_2026_07652,False,False,True,False,True,True,False,0.92,0.9186585196054582,0
CB_IN_2026_09069,True,True,True,False,True,False,False,0.08,0.07069796823627669,0
CB_IN_2026_01131,True,False,True,False,True,False,True,0.45,0.40980879019809435,1
CB_IN_2026_02304,False,False,True,False,False,True,True,0.88,0.9499828278883566,1
CB_IN_2026_04528,True,True,True,False,True,False,True,0.9,0.8389237681730103,1
CB_IN_2026_01438,True,False,True,False,True,False,False,0.2,0.236039410472167,1
CB_IN_2026_00069,True,True,False,False,True,True,False,0.75,0.7456420765407414,1
CB_IN_2026_03712,True,True,False,False,False,False,False,0.15,0.1711137862892717,1
CB_IN_2026_07339,False,False,True,False,True,True,True,0.55,0.49996191058187534,0
CB_IN_2026_04794,True,True,True,False,True,True,True,0.55,0.613014476464058,1
CB_IN_2026_05829,False,True,True,False,True,False,True,0.55,0.5422926465134369,0
CB_IN_2026_08681,True,False,True,False,True,True,True,0.9,0.8938263238307635,1
CB_IN_2026_05670,True,False,False,False,True,True,True,0.92,0.9678764139804953,1
CB_IN_2026_09543,False,False,False,False,True,False,False,0.08,0.10509172081546111,0
CB_IN_2026_02814,True,False,True,False,False,True,True,0.55,0.5799175813069802,1
CB_IN_2026_08134,True,False,False,False,True,False,True,0.1,0.07237933378305514,0
CB_IN_2026_09072,True,False,True,False,True,True,True,0.45,0.3714144809315627,0
CB_IN_2026_08586,False,False,True,False,True,True,True,0.9,0.98,1
CB_IN_2026_07846,False,True,True,False,True,True,True,0.85,0.8719982816435978,0
CB_IN_2026_01063,True,True,True,False,True,True,True,0.9,0.98,1
CB_IN_2026_01486,False,True,False,False,True,False,False,0.85,0.8182642282447088,1
CB_IN_2026_02787,True,False,True,False,True,False,True,0.9,0.9547638910263511,1
CB_IN_2026_05202,True,True,False,False,True,True,False,0.85,0.9783314975845655,1
CB_IN_2026_02099,True,False,True,False,True,False,True,0.92,0.9453452371838807,0
CB_IN_2026_06810,False,True,True,False,True,False,True,0.05,0.09054121315298128,0
CB_IN_2026_00054,True,True,True,False,True,False,True,0.3,0.3341697531443199,0
CB_IN_2026_08773,False,True,True,False,False,False,True,0.3,0.2833099300074934,0
CB_IN_2026_08492,False,True,True,False,False,False,True,0.3,0.36838857111988255,0
CB_IN_2026_04438,True,False,False,False,True,True,False,0.92,0.9051133544374862,1
CB_IN_2026_02014,False,True,False,False,True,True,False,0.08,0.02055657297887272,0
CB_IN_2026_06532,False,True,True,False,False,False,True,0.85,0.8140793984632866,1
CB_IN_2026_09107,False,False,True,False,False,False,True,0.55,0.49911483687582925,1
CB_IN_2026_05192,True,True,True,False,True,False,True,0.85,0.8442539236373858,0
CB_IN_2026_07632,True,False,True,False,True,True,True,0.1,0.09810131424454198,0
CB_IN_2026_08618,True,False,True,False,False,False,False,0.45,0.5917316666948697,1
CB_IN_2026_09471,True,False,True,False,True,False,True,0.9,0.819681984988814,1
CB_IN_2026_09576,True,True,True,False,True,False,True,0.3,0.42779654793680777,0
CB_IN_2026_02342,True,True,True,False,False,False,True,0.85,0.8435673575428856,0
CB_IN_2026_03214,True,False,True,True,False,True,True,0.03,0.02,0
CB_IN_2026_05102,True,False,True,False,True,True,True,0.55,0.6494529507037415,1
CB_IN_2026_05878,True,False,True,False,True,True,True,0.55,0.4941924146418625,0
CB_IN_2026_03809,True,True,False,False,True,False,False,0.08,0.1087096421345447,0
CB_IN_2026_00270,True,False,True,False,False,True,True,0.45,0.41006476057931884,0
CB_IN_2026_04696,True,True,True,False,True,False,True,0.55,0.37427964710970035,0
CB_IN_2026_03146,True,True,False,False,True,True,False,0.88,0.8726817670259498,1
CB_IN_2026_02053,True,True,True,False,True,False,True,0.9,0.8454647206485495,1
CB_IN_2026_07765,True,False,True,False,True,True,True,0.45,0.3754161295088379,0
CB_IN_2026_04189,True,True,True,False,True,False,True,0.92,0.98,0
CB_IN_2026_08629,True,True,True,True,True,True,True,0.9,0.8724397862769254,0
CB_IN_2026_06411,True,False,True,False,True,True,True,0.92,0.98,1
CB_IN_2026_00989,True,True,True,False,True,False,True,0.92,0.9001682340685928,1
CB_IN_2026_09233,True,True,False,False,True,False,True,0.3,0.2775796545536647,0
CB_IN_2026_00490,True,False,True,False,True,True,True,0.55,0.4204691605525558,1
CB_IN_2026_00022,True,True,True,False,True,True,True,0.75,0.8526193015654441,0
CB_IN_2026_08866,True,True,False,False,False,True,False,0.08,0.2836876875059103,0
CB_IN_2026_05195,True,False,False,False,True,False,False,0.45,0.4717562988643462,1
CB_IN_2026_08417,True,False,True,False,True,False,True,0.9,0.98,1
CB_IN_2026_02406,True,False,False,False,True,True,False,0.08,0.03773148308290599,0
CB_IN_2026_07783,True,False,False,False,True,False,False,0.08,0.04649295092817791,0
CB_IN_2026_02213,True,True,True,False,True,False,True,0.9,0.9123435824644833,1
CB_IN_2026_02862,True,True,True,False,True,False,True,0.3,0.31189413170261004,0
CB_IN_2026_06076,True,False,False,False,True,False,False,0.08,0.03975814093277191,0
CB_IN_2026_02452,False,True,False,False,True,False,True,0.25,0.2416631483387082,0
CB_IN_2026_04576,True,True,True,False,True,False,True,0.9,0.8204331160588265,1
CB_IN_2026_06562,True,False,False,False,True,False,False,0.9,0.8061476346460108,1
CB_IN_2026_08269,True,True,False,False,True,False,True,0.92,0.9141554631803418,1
CB_IN_2026_07161,True,True,True,False,False,False,True,0.92,0.8720222467371295,0
CB_IN_2026_07084,True,True,True,False,True,True,True,0.92,0.8983673933249171,1
CB_IN_2026_08431,True,False,True,True,True,False,True,0.9,0.98,1
CB_IN_2026_08602,True,True,True,False,True,False,True,0.55,0.6776982284966541,1
CB_IN_2026_09429,True,False,True,False,True,False,True,0.92,0.9124090929770472,1
CB_IN_2026_09703,True,False,False,False,True,True,False,0.92,0.9291585294905199,1
CB_IN_2026_08003,True,True,False,False,True,True,False,0.9,0.825700275444112,1
CB_IN_2026_02758,True,True,True,False,True,False,True,0.55,0.4903728543230266,1
CB_IN_2026_05779,True,True,True,False,True,False,True,0.9,0.8899706015982789,0
CB_IN_2026_07975,True,False,True,False,True,True,True,0.03,0.02,0
CB_IN_2026_05966,True,True,True,False,True,True,True,0.92,0.9165162123719527,1
CB_IN_2026_04658,False,True,True,False,True,False,False,0.08,0.08913918666028711,0
CB_IN_2026_05177,True,True,True,True,True,True,True,0.85,0.8640420785350881,1
CB_IN_2026_08992,True,False,True,False,True,True,True,0.75,0.578212763783697,0
CB_IN_2026_09458,True,False,False,False,False,True,False,0.08,0.05131022415086281,0
CB_IN_2026_01132,True,False,True,False,True,False,True,0.45,0.39912492571293035,0
CB_IN_2026_02766,True,True,True,False,True,False,True,0.92,0.98,1
CB_IN_2026_01394,False,True,True,False,True,True,True,0.9,0.8364421418780384,1
CB_IN_2026_06001,True,False,False,False,True,True,False,0.08,0.0623772683576317,0
CB_IN_2026_08574,False,True,False,False,True,False,False,0.08,0.02,0
CB_IN_2026_00819,True,True,True,False,True,False,True,0.85,0.8913781999605803,0
CB_IN_2026_01107,True,True,True,False,True,False,True,0.3,0.2830780885119728,0
CB_IN_2026_00554,True,True,True,False,True,True,True,0.9,0.9033929382049115,1
CB_IN_2026_09612,True,True,True,False,True,True,True,0.55,0.5228213069624573,0
CB_IN_2026_01241,True,True,False,False,True,True,True,0.2,0.10104297705210863,0
CB_IN_2026_09127,True,True,False,False,True,False,False,0.85,0.6453343461609171,1
CB_IN_2026_04489,True,False,True,False,True,False,True,0.1,0.0885589086799109,0
CB_IN_2026_02975,False,False,True,False,True,False,True,0.9,0.902677406331615,1
CB_IN_2026_05191,True,True,False,False,True,False,False,0.08,0.02,0
CB_IN_2026_05776,True,True,False,False,True,False,False,0.18,0.23569215802583604,0
CB_IN_2026_00117,True,False,True,False,True,False,True,0.92,0.9291015875254628,1
CB_IN_2026_05015,True,True,True,False,True,False,True,0.9,0.913615896298527,1
CB_IN_2026_07457,True,True,True,False,False,True,True,0.85,0.8017163426418069,1
CB_IN_2026_05653,True,False,True,False,False,False,True,0.25,0.26407909081751013,0
CB_IN_2026_00501,True,True,True,False,True,True,True,0.25,0.25982919378957287,0
CB_IN_2026_09186,True,True,True,False,True,True,True,0.9,0.8748794975129162,0
CB_IN_2026_09461,True,False,True,False,True,False,True,0.9,0.7789833344488646,1
CB_IN_2026_02782,True,False,False,False,True,True,False,0.08,0.14197736156719173,0
CB_IN_2026_04816,True,True,True,False,False,False,True,0.85,0.8908163184950848,0
CB_IN_2026_08350,True,True,True,False,False,False,True,0.55,0.4896907019145172,0
CB_IN_2026_06320,False,False,True,False,False,False,True,0.75,0.7925465490689091,1
CB_IN_2026_03299,True,True,False,False,False,True,False,0.08,0.02,0
CB_IN_2026_05696,True,False,True,False,True,True,True,0.75,0.7441542950403358,0
CB_IN_2026_06974,True,True,False,False,False,False,False,0.08,0.08263999270910248,0
CB_IN_2026_06609,True,True,True,False,False,False,True,0.3,0.3669959640960959,0
CB_IN_2026_05916,True,False,True,False,False,False,True,0.55,0.5369143746618495,0
CB_IN_2026_07209,True,False,True,False,False,False,True,0.15,0.13176034459940206,0
CB_IN_2026_08569,True,False,True,False,False,False,True,0.3,0.324861323112715,0
CB_IN_2026_00050,True,True,True,False,True,False,True,0.9,0.98,1
CB_IN_2026_02729,True,True,True,False,True,False,True,0.85,0.9018431127091586,1
CB_IN_2026_07603,True,True,True,False,True,False,True,0.3,0.30271682133783534,0
CB_IN_2026_04197,True,True,False,False,True,False,False,0.9,0.8776452856013359,1
CB_IN_2026_02064,True,False,False,False,True,False,False,0.18,0.13440353620071993,0
CB_IN_2026_08007,False,True,True,True,True,True,True,0.88,0.8762889221711371,1
CB_IN_2026_07554,False,True,True,False,True,True,True,0.88,0.906169336567223,1
CB_IN_2026_03344,True,True,True,False,True,True,True,0.92,0.8938116747604268,1
CB_IN_2026_00773,False,True,False,False,True,False,False,0.08,0.1276551031771227,0
CB_IN_2026_04016,True,True,False,False,True,False,False,0.18,0.15522452379805723,1
CB_IN_2026_08841,True,True,True,False,True,True,True,0.88,0.8425612266034274,1
CB_IN_2026_07840,False,False,True,False,False,False,True,0.75,0.6787638517671981,0
CB_IN_2026_06781,True,True,True,False,True,False,True,0.85,0.8070088562243769,1
CB_IN_2026_00174,True,True,True,False,True,False,True,0.55,0.6484511013521105,1
CB_IN_2026_01274,True,True,False,False,False,False,False,0.08,0.05947252561768388,0
CB_IN_2026_04762,True,True,False,False,True,True,False,0.08,0.07600345517360987,0
CB_IN_2026_04764,False,True,False,False,True,False,False,0.18,0.14359988401070606,0
CB_IN_2026_06003,True,True,False,False,True,True,False,0.08,0.09221674372639023,0
CB_IN_2026_09215,True,False,False,False,True,True,True,0.25,0.24231704786751074,0
CB_IN_2026_07433,True,False,False,False,True,False,False,0.08,0.12737761234860856,1
CB_IN_2026_06015,False,True,True,False,True,True,False,0.92,0.8360602503504339,0
CB_IN_2026_06253,True,False,False,False,True,False,False,0.08,0.10693039517952027,0
CB_IN_2026_00234,True,False,True,False,True,False,True,0.9,0.7693492815495888,1
CB_IN_2026_09710,True,False,True,False,True,False,True,0.1,0.15360403423830854,0
CB_IN_2026_00974,True,False,True,False,False,True,True,0.1,0.02,0
CB_IN_2026_00123,False,False,True,False,True,True,True,0.9,0.8242981503351977,1
CB_IN_2026_02330,True,True,False,False,True,True,True,0.92,0.98,1
CB_IN_2026_09409,True,False,True,False,True,True,True,0.45,0.5120293079677662,1
CB_IN_2026_02994,True,False,False,False,True,False,True,0.45,0.4942672464210087,1
CB_IN_2026_04561,True,False,True,False,True,False,True,0.55,0.5259697487967245,0
CB_IN_2026_06354,True,False,True,False,False,False,True,0.3,0.2847886182957704,0
CB_IN_2026_02503,True,False,True,False,True,False,True,0.92,0.9621542371549425,1
CB_IN_2026_04389,True,True,True,False,False,True,True,0.85,0.7724337187754149,1
CB_IN_2026_07700,True,False,False,False,False,False,False,0.15,0.19946668171926968,0
CB_IN_2026_08938,True,True,False,False,True,True,False,0.08,0.1086820741745039,0
CB_IN_2026_02110,True,False,True,False,True,True,True,0.55,0.6699986722354305,1
CB_IN_2026_08928,True,True,True,False,True,False,True,0.55,0.5543220030783171,1
CB_IN_2026_05618,True,True,True,False,True,False,True,0.9,0.8572146642403126,0
CB_IN_2026_09045,True,True,False,False,True,False,False,0.08,0.02,0
CB_IN_2026_05566,True,True,True,False,False,False,True,0.3,0.3731391061564041,0
CB_IN_2026_03790,True,True,False,False,False,False,False,0.08,0.02,0
CB_IN_2026_05828,True,False,False,False,False,True,False,0.08,0.1501053127830488,0
CB_IN_2026_04496,True,True,True,False,True,True,True,0.9,0.8915419613888684,1
CB_IN_2026_04884,True,False,True,False,True,False,True,0.45,0.41817994128027364,1
CB_IN_2026_09935,True,True,False,False,True,False,False,0.08,0.0958314728912355,0
CB_IN_2026_01564,False,True,True,False,True,True,True,0.9,0.98,1
CB_IN_2026_05706,True,False,True,False,True,True,True,0.45,0.46350854418806964,1
CB_IN_2026_03320,True,True,True,False,False,False,True,0.92,0.98,1
CB_IN_2026_03053,False,True,True,False,True,False,True,0.3,0.28847133161927124,1
CB_IN_2026_00456,False,True,True,False,True,False,True,0.55,0.5566622845502454,0
CB_IN_2026_06371,True,True,True,False,False,False,False,0.1,0.02,0
CB_IN_2026_04515,True,False,True,False,True,False,True,0.55,0.6188914787587951,1
CB_IN_2026_05733,False,True,True,False,False,False,True,0.85,0.8577222031101317,1
CB_IN_2026_08143,True,False,False,False,True,False,True,0.45,0.4398514758848087,1
CB_IN_2026_04243,True,True,True,False,True,False,True,0.85,0.9312655054506256,1
CB_IN_2026_07821,True,False,False,False,True,True,False,0.08,0.031693029467882085,0
CB_IN_2026_00801,True,True,True,False,True,True,True,0.9,0.7992102088687337,1
CB_IN_2026_07823,True,False,True,False,True,False,True,0.1,0.10837061770141049,1
CB_IN_2026_07077,True,True,True,False,True,False,True,0.85,0.9264535938261025,1
CB_IN_2026_06473,True,False,False,False,False,False,True,0.45,0.4319732431971569,0
CB_IN_2026_09170,True,True,True,False,True,False,True,0.9,0.8873810096039667,1
CB_IN_2026_04711,True,True,True,False,True,False,False,0.08,0.02,0
CB_IN_2026_00583,True,True,True,False,True,False,True,0.3,0.21622928393357935,1
CB_IN_2026_07731,True,True,True,False,True,False,True,0.3,0.1901239325481246,0
CB_IN_2026_02605,True,True,True,False,True,True,True,0.85,0.9098335442346432,1
CB_IN_2026_03266,False,False,False,False,True,False,False,0.08,0.12756534570489225,0
CB_IN_2026_05952,True,False,True,False,False,True,True,0.1,0.11408255349287312,0
CB_IN_2026_08550,True,True,True,False,True,True,True,0.75,0.7418285942538008,1
CB_IN_2026_03550,True,False,False,False,True,False,False,0.45,0.4262231964009992,1
CB_IN_2026_00351,True,False,False,False,True,True,True,0.92,0.98,1
CB_IN_2026_09235,False,True,True,False,True,False,True,0.3,0.25705168313808563,1
CB_IN_2026_02522,True,True,True,False,True,True,True,0.92,0.8419792191153952,1
CB_IN_2026_05932,True,True,False,False,True,True,False,0.75,0.8458183423762047,1
CB_IN_2026_00734,True,False,True,False,True,True,True,0.45,0.38422640700561284,0
CB_IN_2026_04773,False,False,True,False,True,False,True,0.3,0.3736043988525972,0
CB_IN_2026_00088,True,True,True,False,True,False,True,0.9,0.98,1
CB_IN_2026_02631,True,False,False,False,True,True,False,0.08,0.02,0
CB_IN_2026_06627,True,True,True,False,True,False,True,0.9,0.7550273802238473,1
CB_IN_2026_05337,True,True,False,False,True,False,False,0.08,0.17675738977570257,0
CB_IN_2026_04013,True,False,True,False,True,False,True,0.9,0.9119142062821407,1
CB_IN_2026_00077,True,False,False,False,True,False,True,0.45,0.49999911582362006,0
CB_IN_2026_08977,True,False,True,False,False,False,True,0.1,0.26405178473887897,0
CB_IN_2026_02356,True,True,True,False,True,False,True,0.9,0.8474682156060391,1
CB_IN_2026_05632,True,False,True,False,True,True,True,0.9,0.7892688831166574,1
CB_IN_2026_06179,True,False,True,False,False,True,True,0.55,0.6986355496040317,0
CB_IN_2026_01624,True,True,True,False,True,True,True,0.55,0.5199434116362389,0
CB_IN_2026_06740,True,False,False,False,True,False,False,0.3,0.27000127741107666,0
CB_IN_2026_09402,False,True,False,False,True,True,False,0.92,0.8658724941996202,1
CB_IN_2026_07550,True,False,True,False,True,False,True,0.45,0.468996799151294,1
CB_IN_2026_02273,True,True,True,False,True,False,True,0.9,0.7664104463262149,0
CB_IN_2026_05240,True,True,True,False,True,True,True,0.9,0.98,1
CB_IN_2026_09030,True,True,True,False,True,False,True,0.18,0.09436000058268255,0
CB_IN_2026_03058,True,False,True,False,True,False,True,0.9,0.8963582457181215,1
CB_IN_2026_00188,True,False,False,False,True,False,False,0.08,0.028674972404021372,0
CB_IN_2026_02709,True,True,True,False,False,True,True,0.85,0.8471737081785148,0
CB_IN_2026_04159,True,False,True,False,False,False,True,0.55,0.47496910750199645,0
CB_IN_2026_07212,True,True,True,False,True,False,True,0.92,0.8641945477152521,1
CB_IN_2026_06497,True,True,True,False,False,True,True,0.25,0.1734149895034625,1
CB_IN_2026_03498,True,False,True,False,False,False,True,0.45,0.44791302401864264,0
CB_IN_2026_03508,True,False,False,False,True,True,True,0.45,0.5161926025830292,0
CB_IN_2026_05801,True,True,True,False,True,True,True,0.55,0.5397431231368974,1
CB_IN_2026_06368,True,False,True,False,True,False,True,0.45,0.500558653687897,0
CB_IN_2026_07863,False,False,True,False,False,False,True,0.55,0.5697896774287952,1
CB_IN_2026_03454,True,True,True,False,True,False,False,0.85,0.8934808403114616,1
CB_IN_2026_06513,True,False,True,False,False,True,True,0.92,0.8425923662665303,1
CB_IN_2026_02626,True,True,True,False,True,False,True,0.85,0.7775769244715426,1
CB_IN_2026_01757,False,True,True,False,False,True,True,0.15,0.13398201132616863,0
CB_IN_2026_07450,True,False,True,False,True,False,True,0.9,0.837777345135903,1
CB_IN_2026_08349,True,False,False,False,True,False,False,0.08,0.10457067468981263,0
CB_IN_2026_06967,True,False,True,False,False,True,True,0.55,0.5442313765473201,1
CB_IN_2026_03630,False,False,True,False,True,True,False,0.08,0.08073871138104097,0
CB_IN_2026_09971,True,True,False,False,False,False,True,0.15,0.14744930147788976,1
CB_IN_2026_04840,True,True,False,False,True,True,False,0.03,0.02,0
CB_IN_2026_01952,True,False,True,False,True,False,False,0.08,0.05951557063664625,0
CB_IN_2026_06166,True,True,True,False,False,True,True,0.85,0.8146139250238787,0
CB_IN_2026_07002,True,False,True,False,True,False,True,0.75,0.6080690235034335,1
CB_IN_2026_06032,True,True,True,False,False,True,True,0.75,0.8247558573395359,1
CB_IN_2026_05025,True,False,True,False,True,False,True,0.2,0.24079957714992176,0
CB_IN_2026_02434,True,True,False,False,True,True,True,0.25,0.32145542000317573,0
CB_IN_2026_08042,True,True,True,False,True,True,True,0.85,0.7774358796579508,0
CB_IN_2026_09618,True,True,True,True,True,True,True,0.9,0.9537661592329036,1
CB_IN_2026_00839,True,True,False,False,True,False,False,0.85,0.8552119610420021,1
CB_IN_2026_05161,True,True,True,False,False,False,True,0.3,0.309575211341358,0
CB_IN_2026_08748,True,True,False,False,True,False,False,0.08,0.10785521464594221,0
CB_IN_2026_02492,False,True,True,False,True,False,True,0.85,0.9266931179849701,1
CB_IN_2026_08563,True,True,False,False,True,True,True,0.85,0.8741239998692363,1
CB_IN_2026_04717,True,False,True,False,True,False,True,0.2,0.22570955935225118,0
CB_IN_2026_03633,True,True,True,False,True,False,True,0.92,0.7842335877361011,1
CB_IN_2026_02998,False,True,True,False,True,False,True,0.85,0.9199477226165002,1
CB_IN_2026_04992,True,True,False,False,False,False,False,0.08,0.08458400377080912,1
CB_IN_2026_05865,False,True,False,False,True,True,False,0.08,0.02,0
CB_IN_2026_08567,True,True,False,False,False,False,True,0.1,0.06180721022941919,0
CB_IN_2026_02897,True,True,False,False,True,False,True,0.75,0.8209413538474485,1
CB_IN_2026_01747,True,True,True,False,True,False,True,0.25,0.29704889373353677,0
CB_IN_2026_05393,True,False,True,False,True,True,True,0.9,0.98,1
CB_IN_2026_09970,True,False,True,False,False,False,True,0.45,0.4589450621132194,1
CB_IN_2026_08776,False,False,True,False,False,True,True,0.55,0.6985472184534154,1
CB_IN_2026_08019,True,True,True,False,True,False,True,0.25,0.27927164407686683,0
CB_IN_2026_07040,True,True,True,False,False,True,True,0.92,0.9493992691892426,1
CB_IN_2026_06957,True,True,True,False,False,False,True,0.55,0.5622542701709595,1
CB_IN_2026_07397,True,True,True,False,False,True,True,0.92,0.9634590680826647,1
CB_IN_2026_09280,True,False,True,False,True,False,True,0.45,0.4642205949889107,0
CB_IN_2026_08580,True,False,True,False,True,True,True,0.45,0.4517692057269235,1
CB_IN_2026_00006,True,True,True,False,True,True,True,0.55,0.5000471820838152,0
CB_IN_2026_09800,True,True,True,False,True,False,True,0.18,0.08968500833150851,0
CB_IN_2026_09901,False,False,False,False,True,True,True,0.25,0.28746175641913163,1
CB_IN_2026_01140,True,False,True,False,False,False,True,0.1,0.15605375971501972,0
CB_IN_2026_09524,True,True,True,False,True,False,True,0.9,0.9239262038044522,1
CB_IN_2026_02334,False,True,True,False,True,False,True,0.85,0.820268457945857,1
CB_IN_2026_02051,True,True,True,False,True,False,True,0.85,0.8927521409890816,1
CB_IN_2026_09735,True,True,True,False,True,True,True,0.92,0.9055566156266168,1
CB_IN_2026_04567,True,False,False,False,True,False,True,0.75,0.7343076537374561,1
CB_IN_2026_03180,True,True,True,False,True,True,False,0.08,0.15800029422171052,0
CB_IN_2026_09369,True,True,True,False,False,True,True,0.85,0.7685209435183169,0
CB_IN_2026_02713,True,True,True,False,True,True,True,0.92,0.8620331881538363,1
CB_IN_2026_08181,True,True,False,False,True,False,False,0.08,0.02,0
CB_IN_2026_04901,True,True,True,False,False,False,True,0.55,0.5044805014070675,1
CB_IN_2026_04693,False,True,True,False,True,False,True,0.05,0.16503271035035477,0
CB_IN_2026_07328,True,True,True,False,True,False,True,0.9,0.9677422084255222,1
CB_IN_2026_04506,True,True,True,False,True,False,True,0.75,0.5473613370306805,1
CB_IN_2026_08001,True,True,True,False,False,False,True,0.85,0.8877399170181336,1
CB_IN_2026_08570,True,False,False,False,True,True,False,0.08,0.02,0
CB_IN_2026_08210,True,True,True,False,True,False,True,0.85,0.8520753592877689,1
CB_IN_2026_06235,False,False,False,False,True,True,False,0.92,0.8657872866094448,0
CB_IN_2026_04030,True,True,True,False,True,False,True,0.85,0.9324069368624233,1
CB_IN_2026_08092,False,True,False,False,True,False,False,0.08,0.11841496067154035,0
CB_IN_2026_06581,True,True,True,False,False,True,True,0.92,0.7937866499855726,0
CB_IN_2026_08754,True,True,True,False,True,False,True,0.9,0.9005400017340139,1
CB_IN_2026_00243,False,False,True,False,True,False,True,0.45,0.3690684084942086,1
CB_IN_2026_02038,True,True,True,False,True,False,True,0.3,0.24381457193337724,0
CB_IN_2026_07728,True,False,False,False,True,True,True,0.92,0.9448888186920268,1
CB_IN_2026_09180,False,False,True,False,True,False,True,0.9,0.9732105739423983,1
CB_IN_2026_09814,True,True,False,False,True,False,True,0.3,0.2833323371973337,1
CB_IN_2026_00431,True,False,True,False,True,False,True,0.55,0.5691979033191216,0
CB_IN_2026_04878,True,False,True,False,True,True,True,0.92,0.9284093175989019,1
CB_IN_2026_07042,True,True,False,False,True,False,False,0.08,0.02,0
CB_IN_2026_01460,True,True,True,False,False,True,True,0.55,0.49726127382447366,0
CB_IN_2026_01190,True,True,True,False,True,False,True,0.92,0.8570111018716653,1
CB_IN_2026_04001,True,True,False,False,True,False,False,0.08,0.06647323613184664,0
CB_IN_2026_09142,True,True,True,False,True,False,True,0.92,0.9515621206132321,1
CB_IN_2026_03510,True,False,True,False,False,False,True,0.3,0.2397337658100797,0
CB_IN_2026_03574,False,True,True,False,False,False,True,0.3,0.17585134265845498,0
CB_IN_2026_04956,True,True,True,False,True,True,True,0.2,0.18447235962935316,0
CB_IN_2026_01739,True,False,True,False,True,True,True,0.45,0.4858469223284707,1
CB_IN_2026_00001,True,False,True,False,True,False,True,0.45,0.5394878172266516,1
CB_IN_2026_03764,True,True,True,False,False,True,True,0.15,0.17774193029794555,0
CB_IN_2026_07283,True,True,True,False,True,True,True,0.9,0.9366692810077134,1
CB_IN_2026_03471,True,False,False,False,True,False,True,0.3,0.3173242011353164,0
CB_IN_2026_02727,True,True,True,False,True,False,True,0.9,0.9201879020688342,1
CB_IN_2026_04826,True,False,True,False,True,False,True,0.3,0.25043938875975946,0
CB_IN_2026_00655,True,True,True,False,True,True,True,0.88,0.9171378538102156,1
CB_IN_2026_05604,True,True,False,False,True,True,False,0.08,0.026867790952844563,0
CB_IN_2026_04866,True,True,True,False,True,True,True,0.92,0.939445891532123,1
CB_IN_2026_01447,True,True,True,False,False,False,True,0.85,0.7793826280569988,1
CB_IN_2026_01320,False,True,False,False,True,False,True,0.05,0.11560762267813401,1
CB_IN_2026_07093,False,True,True,False,False,True,True,0.85,0.9058868461042746,1
CB_IN_2026_02302,True,False,False,False,False,False,True,0.45,0.32585088406088075,0
CB_IN_2026_05218,True,False,False,False,True,False,False,0.08,0.05164382359935095,0
CB_IN_2026_01921,True,False,False,False,True,False,True,0.25,0.20653508434037599,0
CB_IN_2026_04376,True,True,True,False,True,False,True,0.9,0.8747818680109538,1
CB_IN_2026_00406,True,True,False,False,True,False,False,0.08,0.09121518760782853,0
CB_IN_2026_09309,True,True,True,False,True,True,True,0.92,0.9346837586287204,1
CB_IN_2026_04454,True,True,False,False,True,False,True,0.85,0.7653979515446229,0
CB_IN_2026_04236,True,True,True,False,True,False,True,0.18,0.3337335591233215,0
CB_IN_2026_06569,False,False,True,False,False,False,True,0.45,0.49116579930821447,0
CB_IN_2026_06797,True,False,True,False,True,False,True,0.55,0.6530924585270582,0
CB_IN_2026_04337,True,True,True,False,True,True,True,0.9,0.8392563744348868,0
CB_IN_2026_01094,True,False,True,False,True,False,True,0.45,0.5290459655156465,0
CB_IN_2026_07152,True,True,True,False,True,False,True,0.9,0.9406871262862376,1
CB_IN_2026_09835,True,True,True,False,True,False,True,0.55,0.5555722279304135,1
CB_IN_2026_06277,True,False,True,False,False,False,True,0.3,0.3206007827277928,0
CB_IN_2026_04361,True,False,True,False,True,False,True,0.9,0.98,1
CB_IN_2026_04385,True,True,True,False,True,True,True,0.9,0.7691586474820086,1
CB_IN_2026_09951,False,True,True,False,False,False,True,0.18,0.21802129549298782,0
CB_IN_2026_00284,True,True,False,False,True,False,False,0.08,0.02,0
CB_IN_2026_05938,False,True,False,False,True,True,False,0.08,0.11689331015724869,0
CB_IN_2026_00043,True,True,True,False,False,True,True,0.92,0.9220426550722599,1
CB_IN_2026_09131,True,False,True,False,True,False,True,0.92,0.9077816309686499,1
CB_IN_2026_02889,True,True,True,False,True,True,True,0.9,0.9740840002373962,1
CB_IN_2026_05269,True,False,False,False,True,False,False,0.08,0.0533801763688089,0
CB_IN_2026_01173,True,True,True,False,True,False,True,0.92,0.9111939235675964,1
CB_IN_2026_09675,True,False,True,False,True,False,True,0.45,0.5448501158067054,1
CB_IN_2026_05749,True,False,False,False,True,False,False,0.08,0.11556425402277976,0
CB_IN_2026_06402,False,False,True,False,True,False,True,0.45,0.5011085885809772,1
CB_IN_2026_01144,True,True,False,False,True,False,False,0.08,0.02,0
CB_IN_2026_00898,True,True,True,False,True,False,True,0.55,0.47623389464472443,0
CB_IN_2026_07567,True,False,True,False,False,False,True,0.75,0.6318101021015313,0
CB_IN_2026_00191,True,True,True,False,True,False,True,0.85,0.9445880745933612,1
CB_IN_2026_07585,True,True,False,False,True,False,False,0.08,0.06070786713259895,0
CB_IN_2026_09462,False,True,True,False,True,False,True,0.9,0.98,1
CB_IN_2026_08920,True,False,True,False,True,False,True,0.45,0.3342243472127441,0
CB_IN_2026_05808,True,True,True,False,True,False,True,0.75,0.7839640704092868,1
CB_IN_2026_00451,True,True,True,False,True,True,True,0.88,0.98,1
CB_IN_2026_03982,True,True,False,False,True,False,True,0.25,0.26019083478854144,0
CB_IN_2026_03884,True,False,True,False,True,False,True,0.55,0.531684650851935,1
CB_IN_2026_08497,True,True,False,False,True,True,False,0.08,0.09816076844533539,0
CB_IN_2026_05225,True,True,False,False,True,False,False,0.08,0.02,0
CB_IN_2026_00756,True,True,True,False,False,True,True,0.55,0.5789663585950392,1
CB_IN_2026_06777,True,False,True,False,True,False,True,0.2,0.3640154196001172,1
CB_IN_2026_00267,True,True,True,False,False,False,True,0.85,0.727903241344451,1
CB_IN_2026_01566,False,True,False,False,True,False,False,0.08,0.2454932804193808,0
CB_IN_2026_03654,True,True,True,False,True,False,True,0.3,0.39222734231848955,1
CB_IN_2026_07174,True,False,False,False,True,False,False,0.08,0.16419936920866082,1
CB_IN_2026_01748,True,True,False,False,False,True,False,0.08,0.20069736077661898,0
CB_IN_2026_03919,True,True,True,False,True,True,True,0.85,0.7395352779340826,1
CB_IN_2026_09838,True,False,False,False,True,True,False,0.08,0.02,0
CB_IN_2026_08862,True,False,False,False,False,False,False,0.08,0.03532971912116221,0
CB_IN_2026_03965,True,True,True,False,False,False,True,0.1,0.10732092091913294,0
CB_IN_2026_08668,False,False,True,False,True,False,True,0.9,0.8902140572208782,1
CB_IN_2026_00778,True,True,True,False,True,True,True,0.9,0.8982922119154674,1
CB_IN_2026_06597,True,True,True,True,True,False,True,0.92,0.98,1
CB_IN_2026_00026,True,False,True,False,True,False,True,0.18,0.04056433491433192,0
CB_IN_2026_06570,True,False,True,False,True,False,True,0.45,0.41655180825123167,1
CB_IN_2026_07917,True,True,True,False,True,True,True,0.9,0.8948539134581395,1
CB_IN_2026_08288,True,True,True,False,False,False,True,0.15,0.21636941386416475,0
CB_IN_2026_05724,False,True,True,False,True,True,True,0.88,0.7539687130992259,1
CB_IN_2026_08609,True,True,False,False,True,True,False,0.92,0.8232232227095915,0
CB_IN_2026_01758,True,True,True,False,True,False,True,0.75,0.626481191023915,0
CB_IN_2026_02654,True,False,True,False,True,True,True,0.45,0.4759610303363458,1
CB_IN_2026_09616,True,True,True,False,True,False,True,0.92,0.9270173281010556,0
CB_IN_2026_00461,True,True,True,False,False,True,True,0.92,0.977189025977118,1
CB_IN_2026_07199,True,False,True,False,True,False,True,0.9,0.888185914574295,1
CB_IN_2026_02895,True,True,False,False,True,True,False,0.08,0.02,0
CB_IN_2026_09089,True,False,False,False,True,True,False,0.9,0.8278137727385392,1
CB_IN_2026_02497,True,True,True,False,True,False,True,0.3,0.22684149732661105,1
CB_IN_2026_06377,True,False,True,False,True,False,True,0.3,0.2667258532548652,0
CB_IN_2026_07153,True,False,True,False,True,False,True,0.92,0.98,1
CB_IN_2026_04536,True,True,True,False,False,False,True,0.92,0.9733878021671777,1
CB_IN_2026_07954,False,True,True,False,True,False,True,0.75,0.7535558099105153,1
CB_IN_2026_02458,True,False,True,False,True,False,True,0.45,0.581275155050731,0
CB_IN_2026_09358,True,True,True,False,True,True,True,0.85,0.8942238218478042,1
CB_IN_2026_01550,True,False,False,False,False,True,False,0.08,0.1338946204809947,0
CB_IN_2026_09171,True,True,True,False,True,False,True,0.75,0.799386651134023,1
CB_IN_2026_06833,True,False,True,False,True,False,True,0.9,0.98,1
CB_IN_2026_03554,True,True,True,False,True,True,True,0.9,0.8594039578079844,1
CB_IN_2026_02973,True,True,True,False,True,True,True,0.85,0.8922164903332322,1
CB_IN_2026_02611,True,True,True,False,False,False,True,0.55,0.540733912019641,1
CB_IN_2026_07934,True,True,True,False,False,False,True,0.15,0.06805835294226824,0
CB_IN_2026_00732,True,True,True,False,True,False,True,0.9,0.9711929224998557,1
CB_IN_2026_05273,True,False,True,False,True,False,True,0.9,0.9594493146285814,1
CB_IN_2026_00780,True,False,False,False,True,False,True,0.18,0.1474819925485848,0
CB_IN_2026_05045,True,True,True,False,False,True,True,0.92,0.8732180479819414,1
CB_IN_2026_03796,True,True,True,True,True,True,True,0.9,0.8904140849741748,1
CB_IN_2026_06864,True,False,True,False,True,False,True,0.45,0.34623976235345777,1
CB_IN_2026_04106,True,False,False,False,True,False,True,0.3,0.34913447705373346,0
CB_IN_2026_08758,True,True,True,False,True,True,True,0.92,0.7993485439285386,1
CB_IN_2026_05915,True,False,True,False,True,True,True,0.45,0.38624070385843134,0
CB_IN_2026_06600,False,True,False,False,True,False,True,0.85,0.863010684010387,1
CB_IN_2026_05303,True,True,True,False,True,True,True,0.85,0.892241524126834,1
CB_IN_2026_09840,True,True,True,False,True,False,True,0.9,0.9420235054964587,1
CB_IN_2026_08433,True,True,True,False,True,True,True,0.9,0.8204241482725139,1
CB_IN_2026_03520,True,False,True,False,True,True,True,0.45,0.354662104198218,1
CB_IN_2026_00058,True,False,False,False,True,False,True,0.3,0.2579005921290788,0
CB_IN_2026_06039,True,False,False,False,False,False,True,0.45,0.3897499119731353,0
CB_IN_2026_08888,True,False,True,False,True,True,True,0.88,0.8324431436457194,1
CB_IN_2026_08622,True,False,True,False,True,False,True,0.45,0.4642956131605243,0
CB_IN_2026_09671,True,True,True,False,False,False,True,0.92,0.9665964613329942,1
CB_IN_2026_02812,True,False,True,False,True,False,True,0.45,0.5202175225728037,0
CB_IN_2026_08319,True,True,False,False,True,False,False,0.08,0.1069841044452402,0
CB_IN_2026_07104,True,False,False,False,False,False,False,0.08,0.11844148640084731,0
CB_IN_2026_03727,True,False,True,False,True,True,True,0.9,0.8907567237353942,1
CB_IN_2026_00335,True,False,True,False,True,True,True,0.9,0.8720941779973908,1
CB_IN_2026_04114,True,False,True,False,True,False,True,0.45,0.5216458902364048,1
CB_IN_2026_07764,True,True,False,False,True,True,True,0.25,0.3291391939441297,1
CB_IN_2026_00081,True,True,True,False,True,True,True,0.92,0.7873196115549592,1
CB_IN_2026_03268,True,False,True,False,True,False,True,0.18,0.21657679665788418,0
CB_IN_2026_07333,True,True,True,False,False,False,True,0.75,0.8354205393469182,0
CB_IN_2026_04516,True,False,True,False,True,False,True,0.3,0.3201066599700997,1
CB_IN_2026_03971,False,True,True,False,False,False,True,0.3,0.3411388739841732,1
CB_IN_2026_03761,True,True,True,False,True,False,True,0.3,0.3716391575744285,0
CB_IN_2026_06267,False,True,True,False,False,True,True,0.92,0.98,1
CB_IN_2026_05247,False,False,True,False,True,False,True,0.55,0.5381578725922426,1
CB_IN_2026_02945,True,True,True,False,True,False,True,0.85,0.8691337112049029,1
CB_IN_2026_04495,False,True,True,False,True,False,True,0.85,0.8182946594830555,1
CB_IN_2026_07083,True,True,False,True,True,True,False,0.75,0.8741270880329004,1
CB_IN_2026_09796,True,False,True,False,True,False,True,0.9,0.8567444696536263,0
CB_IN_2026_00798,False,False,True,False,True,False,True,0.9,0.8122425605584264,1
CB_IN_2026_03555,True,True,True,False,True,False,True,0.85,0.9266408497555948,1
CB_IN_2026_03360,True,True,True,False,True,False,True,0.55,0.5567500498129686,0
CB_IN_2026_08606,True,True,True,False,True,True,True,0.9,0.8496082423348744,1
CB_IN_2026_05606,True,True,True,False,False,False,True,0.15,0.18666234490016365,0
CB_IN_2026_01318,True,True,True,False,True,False,True,0.85,0.8611086509935149,1
CB_IN_2026_08354,True,False,True,False,True,False,False,0.08,0.14642513517126643,0
CB_IN_2026_05718,True,True,True,False,True,False,True,0.85,0.8842156883121016,1
CB_IN_2026_07119,True,True,False,False,True,False,False,0.08,0.10120691856221278,0
CB_IN_2026_07763,True,False,True,False,True,False,True,0.3,0.2822890467708491,0
CB_IN_2026_00420,True,True,False,False,True,True,False,0.08,0.07323498444447113,0
CB_IN_2026_08989,True,True,False,False,False,False,False,0.08,0.17731936305357088,0
CB_IN_2026_05433,True,True,False,False,True,False,True,0.9,0.8733468500515256,1
CB_IN_2026_06125,True,False,True,False,True,False,True,0.3,0.4557490500811686,1
CB_IN_2026_04099,True,True,False,False,True,False,False,0.75,0.7213904808113099,1
CB_IN_2026_01111,True,True,True,False,True,False,True,0.55,0.6090038876699366,1
CB_IN_2026_00707,True,False,False,False,False,False,True,0.3,0.37691880721776944,0
CB_IN_2026_05069,True,False,False,False,True,False,True,0.18,0.2571898958447342,1
CB_IN_2026_08360,True,True,False,False,True,False,False,0.08,0.06311877818222883,0
CB_IN_2026_02265,False,True,True,False,True,False,True,0.85,0.8127078775610781,0
CB_IN_2026_03944,True,True,True,False,False,False,True,0.55,0.46218507579093027,1
CB_IN_2026_03043,True,True,True,False,False,True,True,0.15,0.06149240852757494,0
CB_IN_2026_07045,True,True,True,False,True,False,True,0.3,0.4844495464086916,1
CB_IN_2026_01905,True,False,True,False,True,False,True,0.9,0.9461455090901831,1
CB_IN_2026_09929,True,True,True,False,True,False,True,0.18,0.1765612535247685,0
CB_IN_2026_00046,True,False,True,False,True,True,True,0.55,0.3911223612225948,0
CB_IN_2026_00975,True,False,False,False,False,False,False,0.45,0.41559527282428055,0
CB_IN_2026_00477,True,False,False,False,True,False,True,0.25,0.28182923250240094,0
CB_IN_2026_02052,True,True,True,False,True,False,True,0.92,0.8862009338776178,0
CB_IN_2026_04087,True,True,True,False,True,True,True,0.85,0.8840690953713354,1
CB_IN_2026_08747,True,True,True,False,True,True,True,0.85,0.8381535443264938,0
CB_IN_2026_06838,True,True,True,False,False,False,True,0.55,0.642751335283869,1
CB_IN_2026_03045,True,False,True,False,True,False,True,0.92,0.9299126957582423,1
CB_IN_2026_01109,True,True,False,False,True,True,True,0.92,0.9537051027422973,1
CB_IN_2026_05413,True,True,True,False,True,True,True,0.85,0.8026563340600973,0
CB_IN_2026_05689,True,False,True,True,True,True,True,0.75,0.871459098597449,1
CB_IN_2026_00400,True,True,False,False,False,True,False,0.08,0.06352072098624827,0
CB_IN_2026_03534,False,True,True,False,False,False,True,0.85,0.8680466812270559,1
CB_IN_2026_01280,True,False,False,False,True,False,False,0.08,0.02,0
CB_IN_2026_09328,True,True,False,False,True,False,True,0.25,0.2808433352287507,0
CB_IN_2026_06498,True,False,True,False,False,True,True,0.45,0.4305938746319174,1
CB_IN_2026_02480,True,True,True,False,True,True,True,0.9,0.98,1
CB_IN_2026_03999,False,False,True,False,True,True,True,0.9,0.9267897158181629,1
CB_IN_2026_06687,True,False,True,False,True,False,True,0.3,0.2019448171621014,1
CB_IN_2026_04480,False,False,True,False,True,True,True,0.55,0.5832378289970229,0
CB_IN_2026_08206,True,True,True,False,True,False,True,0.3,0.23753914268384108,0
CB_IN_2026_05074,False,False,True,False,True,False,True,0.18,0.2190185949861606,1
CB_IN_2026_01601,True,True,True,False,True,True,True,0.9,0.9709107643164907,1
CB_IN_2026_00099,True,True,True,False,True,False,True,0.25,0.2836925189484734,0
CB_IN_2026_04909,True,False,True,False,True,True,False,0.08,0.08070305755794163,0
CB_IN_2026_09909,True,True,False,False,True,False,False,0.9,0.9445969017362081,1
CB_IN_2026_03378,True,True,True,False,False,True,True,0.92,0.98,1
CB_IN_2026_07107,True,True,True,False,False,False,True,0.18,0.1998727103872709,0
CB_IN_2026_09976,False,True,False,False,True,False,False,0.08,0.09535053868037284,0
CB_IN_2026_01046,True,True,True,False,True,True,True,0.55,0.4593387680565655,0
CB_IN_2026_05794,True,False,True,False,True,True,False,0.08,0.02,0
CB_IN_2026_03455,True,True,False,False,True,True,False,0.9,0.8084243248924732,0
CB_IN_2026_05802,False,True,False,False,False,False,True,0.3,0.28874191615494227,0
CB_IN_2026_01221,True,True,True,False,True,False,True,0.85,0.7472143554542052,1
CB_IN_2026_04097,True,True,True,False,True,False,True,0.9,0.8308300396116856,1
CB_IN_2026_06559,True,True,True,False,True,False,True,0.92,0.8802461916786266,1
CB_IN_2026_02846,True,True,True,False,True,True,True,0.88,0.8958541682836604,1
CB_IN_2026_05493,True,True,True,False,True,False,False,0.85,0.8329677330665527,1
CB_IN_2026_03439,True,True,True,False,True,True,True,0.85,0.8654882583886145,1
CB_IN_2026_02554,False,True,True,False,True,False,True,0.05,0.02,0
CB_IN_2026_00911,True,True,True,False,True,False,True,0.92,0.8427978607655588,1
CB_IN_2026_08904,True,False,False,False,True,False,True,0.25,0.3546268911539226,0
CB_IN_2026_05287,True,True,True,False,True,True,True,0.75,0.6219538279938994,0
CB_IN_2026_09216,True,True,True,False,True,False,True,0.75,0.7538409756922886,1
CB_IN_2026_09610,True,True,False,False,True,False,False,0.08,0.07607066693448294,0
CB_IN_2026_09059,True,True,False,False,False,False,False,0.18,0.09137687527401972,1
CB_IN_2026_04075,True,False,True,False,True,True,True,0.92,0.8933166000331322,1
CB_IN_2026_07070,True,True,True,True,False,True,True,0.85,0.8823965689210667,1
CB_IN_2026_05590,True,False,True,False,True,True,True,0.92,0.9093373791592951,1
CB_IN_2026_01634,True,False,True,False,True,True,True,0.45,0.39033274538401336,0
CB_IN_2026_08438,True,True,False,False,False,True,False,0.85,0.7299634644902544,0
CB_IN_2026_04044,True,True,False,False,False,False,False,0.08,0.1642807780002021,0
CB_IN_2026_06257,True,False,False,False,False,True,False,0.08,0.02,0
CB_IN_2026_03102,True,False,False,False,True,True,False,0.08,0.02,0
CB_IN_2026_09355,True,True,True,False,False,True,True,0.15,0.2033829676036451,0
CB_IN_2026_08214,False,True,False,True,True,False,False,0.05,0.26866811089366816,0
CB_IN_2026_02003,True,True,True,False,True,False,True,0.9,0.8747583677369388,1
CB_IN_2026_01666,True,False,True,False,False,False,True,0.3,0.3071290922005199,0
CB_IN_2026_02336,True,False,False,False,True,False,False,0.08,0.21725226437829043,1
CB_IN_2026_09760,True,False,True,False,True,False,True,0.9,0.98,1
CB_IN_2026_03877,True,True,False,False,True,False,True,0.85,0.7216484988158585,1
CB_IN_2026_06953,True,True,True,False,True,False,True,0.9,0.8921578927765252,0
CB_IN_2026_00024,True,True,True,False,True,False,True,0.9,0.8289867113131406,0
CB_IN_2026_05547,True,True,False,False,True,False,False,0.08,0.02,0
CB_IN_2026_07344,True,True,False,False,True,False,True,0.85,0.9508614091483119,1
CB_IN_2026_00587,True,True,True,False,True,True,True,0.75,0.7872752902294013,1
CB_IN_2026_05942,True,False,True,False,True,False,True,0.3,0.3553966111417793,1
CB_IN_2026_09492,True,True,True,False,True,False,True,0.9,0.9209131959896734,1
CB_IN_2026_05617,True,False,True,False,True,False,True,0.9,0.9521548075795939,1
CB_IN_2026_09277,False,True,True,False,True,True,True,0.92,0.8982661370691705,1
CB_IN_2026_08957,True,True,True,False,True,True,True,0.9,0.9169857618577798,1
CB_IN_2026_07068,True,True,True,False,False,True,True,0.1,0.12387444572257446,0
CB_IN_2026_06563,True,False,False,False,False,False,True,0.3,0.21303450058285234,0
CB_IN_2026_07993,True,True,False,False,True,False,True,0.3,0.4385293022420399,0
CB_IN_2026_09932,True,False,True,False,False,False,False,0.08,0.14345185851215053,0
CB_IN_2026_04815,False,True,False,False,True,True,False,0.85,0.7899537129750199,1
CB_IN_2026_04533,True,False,True,False,True,True,True,0.92,0.8512494732455654,1
CB_IN_2026_04393,True,True,True,False,True,False,True,0.92,0.8727065766127451,0
CB_IN_2026_00181,True,True,False,False,True,False,False,0.85,0.892355411570875,0
CB_IN_2026_03538,True,True,True,False,False,False,True,0.15,0.13138029436204993,0
CB_IN_2026_00987,True,True,False,False,True,True,True,0.25,0.3236604823153041,1
CB_IN_2026_00917,True,False,True,False,True,False,True,0.3,0.397209451984784,1
CB_IN_2026_07899,True,True,True,False,False,True,True,0.85,0.9484100404106578,1
CB_IN_2026_01684,False,True,True,False,False,True,True,0.88,0.9294430429469567,1
CB_IN_2026_00474,True,False,False,False,True,False,False,0.9,0.79501086407137,1
